2000 0 1 0           
10 SpaceClaim 12 ACIS 31.0 NT 24 Wed Feb 11 20:55:11 2026 
1000 1e-08 1e-10 
-0 body $1 233431 -1 $-1 $2 $-1 $-1 F #
-1 integer_attrib-name_attrib-gen-attrib $-1 -1 $3 $-1 $0 2 1 1 1 1 1 1 1 1 1 1 1 1 1 0 1 1 1 @17 ATTRIB_XACIS_SHOW 1 #
-2 lump $-1 -1 -1 $-1 $-1 $4 $0 T 0.63599999999999968 -1.0099999999999996 -1.0100000000000002 1.5385000000000015 1.236893267138826e-16 1.0099999999999998 #
-3 string_attrib-name_attrib-gen-attrib $-1 -1 $5 $1 $0 2 1 1 1 1 1 1 1 1 1 1 1 1 1 0 1 1 1 @17 ATTRIB_XACIS_NAME @24 cangduan.youquexian.s 11 #
-4 shell $-1 -1 -1 $-1 $-1 $-1 $6 $-1 $2 T 0.63599999999999968 -1.0099999999999996 -1.0100000000000002 1.5385000000000015 1.236893267138826e-16 1.0099999999999998 #
-5 rgb_color-st-attrib $-1 -1 $7 $3 $0 2 1 2 1 1 1 1 1 1 1 1 1 1 1 0 1 1 1 0.5607843137254902 0.68627450980392157 0.5607843137254902 #
-6 face $8 233432 -1 $-1 $9 $10 $4 $-1 $11 forward single T 0.63599999999999968 0 -1.0100000000000002 1.5385 1.236893267138826e-16 -0.89000000000000001 F #
-7 render-rbase-attrib $-1 -1 $-1 $5 $0 1 1 1 1 1 1 1 1 1 1 1 1 0 1 0 1 1 1 $12 $-1 0 0 #
-8 string_attrib-name_attrib-gen-attrib $-1 -1 $-1 $-1 $6 2 1 1 1 1 1 1 1 1 1 1 1 1 1 0 1 1 1 @17 ATTRIB_XACIS_NAME @5 2:264 #
-9 face $13 233433 -1 $-1 $14 $15 $4 $-1 $11 forward single T 0.63599999999999968 0 0.8899999999999999 1.5385000000000015 0 1.0099999999999998 F #
-10 loop $-1 -1 -1 $-1 $-1 $16 $6 T 0.63599999999999968 0 -1.0100000000000002 1.5385 1.236893267138826e-16 -0.89000000000000001 unknown #
-11 plane-surface $-1 -1 -1 $-1 0 0 0 0 1 0 0 0 1 forward_v I I I I #
-12 rh_material-rh_entity $-1 -1 4 4 @5 plain @5 color -4 1 1 1 @5 phong @14 ambient factor -2 1 @14 diffuse factor -2 0.75 @15 specular factor -2 0.5 @8 exponent -2 10 @14 specular color -4 1 1 1 @4 none @5 plain @5 color -4 0 0 0 #
-13 string_attrib-name_attrib-gen-attrib $-1 -1 $-1 $-1 $9 2 1 1 1 1 1 1 1 1 1 1 1 1 1 0 1 1 1 @17 ATTRIB_XACIS_NAME @5 2:261 #
-14 face $17 233434 -1 $-1 $18 $19 $4 $-1 $20 forward single T 0.63599999999999968 -0.99999999999999967 -0.61608978008590987 0.73350000000000026 -0.78767593772673705 0.61608978008590976 T 0.027999999999999591 0.12550000000000022 0.90702756901473958 2.2345650845750535 #
-15 loop $-1 -1 -1 $-1 $-1 $21 $9 T 0.63599999999999968 0 0.8899999999999999 1.5385000000000015 0 1.0099999999999998 unknown #
-16 coedge $-1 -1 -1 $-1 $22 $23 $24 $25 reversed $10 $-1 #
-17 string_attrib-name_attrib-gen-attrib $-1 -1 $-1 $-1 $14 2 1 1 1 1 1 1 1 1 1 1 1 1 1 0 1 1 1 @17 ATTRIB_XACIS_NAME @7 1:22379 #
-18 face $26 233435 -1 $-1 $27 $28 $4 $-1 $29 forward single T 1.4876 -0.65819287455346287 -0.89000000000000012 1.5385 1.0899356512411442e-16 -0.59906772562628463 F #
-19 loop $-1 -1 -1 $-1 $-1 $30 $14 T 0.63599999999999968 -0.99999999999999967 -0.61608978008590987 0.73350000000000026 -0.78767593772673705 0.61608978008590976 unknown #
-20 cone-surface $-1 -1 -1 $-1 0.6080000000000001 0 0 1 0 0 0 0 0.99999999999999967 1 I I 0 -1 0.99999999999999967 forward I I I I #
-21 coedge $-1 -1 -1 $-1 $31 $32 $33 $34 reversed $15 $-1 #
-22 coedge $-1 -1 -1 $-1 $35 $16 $36 $37 reversed $10 $-1 #
-23 coedge $-1 -1 -1 $-1 $16 $38 $39 $40 reversed $10 $-1 #
-24 coedge $-1 -1 -1 $-1 $41 $42 $16 $25 forward $43 $-1 #
-25 edge $44 233554 -1 $-1 $45 -1.4947999999999984 $46 -1.3747999999999987 $24 $47 forward @7 unknown T 1.5384999999999971 0 -1.0099999999999998 1.5385 1.236893267138826e-16 -0.89000000000000001 #
-26 string_attrib-name_attrib-gen-attrib $-1 -1 $-1 $-1 $18 2 1 1 1 1 1 1 1 1 1 1 1 1 1 0 1 1 1 @17 ATTRIB_XACIS_NAME @5 2:288 #
-27 face $48 233436 -1 $-1 $49 $50 $4 $-1 $51 forward single T 0.63599999999999968 -0.75544257269840731 0.46443375672974058 1.5384999999999995 -0.42499999999999988 0.6552148650288786 T -0.20024894033053875 0.18131327626773741 -1.0000000000000007 -0.097500000000000142 #
-28 loop $-1 -1 -1 $-1 $-1 $39 $18 T 1.4876 -0.65819287455346287 -0.89000000000000012 1.5385 1.0899356512411442e-16 -0.59906772562628463 unknown #
-29 cone-surface $-1 -1 -1 $-1 1.5451999999999999 0 -5.5511151231257827e-17 1 0 0 0 0 0.89000000000000001 1 I I 0 -1 0.93919999999999959 forward I I I I #
-30 coedge $-1 -1 -1 $-1 $52 $53 $54 $55 forward $19 $-1 #
-31 coedge $-1 -1 -1 $-1 $56 $21 $57 $58 reversed $15 $-1 #
-32 coedge $-1 -1 -1 $-1 $21 $59 $60 $61 reversed $15 $-1 #
-33 coedge $-1 -1 -1 $-1 $42 $62 $21 $34 forward $43 $-1 #
-34 edge $63 233594 -1 $-1 $64 0.40520000000000123 $65 0.52520000000000089 $33 $66 forward @7 unknown T 1.5385 0 0.8899999999999999 1.5385000000000015 0 1.0099999999999996 #
-35 coedge $-1 -1 -1 $-1 $67 $22 $68 $69 reversed $10 $-1 #
-36 coedge $-1 -1 -1 $-1 $70 $71 $22 $37 forward $72 $-1 #
-37 edge $73 233555 -1 $-1 $74 -0.45125000000000015 $45 0.45125000000000015 $36 $75 forward @7 unknown T 0.63599999999999968 0 -1.0099999999999996 1.5385 1.236893267138826e-16 -1.0099999999999996 #
-38 coedge $-1 -1 -1 $-1 $23 $76 $77 $78 reversed $10 $-1 #
-39 coedge $-1 -1 -1 $-1 $79 $80 $23 $40 forward $28 $-1 #
-40 edge $81 233593 -1 $-1 $46 -0.02544999999999864 $82 0.025449999999999973 $39 $83 forward @7 unknown T 1.4876 0 -0.89000000000000012 1.5384999999999986 0 -0.89000000000000012 #
-41 coedge $-1 -1 -1 $-1 $84 $24 $80 $85 forward $43 $-1 #
-42 coedge $-1 -1 -1 $-1 $24 $33 $70 $86 forward $43 $-1 #
-43 loop $-1 -1 -1 $-1 $87 $24 $88 T 1.5384999999999971 -1.0099999999999996 -1.0099999999999998 1.5385000000000015 1.236893267138826e-16 1.0099999999999996 periphery $89 T #
-44 string_attrib-name_attrib-gen-attrib $-1 -1 $-1 $-1 $25 2 1 1 1 1 1 1 1 1 1 1 1 1 1 0 1 1 1 @17 ATTRIB_XACIS_NAME @6 2:1148 #
-45 vertex $-1 -1 -1 $-1 $25 $90 #
-46 vertex $-1 -1 -1 $-1 $25 $91 #
-47 straight-curve $-1 -1 -1 $-1 1.5384999999999993 0 0.48479999999999868 1.4608197692436258e-15 -0 1 I I #
-48 string_attrib-name_attrib-gen-attrib $-1 -1 $-1 $-1 $27 2 1 1 1 1 1 1 1 1 1 1 1 1 1 0 1 1 1 @17 ATTRIB_XACIS_NAME @7 1:19366 #
-49 face $92 233437 -1 $-1 $93 $94 $4 $-1 $95 forward single T 1.4876 -0.89000000000000001 -0.56047650305717778 1.5385 -0.69135091633756951 0.56047650305717789 F #
-50 loop $-1 -1 -1 $-1 $-1 $96 $27 T 0.63599999999999968 -0.75544257269840731 0.46443375672974058 1.5384999999999995 -0.42499999999999988 0.6552148650288786 periphery $51 F #
-51 plane-surface $-1 -1 -1 $-1 1.6359999999999997 -0.59842066940716043 0.5645582268950099 0 0.50000000000000022 0.86602540378443849 0 -0.86602540378443849 0.50000000000000022 forward_v I I I I #
-52 coedge $-1 -1 -1 $-1 $97 $30 $98 $99 reversed $19 $100 #
-53 coedge $-1 -1 -1 $-1 $30 $97 $101 $102 reversed $19 $103 #
-54 coedge $-1 -1 -1 $-1 $104 $105 $30 $55 reversed $106 $-1 #
-55 edge $107 233634 -1 $-1 $108 -2.2345650845750535 $109 -0.9070275690147398 $30 $110 forward @7 unknown T 0.63599999999999968 -0.99999999999999967 -0.61608978008590987 0.63599999999999968 -0.78767593772673705 0.61608978008590976 #
-56 coedge $-1 -1 -1 $-1 $111 $31 $112 $113 reversed $15 $-1 #
-57 coedge $-1 -1 -1 $-1 $114 $115 $31 $58 forward $116 $-1 #
-58 edge $117 233595 -1 $-1 $118 -0.025449999999999973 $64 0.025450000000001305 $57 $119 forward @7 unknown T 1.4876 0 0.8899999999999999 1.5385000000000013 0 0.8899999999999999 #
-59 coedge $-1 -1 -1 $-1 $32 $120 $121 $122 reversed $15 $-1 #
-60 coedge $-1 -1 -1 $-1 $71 $70 $32 $61 forward $72 $-1 #
-61 edge $123 233633 -1 $-1 $65 -0.45125000000000171 $124 0.45125000000000015 $60 $125 forward @7 unknown T 0.63599999999999968 0 1.0099999999999996 1.5385000000000015 0 1.0099999999999996 #
-62 coedge $-1 -1 -1 $-1 $33 $126 $114 $127 forward $43 $-1 #
-63 string_attrib-name_attrib-gen-attrib $-1 -1 $-1 $-1 $34 2 1 1 1 1 1 1 1 1 1 1 1 1 1 0 1 1 1 @17 ATTRIB_XACIS_NAME @6 2:1028 #
-64 vertex $-1 -1 -1 $-1 $34 $128 #
-65 vertex $-1 -1 -1 $-1 $34 $129 #
-66 straight-curve $-1 -1 -1 $-1 1.5384999999999993 0 0.48479999999999868 1.4608197692436258e-15 -0 1 I I #
-67 coedge $-1 -1 -1 $-1 $130 $35 $131 $132 reversed $10 $-1 #
-68 coedge $-1 -1 -1 $-1 $133 $134 $35 $69 forward $135 $-1 #
-69 edge $136 233556 -1 $-1 $137 1.3052148036649815 $74 1.3152148036649816 $68 $138 forward @7 unknown T 0.63599999999999968 0 -1.0100000000000002 0.63599999999999968 1.236893267138826e-16 -0.99999999999999967 #
-70 coedge $-1 -1 -1 $-1 $60 $36 $42 $86 reversed $72 $-1 #
-71 coedge $-1 -1 -1 $-1 $36 $60 $133 $139 forward $72 $-1 #
-72 loop $-1 -1 -1 $-1 $-1 $36 $140 T 0.63599999999999968 -1.0099999999999996 -1.0099999999999996 1.5385000000000015 1.236893267138826e-16 1.0099999999999996 periphery $141 T #
-73 string_attrib-name_attrib-gen-attrib $-1 -1 $-1 $-1 $37 2 1 1 1 1 1 1 1 1 1 1 1 1 1 0 1 1 1 @17 ATTRIB_XACIS_NAME @6 2:1151 #
-74 vertex $-1 -1 -1 $-1 $37 $142 #
-75 straight-curve $-1 -1 -1 $-1 1.0872499999999998 0 -1.0099999999999996 1 0 0 I I #
-76 coedge $-1 -1 -1 $-1 $38 $143 $144 $145 reversed $10 $-1 #
-77 coedge $-1 -1 -1 $-1 $146 $147 $38 $78 forward $148 $-1 #
-78 edge $149 233592 -1 $-1 $82 0.89000000000000001 $150 0.90000000000000002 $77 $151 forward @7 unknown T 1.4876 0 -0.90000000000000013 1.4876 0 -0.89000000000000012 #
-79 coedge $-1 -1 -1 $-1 $152 $39 $147 $153 reversed $28 $-1 #
-80 coedge $-1 -1 -1 $-1 $39 $152 $41 $85 reversed $28 $-1 #
-81 string_attrib-name_attrib-gen-attrib $-1 -1 $-1 $-1 $40 2 1 1 1 1 1 1 1 1 1 1 1 1 1 0 1 1 1 @17 ATTRIB_XACIS_NAME @6 2:1154 #
-82 vertex $-1 -1 -1 $-1 $40 $154 #
-83 straight-curve $-1 -1 -1 $-1 1.51305 0 -0.89000000000000012 -1 0 -0 I I #
-84 coedge $-1 -1 -1 $-1 $155 $41 $156 $157 forward $43 $-1 #
-85 edge $158 233640 -1 $-1 $46 -3.1415926535897931 $159 -2.3092021475729956 $80 $160 forward @7 unknown T 1.5384999999999978 -0.65819287455346265 -0.89000000000000012 1.5385 1.0899356512411442e-16 -0.59906772562628485 #
-86 edge $161 233729 -1 $-1 $65 0 $45 3.1415926535897931 $70 $162 forward @7 unknown T 1.5385 -1.0099999999999996 -1.0099999999999996 1.5385000000000015 1.236893267138826e-16 1.0099999999999996 #
-87 loop $-1 -1 -1 $-1 $-1 $163 $88 T 1.5384999999999978 -0.89000000000000001 -0.56047650305717778 1.5385 -0.47499999999999992 0.56047650305717789 hole $89 T #
-88 face $164 233440 -1 $-1 $165 $43 $4 $-1 $89 reversed single T 1.5384999999999971 -1.0099999999999996 -1.0099999999999998 1.5385000000000015 1.236893267138826e-16 1.0099999999999996 F #
-89 plane-surface $-1 -1 -1 $-1 1.5385 0 0.96959999999999957 -1 0 1.4608197692436258e-15 -1.1686558153949007e-15 0 -0.80000000000000004 forward_v I I I I #
-90 point $-1 -1 -1 $-1 1.5385 1.236893267138826e-16 -1.0099999999999996 #
-91 point $-1 -1 -1 $-1 1.5384999999999986 0 -0.89000000000000012 #
-92 string_attrib-name_attrib-gen-attrib $-1 -1 $-1 $-1 $49 2 1 1 1 1 1 1 1 1 1 1 1 1 1 0 1 1 1 @17 ATTRIB_XACIS_NAME @7 1:19356 #
-93 face $166 233438 -1 $-1 $167 $168 $4 $-1 $169 reversed single T 0.63599999999999968 -0.78767593772673794 -0.61608978008591042 1.538499999999998 -0.47500000000000003 -0.43556624327025945 T -0.17138142687105706 0.18966564676024478 -1.0000000000000007 -0.097500000000001696 #
-94 loop $-1 -1 -1 $-1 $-1 $170 $49 T 1.4876 -0.89000000000000001 -0.56047650305717778 1.5385 -0.69135091633756951 0.56047650305717789 periphery $95 F #
-95 cone-surface $-1 -1 -1 $-1 1.5451999999999999 0 -5.5511151231257827e-17 1 0 0 0 0 0.89000000000000001 1 I I 0 -1 0.93919999999999959 forward I I I I #
-96 coedge $-1 -1 -1 $-1 $171 $172 $126 $173 reversed $50 $-1 #
-97 coedge $-1 -1 -1 $-1 $53 $52 $174 $175 forward $19 $-1 #
-98 coedge $-1 -1 -1 $-1 $176 $177 $52 $99 forward $178 $-1 #
-99 edge $179 233635 -1 $-1 $180 -0.021699999999999844 $109 0.075800000000000145 $98 $181 forward @7 unknown T 0.63599999999999968 -0.78767593772673705 0.61608978008590976 0.7334999999999996 -0.78767593772673705 0.61608978008590976 #
-100 pcurve $-1 -1 -1 $-1 0 forward { exppc nubs 1 open 2 
	-0.075800000000000145 1 0.021699999999999844 1 
	0.027999999999999591 0.90702756901473958 
	0.12549999999999956 0.90702756901473958 
	0 
	0 
	cone 0.6080000000000001 0 0 1 0 0 0 0 0.99999999999999967 1 I I 0 -1 0.99999999999999967 forward I I I I 
	} 0 0 #
-101 coedge $-1 -1 -1 $-1 $182 $183 $53 $102 forward $168 $-1 #
-102 edge $184 233637 -1 $-1 $108 -0.025800000000000285 $185 0.071699999999997918 $101 $186 forward @7 unknown T 0.63599999999999968 -0.78767593772673705 -0.61608978008590987 0.73349999999999782 -0.78767593772673705 -0.61608978008590987 #
-103 pcurve $-1 -1 -1 $-1 0 forward { exppc nubs 1 open 2 
	-0.071699999999997918 1 0.025800000000000285 1 
	0.12549999999999778 2.2345650845750535 
	0.027999999999999591 2.2345650845750535 
	0 
	0 
	cone 0.6080000000000001 0 0 1 0 0 0 0 0.99999999999999967 1 I I 0 -1 0.99999999999999967 forward I I I I 
	} 0 0 #
-104 coedge $-1 -1 -1 $-1 $187 $54 $183 $188 forward $106 $-1 #
-105 coedge $-1 -1 -1 $-1 $54 $187 $176 $189 reversed $106 $-1 #
-106 loop $-1 -1 -1 $-1 $135 $104 $190 T 0.63599999999999968 -0.99999999999999967 -0.61608978008590987 0.63599999999999968 -0.47499999999999992 0.61608978008590987 hole $191 F #
-107 string_attrib-name_attrib-gen-attrib $-1 -1 $-1 $-1 $55 2 1 1 1 1 1 1 1 1 1 1 1 1 1 0 1 1 1 @17 ATTRIB_XACIS_NAME @7 1:22393 #
-108 vertex $-1 -1 -1 $-1 $55 $192 #
-109 vertex $-1 -1 -1 $-1 $55 $193 #
-110 ellipse-curve $-1 -1 -1 $-1 0.63599999999999968 0 0 -1 0 0 0 0 0.99999999999999967 1 I I #
-111 coedge $-1 -1 -1 $-1 $194 $56 $195 $196 reversed $15 $-1 #
-112 coedge $-1 -1 -1 $-1 $197 $198 $56 $113 forward $199 $-1 #
-113 edge $200 233596 -1 $-1 $201 -0.90000000000000002 $118 -0.89000000000000001 $112 $202 forward @7 unknown T 1.4876 0 0.8899999999999999 1.4876 0 0.89999999999999991 #
-114 coedge $-1 -1 -1 $-1 $203 $57 $62 $127 reversed $116 $-1 #
-115 coedge $-1 -1 -1 $-1 $57 $203 $197 $204 reversed $116 $-1 #
-116 loop $-1 -1 -1 $-1 $-1 $57 $205 T 1.4876 -0.65819287455346254 0.59906772562628496 1.5385000000000013 0 0.8899999999999999 unknown #
-117 string_attrib-name_attrib-gen-attrib $-1 -1 $-1 $-1 $58 2 1 1 1 1 1 1 1 1 1 1 1 1 1 0 1 1 1 @17 ATTRIB_XACIS_NAME @6 2:1031 #
-118 vertex $-1 -1 -1 $-1 $58 $206 #
-119 straight-curve $-1 -1 -1 $-1 1.51305 0 0.8899999999999999 1 -0 -0 I I #
-120 coedge $-1 -1 -1 $-1 $59 $207 $208 $209 reversed $15 $-1 #
-121 coedge $-1 -1 -1 $-1 $210 $133 $59 $122 forward $135 $-1 #
-122 edge $211 233632 -1 $-1 $124 -0.70478519633501802 $212 -0.69478519633501812 $121 $213 forward @7 unknown T 0.63599999999999968 0 0.99999999999999967 0.63599999999999968 0 1.0099999999999998 #
-123 string_attrib-name_attrib-gen-attrib $-1 -1 $-1 $-1 $61 2 1 1 1 1 1 1 1 1 1 1 1 1 1 0 1 1 1 @17 ATTRIB_XACIS_NAME @6 2:1034 #
-124 vertex $-1 -1 -1 $-1 $61 $214 #
-125 straight-curve $-1 -1 -1 $-1 1.0872499999999998 0 1.0099999999999996 -1 -0 -0 I I #
-126 coedge $-1 -1 -1 $-1 $62 $155 $96 $173 forward $43 $-1 #
-127 edge $215 233728 -1 $-1 $216 -0.83239050601679687 $64 0 $114 $160 forward @7 unknown T 1.5384999999999995 -0.65819287455346254 0.59906772562628496 1.5385000000000013 0 0.8899999999999999 #
-128 point $-1 -1 -1 $-1 1.5385000000000013 0 0.8899999999999999 #
-129 point $-1 -1 -1 $-1 1.5385000000000015 0 1.0099999999999996 #
-130 coedge $-1 -1 -1 $-1 $217 $67 $218 $219 reversed $10 $-1 #
-131 coedge $-1 -1 -1 $-1 $220 $221 $67 $132 forward $222 $-1 #
-132 edge $223 233557 -1 $-1 $224 -0.048749999999998836 $137 0.048750000000000279 $131 $225 forward @7 unknown T 0.63599999999999968 0 -0.99999999999999967 0.73349999999999882 0 -0.99999999999999967 #
-133 coedge $-1 -1 -1 $-1 $121 $68 $71 $139 reversed $135 $-1 #
-134 coedge $-1 -1 -1 $-1 $68 $226 $220 $227 reversed $135 $-1 #
-135 loop $-1 -1 -1 $-1 $-1 $68 $190 T 0.63599999999999968 -1.0099999999999996 -1.0100000000000002 0.63599999999999968 1.236893267138826e-16 1.0099999999999998 periphery $191 F #
-136 string_attrib-name_attrib-gen-attrib $-1 -1 $-1 $-1 $69 2 1 1 1 1 1 1 1 1 1 1 1 1 1 0 1 1 1 @17 ATTRIB_XACIS_NAME @6 2:1157 #
-137 vertex $-1 -1 -1 $-1 $69 $228 #
-138 straight-curve $-1 -1 -1 $-1 0.63599999999999968 0 0.30521480366498166 0 0 -1.0000000000000002 I I #
-139 edge $229 233859 -1 $-1 $124 0 $74 3.1415926535897931 $71 $230 forward @7 unknown T 0.63599999999999968 -1.0099999999999996 -1.0099999999999996 0.63599999999999968 1.236893267138826e-16 1.0099999999999996 #
-140 face $231 233498 -1 $-1 $232 $72 $4 $-1 $141 reversed single T 0.63599999999999968 -1.0099999999999996 -1.0099999999999996 1.5385000000000015 1.236893267138826e-16 1.0099999999999996 T 0.027999999999999591 0.93050000000000177 0 3.1415926535897931 #
-141 cone-surface $-1 -1 -1 $-1 0.6080000000000001 0 0 1 0 0 0 0 1.0099999999999996 1 I I 0 -1 0.99999999999999967 forward I I I I #
-142 point $-1 -1 -1 $-1 0.63599999999999968 1.236893267138826e-16 -1.0099999999999996 #
-143 coedge $-1 -1 -1 $-1 $76 $233 $234 $235 reversed $10 $-1 #
-144 coedge $-1 -1 -1 $-1 $236 $237 $76 $145 forward $238 $-1 #
-145 edge $239 233591 -1 $-1 $150 -0.022950000000000026 $240 0.022949999999998694 $144 $241 forward @7 unknown T 1.4876 0 -0.90000000000000013 1.5334999999999988 0 -0.90000000000000013 #
-146 coedge $-1 -1 -1 $-1 $242 $77 $237 $243 reversed $148 $-1 #
-147 coedge $-1 -1 -1 $-1 $77 $242 $79 $153 forward $148 $-1 #
-148 loop $-1 -1 -1 $-1 $-1 $77 $244 T 1.4876 -0.66705450163537761 -0.90000000000000013 1.4876 0 -0.59906772562628463 unknown #
-149 string_attrib-name_attrib-gen-attrib $-1 -1 $-1 $-1 $78 2 1 1 1 1 1 1 1 1 1 1 1 1 1 0 1 1 1 @17 ATTRIB_XACIS_NAME @6 2:1160 #
-150 vertex $-1 -1 -1 $-1 $78 $245 #
-151 straight-curve $-1 -1 -1 $-1 1.4876 0 -1.1041923455807526e-16 0 0 -1 I I #
-152 coedge $-1 -1 -1 $-1 $80 $79 $246 $247 forward $28 $248 #
-153 edge $249 233638 -1 $-1 $250 2.3092021475729956 $82 3.1415926535897931 $79 $251 forward @7 unknown T 1.4876 -0.65819287455346287 -0.89000000000000012 1.4876 0 -0.59906772562628463 #
-154 point $-1 -1 -1 $-1 1.4876 0 -0.89000000000000012 #
-155 coedge $-1 -1 -1 $-1 $126 $84 $252 $253 forward $43 $-1 #
-156 coedge $-1 -1 -1 $-1 $246 $254 $84 $157 reversed $255 $-1 #
-157 edge $256 233726 -1 $-1 $159 -0.71168230511444786 $257 -0.4424143673213593 $156 $258 forward @7 unknown T 1.5384999999999978 -0.65819287455346265 -0.59906772562628507 1.538499999999998 -0.42499999999999999 -0.46443375672974069 #
-158 string_attrib-name_attrib-gen-attrib $-1 -1 $-1 $-1 $85 2 1 1 1 1 1 1 1 1 1 1 1 1 1 0 1 1 1 @17 ATTRIB_XACIS_NAME @6 2:1275 #
-159 vertex $-1 -1 -1 $-1 $85 $259 #
-160 ellipse-curve $-1 -1 -1 $-1 1.5385 0 -5.5511151231257827e-17 -1 0 1.460560067951317e-15 0 0 0.89000000000000001 1 I I #
-161 string_attrib-name_attrib-gen-attrib $-1 -1 $-1 $-1 $86 2 1 1 1 1 1 1 1 1 1 1 1 1 1 0 1 1 1 @17 ATTRIB_XACIS_NAME @6 2:1285 #
-162 ellipse-curve $-1 -1 -1 $-1 1.5385 0 0 1 -0 -1.460560067951317e-15 0 0 1.0099999999999996 1 I I #
-163 coedge $-1 -1 -1 $-1 $260 $261 $262 $263 forward $87 $-1 #
-164 string_attrib-name_attrib-gen-attrib $-1 -1 $-1 $-1 $88 2 1 1 1 1 1 1 1 1 1 1 1 1 1 0 1 1 1 @17 ATTRIB_XACIS_NAME @5 2:278 #
-165 face $264 233441 -1 $-1 $265 $266 $4 $-1 $267 forward single T 1.3334999999999977 -0.99999999999999967 -0.61608978008591031 1.3335000000000001 -0.70011865832508635 0.61608978008590998 T 0.441887774892612 1.9821122251073873 0.87514832290635791 1.586947042723619 #
-166 string_attrib-name_attrib-gen-attrib $-1 -1 $-1 $-1 $93 2 1 1 1 1 1 1 1 1 1 1 1 1 1 0 1 1 1 @17 ATTRIB_XACIS_NAME @7 1:19326 #
-167 face $268 233439 -1 $-1 $88 $269 $4 $-1 $270 forward single T 1.5334999999999976 -0.99999999999999967 -0.61608978008591042 1.5335000000000001 -0.70011865832508635 0.61608978008590987 T 0.44188777489261211 1.9821122251073875 0.87514832290635791 1.586947042723619 #
-168 loop $-1 -1 -1 $-1 $-1 $262 $93 T 0.63599999999999968 -0.78767593772673794 -0.61608978008591042 1.538499999999998 -0.47500000000000003 -0.43556624327025945 periphery $169 T #
-169 plane-surface $-1 -1 -1 $-1 1.6359999999999997 -0.62342066940716034 -0.52125695670578798 0 0.50000000000000022 -0.86602540378443849 0 -0.86602540378443849 -0.50000000000000022 reverse_v I I I I #
-170 coedge $-1 -1 -1 $-1 $271 $272 $260 $273 reversed $94 $-1 #
-171 coedge $-1 -1 -1 $-1 $274 $96 $275 $276 reversed $50 $-1 #
-172 coedge $-1 -1 -1 $-1 $96 $277 $203 $278 reversed $50 $-1 #
-173 edge $279 233641 -1 $-1 $280 -0.042385632678641032 $216 0.2268823051144476 $96 $281 forward @7 unknown T 1.5384999999999993 -0.65819287455346254 0.46443375672974058 1.5384999999999995 -0.42499999999999988 0.59906772562628496 #
-174 coedge $-1 -1 -1 $-1 $282 $283 $97 $175 reversed $284 $-1 #
-175 edge $285 233636 -1 $-1 $180 0.9070275690147398 $185 2.2345650845750535 $97 $286 forward @7 unknown T 0.73349999999999782 -0.99999999999999967 -0.61608978008590987 0.73350000000000026 -0.78767593772673705 0.61608978008590976 #
-176 coedge $-1 -1 -1 $-1 $287 $98 $105 $189 forward $178 $-1 #
-177 coedge $-1 -1 -1 $-1 $98 $288 $282 $289 forward $178 $-1 #
-178 loop $-1 -1 -1 $-1 $-1 $290 $291 T 0.63599999999999968 -0.7876759377267375 0.43556624327025939 1.5384999999999995 -0.47499999999999992 0.61608978008590998 periphery $292 T #
-179 string_attrib-name_attrib-gen-attrib $-1 -1 $-1 $-1 $99 2 1 1 1 1 1 1 1 1 1 1 1 1 1 0 1 1 1 @17 ATTRIB_XACIS_NAME @7 1:18423 #
-180 vertex $-1 -1 -1 $-1 $99 $293 #
-181 straight-curve $-1 -1 -1 $-1 0.71179999999999977 -0.78767593772673705 0.61608978008590976 -0.99999999999999933 0 0 I I #
-182 coedge $-1 -1 -1 $-1 $294 $101 $283 $295 forward $168 $-1 #
-183 coedge $-1 -1 -1 $-1 $101 $296 $104 $188 reversed $168 $-1 #
-184 string_attrib-name_attrib-gen-attrib $-1 -1 $-1 $-1 $102 2 1 1 1 1 1 1 1 1 1 1 1 1 1 0 1 1 1 @17 ATTRIB_XACIS_NAME @7 1:18048 #
-185 vertex $-1 -1 -1 $-1 $102 $297 #
-186 straight-curve $-1 -1 -1 $-1 0.66179999999999994 -0.78767593772673705 -0.61608978008590987 0.99999999999999933 0 0 I I #
-187 coedge $-1 -1 -1 $-1 $105 $104 $298 $299 forward $106 $-1 #
-188 edge $300 233687 -1 $-1 $108 -0.37548083036104174 $301 -0.014433756729740966 $104 $302 forward @7 unknown T 0.63599999999999968 -0.78767593772673705 -0.61608978008590987 0.63599999999999968 -0.47500000000000009 -0.43556624327025945 #
-189 edge $303 233795 -1 $-1 $109 -0.37548083036104168 $304 -0.014433756729740599 $176 $305 forward @7 unknown T 0.63599999999999968 -0.78767593772673705 0.43556624327025939 0.63599999999999968 -0.47499999999999992 0.61608978008590987 #
-190 face $306 233500 -1 $-1 $307 $106 $4 $-1 $191 forward single T 0.63599999999999968 -1.0099999999999996 -1.0100000000000002 0.63599999999999968 1.236893267138826e-16 1.0099999999999998 F #
-191 plane-surface $-1 -1 -1 $-1 0.63599999999999968 -0.72787223093382059 0.61042960732996332 -1.0000000000000002 0 0 0 -0.8660254037844386 0.50000000000000022 forward_v I I I I #
-192 point $-1 -1 -1 $-1 0.63599999999999968 -0.78767593772673705 -0.61608978008590987 #
-193 point $-1 -1 -1 $-1 0.63599999999999968 -0.78767593772673705 0.61608978008590976 #
-194 coedge $-1 -1 -1 $-1 $308 $111 $309 $310 reversed $15 $-1 #
-195 coedge $-1 -1 -1 $-1 $311 $312 $111 $196 forward $313 $-1 #
-196 edge $314 233597 -1 $-1 $315 -0.022950000000001358 $201 0.022950000000000026 $195 $316 forward @7 unknown T 1.4876 0 0.89999999999999991 1.5335000000000014 0 0.89999999999999991 #
-197 coedge $-1 -1 -1 $-1 $317 $112 $115 $204 forward $199 $-1 #
-198 coedge $-1 -1 -1 $-1 $112 $317 $311 $318 reversed $199 $-1 #
-199 loop $-1 -1 -1 $-1 $-1 $112 $232 T 1.4876 -0.66705450163537761 0.59906772562628463 1.4876 0 0.89999999999999991 unknown #
-200 string_attrib-name_attrib-gen-attrib $-1 -1 $-1 $-1 $113 2 1 1 1 1 1 1 1 1 1 1 1 1 1 0 1 1 1 @17 ATTRIB_XACIS_NAME @6 2:1037 #
-201 vertex $-1 -1 -1 $-1 $113 $319 #
-202 straight-curve $-1 -1 -1 $-1 1.4876 0 -1.1041923455807526e-16 0 0 -1 I I #
-203 coedge $-1 -1 -1 $-1 $115 $114 $172 $278 forward $116 $320 #
-204 edge $321 233858 -1 $-1 $118 0 $322 0.83239050601679687 $115 $251 forward @7 unknown T 1.4876 -0.65819287455346254 0.59906772562628496 1.4876 0 0.8899999999999999 #
-205 face $323 233497 -1 $-1 $140 $116 $4 $-1 $29 forward single T 1.4876 -0.65819287455346254 0.59906772562628496 1.5385000000000013 0 0.8899999999999999 F #
-206 point $-1 -1 -1 $-1 1.4876 0 0.8899999999999999 #
-207 coedge $-1 -1 -1 $-1 $120 $324 $325 $326 reversed $15 $-1 #
-208 coedge $-1 -1 -1 $-1 $327 $328 $120 $209 forward $329 $-1 #
-209 edge $330 233631 -1 $-1 $212 -0.048750000000000279 $331 0.048750000000001723 $208 $332 forward @7 unknown T 0.63599999999999968 0 0.99999999999999967 0.73350000000000171 0 0.99999999999999967 #
-210 coedge $-1 -1 -1 $-1 $333 $121 $328 $334 reversed $135 $-1 #
-211 string_attrib-name_attrib-gen-attrib $-1 -1 $-1 $-1 $122 2 1 1 1 1 1 1 1 1 1 1 1 1 1 0 1 1 1 @17 ATTRIB_XACIS_NAME @6 2:1040 #
-212 vertex $-1 -1 -1 $-1 $122 $335 #
-213 straight-curve $-1 -1 -1 $-1 0.63599999999999968 0 0.30521480366498166 0 0 -1.0000000000000002 I I #
-214 point $-1 -1 -1 $-1 0.63599999999999968 0 1.0099999999999996 #
-215 string_attrib-name_attrib-gen-attrib $-1 -1 $-1 $-1 $127 2 1 1 1 1 1 1 1 1 1 1 1 1 1 0 1 1 1 @17 ATTRIB_XACIS_NAME @6 2:1269 #
-216 vertex $-1 -1 -1 $-1 $278 $336 #
-217 coedge $-1 -1 -1 $-1 $337 $130 $338 $339 reversed $10 $-1 #
-218 coedge $-1 -1 -1 $-1 $340 $341 $130 $219 forward $342 $-1 #
-219 edge $343 233558 -1 $-1 $344 1.3847999999999994 $224 1.484799999999999 $218 $345 forward @7 unknown T 0.73349999999999738 0 -0.99999999999999978 0.73349999999999893 0 -0.90000000000000013 #
-220 coedge $-1 -1 -1 $-1 $346 $131 $134 $227 forward $222 $-1 #
-221 coedge $-1 -1 -1 $-1 $131 $346 $340 $347 forward $222 $-1 #
-222 loop $-1 -1 -1 $-1 $-1 $131 $348 T 0.63599999999999968 -0.75544257269840709 -0.99999999999999967 0.73350000000000026 0 -0.65521486502887827 unknown #
-223 string_attrib-name_attrib-gen-attrib $-1 -1 $-1 $-1 $132 2 1 1 1 1 1 1 1 1 1 1 1 1 1 0 1 1 1 @17 ATTRIB_XACIS_NAME @6 2:1163 #
-224 vertex $-1 -1 -1 $-1 $132 $349 #
-225 straight-curve $-1 -1 -1 $-1 0.68474999999999997 0 -0.99999999999999967 -0.99999999999999967 0 -0 I I #
-226 coedge $-1 -1 -1 $-1 $134 $350 $351 $352 reversed $135 $-1 #
-227 edge $353 233862 -1 $-1 $137 -3.1415926535897931 $354 -2.2852633349187359 $220 $355 forward @7 unknown T 0.63599999999999968 -0.75544257269840709 -0.99999999999999967 0.63599999999999968 0 -0.65521486502887827 #
-228 point $-1 -1 -1 $-1 0.63599999999999968 0 -0.99999999999999967 #
-229 string_attrib-name_attrib-gen-attrib $-1 -1 $-1 $-1 $139 2 1 1 1 1 1 1 1 1 1 1 1 1 1 0 1 1 1 @17 ATTRIB_XACIS_NAME @6 2:1308 #
-230 ellipse-curve $-1 -1 -1 $-1 0.63599999999999968 0 0 1 -0 -0 0 0 1.0099999999999996 1 I I #
-231 string_attrib-name_attrib-gen-attrib $-1 -1 $-1 $-1 $140 2 1 1 1 1 1 1 1 1 1 1 1 1 1 0 1 1 1 @17 ATTRIB_XACIS_NAME @5 2:304 #
-232 face $356 233499 -1 $-1 $190 $199 $4 $-1 $357 forward single T 1.4876 -0.66705450163537761 0.59906772562628463 1.4876 0 0.89999999999999991 F #
-233 coedge $-1 -1 -1 $-1 $143 $358 $359 $360 reversed $10 $-1 #
-234 coedge $-1 -1 -1 $-1 $361 $362 $143 $235 forward $363 $-1 #
-235 edge $364 233590 -1 $-1 $240 1.3847999999999989 $365 1.4847999999999983 $234 $366 forward @7 unknown T 1.5334999999999972 0 -0.99999999999999967 1.5334999999999988 0 -0.90000000000000013 #
-236 coedge $-1 -1 -1 $-1 $367 $144 $362 $368 forward $238 $-1 #
-237 coedge $-1 -1 -1 $-1 $144 $367 $146 $243 forward $238 $-1 #
-238 loop $-1 -1 -1 $-1 $-1 $144 $369 T 1.4876 -0.66705450163537772 -0.90000000000000013 1.5335000000000001 0 -0.60418398840748666 unknown #
-239 string_attrib-name_attrib-gen-attrib $-1 -1 $-1 $-1 $145 2 1 1 1 1 1 1 1 1 1 1 1 1 1 0 1 1 1 @17 ATTRIB_XACIS_NAME @6 2:1166 #
-240 vertex $-1 -1 -1 $-1 $145 $370 #
-241 straight-curve $-1 -1 -1 $-1 1.5105500000000001 0 -0.90000000000000013 1 0 0 I I #
-242 coedge $-1 -1 -1 $-1 $147 $146 $371 $372 forward $148 $-1 #
-243 edge $373 233854 -1 $-1 $374 2.3067786407382336 $150 3.1415926535897931 $237 $375 forward @7 unknown T 1.4876 -0.66705450163537761 -0.90000000000000013 1.4876 0 -0.60418398840748666 #
-244 face $376 233480 -1 $-1 $377 $148 $4 $-1 $357 forward single T 1.4876 -0.66705450163537761 -0.90000000000000013 1.4876 0 -0.59906772562628463 F #
-245 point $-1 -1 -1 $-1 1.4876 0 -0.90000000000000013 #
-246 coedge $-1 -1 -1 $-1 $371 $156 $152 $247 reversed $255 $-1 #
-247 edge $378 233639 -1 $-1 $250 -0.024199999999999777 $159 0.026699999999997948 $152 $379 forward @7 unknown T 1.4876 -0.65819287455346265 -0.59906772562628496 1.5384999999999978 -0.65819287455346254 -0.59906772562628496 #
-248 pcurve $-1 -1 -1 $-1 0 forward { exppc nubs 1 open 2 
	-0.024199999999999777 1 0.072599999999999998 1 
	-0.061328790459965823 2.3092021475729956 
	0.041737649063032282 2.3092021475729956 
	0 
	0 
	cone 1.5451999999999999 0 -5.5511151231257827e-17 1 0 0 0 0 0.89000000000000001 1 I I 0 -1 0.93919999999999959 forward I I I I 
	} 0 0 #
-249 string_attrib-name_attrib-gen-attrib $-1 -1 $-1 $-1 $153 2 1 1 1 1 1 1 1 1 1 1 1 1 1 0 1 1 1 @17 ATTRIB_XACIS_NAME @6 2:1292 #
-250 vertex $-1 -1 -1 $-1 $153 $380 #
-251 ellipse-curve $-1 -1 -1 $-1 1.4876 0 -5.5511151231257827e-17 1 0 0 0 0 0.89000000000000001 1 I I #
-252 coedge $-1 -1 -1 $-1 $381 $275 $155 $253 reversed $382 $-1 #
-253 edge $383 233727 -1 $-1 $257 -1.0617337567297407 $280 -0.13286624327025937 $252 $384 forward @7 unknown T 1.538499999999998 -0.42500000000000004 -0.46443375672974074 1.5384999999999993 -0.42499999999999988 0.46443375672974058 #
-254 coedge $-1 -1 -1 $-1 $156 $351 $381 $385 forward $255 $-1 #
-255 loop $-1 -1 -1 $-1 $-1 $156 $386 T 0.63599999999999968 -0.75544257269840798 -0.65521486502887893 1.538499999999998 -0.42499999999999999 -0.46443375672974058 periphery $387 F #
-256 string_attrib-name_attrib-gen-attrib $-1 -1 $-1 $-1 $157 2 1 1 1 1 1 1 1 1 1 1 1 1 1 0 1 1 1 @17 ATTRIB_XACIS_NAME @7 1:19418 #
-257 vertex $-1 -1 -1 $-1 $253 $388 #
-258 straight-curve $-1 -1 -1 $-1 1.5384999999999982 -0.041857918900482904 -0.24322657306906101 7.3028003397565879e-16 0.86602540378443849 0.50000000000000022 I I #
-259 point $-1 -1 -1 $-1 1.5384999999999978 -0.65819287455346265 -0.59906772562628496 #
-260 coedge $-1 -1 -1 $-1 $389 $163 $170 $273 forward $87 $-1 #
-261 coedge $-1 -1 -1 $-1 $163 $389 $390 $391 forward $87 $-1 #
-262 coedge $-1 -1 -1 $-1 $296 $392 $163 $263 reversed $168 $-1 #
-263 edge $393 233685 -1 $-1 $394 0.47128188078084071 $395 0.72110240035467699 $262 $396 forward @7 unknown T 1.5384999999999978 -0.69135091633756984 -0.56047650305717778 1.538499999999998 -0.47500000000000003 -0.4355662432702595 #
-264 string_attrib-name_attrib-gen-attrib $-1 -1 $-1 $-1 $165 2 1 1 1 1 1 1 1 1 1 1 1 1 1 0 1 1 1 @17 ATTRIB_XACIS_NAME @7 1:16806 #
-265 face $397 233442 -1 $-1 $398 $399 $4 $-1 $400 reversed single T 1.3384999999999976 -0.99999999999999967 -0.6160897800859102 1.3385 -0.70011865832508635 0.61608978008590998 T 0.441887774892612 1.9821122251073873 0.87514832290635791 1.586947042723619 #
-266 loop $-1 -1 -1 $-1 $-1 $401 $165 T 1.3334999999999977 -0.99999999999999967 -0.61608978008591031 1.3335000000000001 -0.70011865832508635 0.61608978008590998 periphery $267 F #
-267 plane-surface $-1 -1 -1 $-1 1.3335000000000001 0 0.96959999999999957 -1 0 1.4608197692436258e-15 -1.1686558153949007e-15 0 -0.80000000000000004 forward_v I I I I #
-268 string_attrib-name_attrib-gen-attrib $-1 -1 $-1 $-1 $167 2 1 1 1 1 1 1 1 1 1 1 1 1 1 0 1 1 1 @17 ATTRIB_XACIS_NAME @7 1:16815 #
-269 loop $-1 -1 -1 $-1 $-1 $402 $167 T 1.5334999999999976 -0.99999999999999967 -0.61608978008591042 1.5335000000000001 -0.70011865832508635 0.61608978008590987 periphery $270 F #
-270 plane-surface $-1 -1 -1 $-1 1.5335000000000001 0 0.96959999999999957 -1 0 1.4608197692436258e-15 -1.1686558153949007e-15 0 -0.80000000000000004 forward_v I I I I #
-271 coedge $-1 -1 -1 $-1 $403 $170 $392 $404 forward $94 $405 #
-272 coedge $-1 -1 -1 $-1 $170 $403 $406 $407 forward $94 $408 #
-273 edge $409 233681 -1 $-1 $395 -2.2520262202918619 $410 -0.8895664332979305 $170 $411 forward @7 unknown T 1.5384999999999978 -0.89000000000000001 -0.56047650305717778 1.5385 -0.69135091633756973 0.56047650305717789 #
-274 coedge $-1 -1 -1 $-1 $412 $171 $333 $413 reversed $50 $-1 #
-275 coedge $-1 -1 -1 $-1 $252 $414 $171 $276 forward $382 $-1 #
-276 edge $415 233642 -1 $-1 $416 -1 $280 -0.097500000000000364 $275 $417 reversed @7 unknown T 0.63599999999999968 -0.42499999999999993 0.46443375672974058 1.5384999999999993 -0.42499999999999988 0.46443375672974058 #
-277 coedge $-1 -1 -1 $-1 $172 $418 $317 $419 reversed $50 $-1 #
-278 edge $420 233680 -1 $-1 $216 -0.026699999999999724 $322 0.024199999999999777 $203 $421 forward @7 unknown T 1.4876 -0.65819287455346254 0.59906772562628496 1.5384999999999995 -0.65819287455346254 0.59906772562628496 #
-279 string_attrib-name_attrib-gen-attrib $-1 -1 $-1 $-1 $173 2 1 1 1 1 1 1 1 1 1 1 1 1 1 0 1 1 1 @17 ATTRIB_XACIS_NAME @7 1:19421 #
-280 vertex $-1 -1 -1 $-1 $173 $422 #
-281 straight-curve $-1 -1 -1 $-1 1.5384999999999993 -0.46170703465517887 0.4856265730690611 7.3028003397565879e-16 -0.86602540378443849 0.50000000000000022 I I #
-282 coedge $-1 -1 -1 $-1 $423 $174 $177 $289 reversed $284 $-1 #
-283 coedge $-1 -1 -1 $-1 $174 $423 $182 $295 reversed $284 $-1 #
-284 loop $-1 -1 -1 $-1 $-1 $282 $424 T 0.73349999999999771 -0.99999999999999967 -0.61608978008591031 0.73350000000000026 -0.70011865832508635 0.61608978008590998 periphery $425 F #
-285 string_attrib-name_attrib-gen-attrib $-1 -1 $-1 $-1 $175 2 1 1 1 1 1 1 1 1 1 1 1 1 1 0 1 1 1 @17 ATTRIB_XACIS_NAME @7 1:18474 #
-286 ellipse-curve $-1 -1 -1 $-1 0.73350000000000026 0 0 1 0 -1.4608197692436258e-15 0 0 0.99999999999999967 1 I I #
-287 coedge $-1 -1 -1 $-1 $290 $176 $426 $427 forward $178 $-1 #
-288 coedge $-1 -1 -1 $-1 $177 $428 $429 $430 reversed $178 $-1 #
-289 edge $431 233756 -1 $-1 $432 0.24642651674803234 $180 0.34752895441214093 $177 $433 forward @7 unknown T 0.7334999999999996 -0.7876759377267375 0.56553856125385538 0.73350000000000004 -0.70011865832508646 0.61608978008590998 #
-290 coedge $-1 -1 -1 $-1 $406 $287 $389 $434 reversed $178 $-1 #
-291 face $435 233459 -1 $-1 $386 $178 $4 $-1 $292 reversed single T 0.63599999999999968 -0.7876759377267375 0.43556624327025939 1.5384999999999995 -0.47499999999999992 0.61608978008590998 T -0.17138142687105717 0.18966564676024411 -1.0000000000000007 -0.097500000000000142 #
-292 plane-surface $-1 -1 -1 $-1 1.6359999999999997 -0.62342066940716034 0.52125695670578798 0 0.50000000000000022 0.86602540378443849 0 -0.86602540378443849 0.50000000000000022 forward_v I I I I #
-293 point $-1 -1 -1 $-1 0.7334999999999996 -0.78767593772673705 0.61608978008590976 #
-294 coedge $-1 -1 -1 $-1 $436 $182 $437 $438 reversed $168 $-1 #
-295 edge $439 233688 -1 $-1 $185 -0.83232895441214183 $440 -0.7312265167480333 $182 $441 forward @7 unknown T 0.73349999999999771 -0.78767593772673794 -0.61608978008591031 0.73350000000000004 -0.70011865832508646 -0.56553856125385549 #
-296 coedge $-1 -1 -1 $-1 $183 $262 $442 $443 reversed $168 $-1 #
-297 point $-1 -1 -1 $-1 0.73349999999999782 -0.78767593772673705 -0.61608978008590987 #
-298 coedge $-1 -1 -1 $-1 $442 $426 $187 $299 reversed $444 $-1 #
-299 edge $445 233855 -1 $-1 $301 -0.43556624327025939 $304 0.43556624327025945 $298 $446 forward @7 unknown T 0.63599999999999968 -0.47500000000000009 -0.43556624327025945 0.63599999999999968 -0.47499999999999992 0.43556624327025939 #
-300 string_attrib-name_attrib-gen-attrib $-1 -1 $-1 $-1 $188 2 1 1 1 1 1 1 1 1 1 1 1 1 1 0 1 1 1 @17 ATTRIB_XACIS_NAME @7 1:22399 #
-301 vertex $-1 -1 -1 $-1 $188 $447 #
-302 straight-curve $-1 -1 -1 $-1 0.63599999999999968 -0.4624999999999998 -0.428349364905389 0 0.86602540378443804 0.49999999999999994 I I #
-303 string_attrib-name_attrib-gen-attrib $-1 -1 $-1 $-1 $189 2 1 1 1 1 1 1 1 1 1 1 1 1 1 0 1 1 1 @17 ATTRIB_XACIS_NAME @7 1:22408 #
-304 vertex $-1 -1 -1 $-1 $299 $448 #
-305 straight-curve $-1 -1 -1 $-1 0.63599999999999968 -0.46249999999999997 0.42834936490538911 0 0.86602540378443782 -0.49999999999999978 I I #
-306 string_attrib-name_attrib-gen-attrib $-1 -1 $-1 $-1 $190 2 1 1 1 1 1 1 1 1 1 1 1 1 1 0 1 1 1 @17 ATTRIB_XACIS_NAME @5 2:327 #
-307 face $449 233501 -1 $-1 $348 $313 $4 $-1 $450 reversed single T 1.4876 -0.66705450163537772 0.60418398840748666 1.5335000000000014 0 0.89999999999999991 F #
-308 coedge $-1 -1 -1 $-1 $451 $194 $452 $453 reversed $15 $-1 #
-309 coedge $-1 -1 -1 $-1 $454 $455 $194 $310 forward $456 $-1 #
-310 edge $457 233598 -1 $-1 $458 -0.51520000000000099 $315 -0.41520000000000123 $309 $459 forward @7 unknown T 1.5335000000000001 0 0.89999999999999991 1.5335000000000016 0 0.99999999999999967 #
-311 coedge $-1 -1 -1 $-1 $460 $195 $198 $318 forward $313 $-1 #
-312 coedge $-1 -1 -1 $-1 $195 $460 $454 $461 forward $313 $-1 #
-313 loop $-1 -1 -1 $-1 $-1 $195 $307 T 1.4876 -0.66705450163537772 0.60418398840748666 1.5335000000000014 0 0.89999999999999991 unknown #
-314 string_attrib-name_attrib-gen-attrib $-1 -1 $-1 $-1 $196 2 1 1 1 1 1 1 1 1 1 1 1 1 1 0 1 1 1 @17 ATTRIB_XACIS_NAME @6 2:1043 #
-315 vertex $-1 -1 -1 $-1 $196 $462 #
-316 straight-curve $-1 -1 -1 $-1 1.5105500000000001 0 0.89999999999999991 -1 -0 -0 I I #
-317 coedge $-1 -1 -1 $-1 $198 $197 $277 $419 forward $199 $-1 #
-318 edge $463 233860 -1 $-1 $201 0 $464 0.83481401285155954 $311 $375 forward @7 unknown T 1.4876 -0.66705450163537761 0.60418398840748666 1.4876 0 0.89999999999999991 #
-319 point $-1 -1 -1 $-1 1.4876 0 0.89999999999999991 #
-320 pcurve $-1 -1 -1 $-1 0 forward { exppc nubs 1 open 2 
	-0.072599999999999998 1 0.024199999999999777 1 
	0.041737649063032282 0.83239050601679687 
	-0.061328790459965823 0.83239050601679687 
	0 
	0 
	cone 1.5451999999999999 0 -5.5511151231257827e-17 1 0 0 0 0 0.89000000000000001 1 I I 0 -1 0.93919999999999959 forward I I I I 
	} 0 6.2831853071795862 #
-321 string_attrib-name_attrib-gen-attrib $-1 -1 $-1 $-1 $204 2 1 1 1 1 1 1 1 1 1 1 1 1 1 0 1 1 1 @17 ATTRIB_XACIS_NAME @6 2:1295 #
-322 vertex $-1 -1 -1 $-1 $419 $465 #
-323 string_attrib-name_attrib-gen-attrib $-1 -1 $-1 $-1 $205 2 1 1 1 1 1 1 1 1 1 1 1 1 1 0 1 1 1 @17 ATTRIB_XACIS_NAME @5 2:294 #
-324 coedge $-1 -1 -1 $-1 $207 $466 $467 $468 reversed $15 $-1 #
-325 coedge $-1 -1 -1 $-1 $469 $470 $207 $326 forward $471 $-1 #
-326 edge $472 233630 -1 $-1 $331 -0.51520000000000044 $473 -0.41520000000000068 $325 $474 forward @7 unknown T 0.73350000000000015 0 0.89999999999999991 0.73350000000000171 0 0.99999999999999967 #
-327 coedge $-1 -1 -1 $-1 $475 $208 $470 $476 forward $329 $-1 #
-328 coedge $-1 -1 -1 $-1 $208 $475 $210 $334 forward $329 $-1 #
-329 loop $-1 -1 -1 $-1 $-1 $208 $477 T 0.63599999999999968 -0.75544257269840698 0.65521486502887849 0.73350000000000171 0 0.99999999999999967 unknown #
-330 string_attrib-name_attrib-gen-attrib $-1 -1 $-1 $-1 $209 2 1 1 1 1 1 1 1 1 1 1 1 1 1 0 1 1 1 @17 ATTRIB_XACIS_NAME @6 2:1046 #
-331 vertex $-1 -1 -1 $-1 $209 $478 #
-332 straight-curve $-1 -1 -1 $-1 0.68474999999999997 0 0.99999999999999967 0.99999999999999967 -0 -0 I I #
-333 coedge $-1 -1 -1 $-1 $350 $210 $274 $413 forward $135 $-1 #
-334 edge $479 233861 -1 $-1 $480 -0.85632931867105722 $212 0 $328 $355 forward @7 unknown T 0.63599999999999968 -0.75544257269840687 0.65521486502887849 0.63599999999999968 0 0.99999999999999967 #
-335 point $-1 -1 -1 $-1 0.63599999999999968 0 0.99999999999999967 #
-336 point $-1 -1 -1 $-1 1.5384999999999995 -0.65819287455346254 0.59906772562628496 #
-337 coedge $-1 -1 -1 $-1 $481 $217 $482 $483 reversed $10 $-1 #
-338 coedge $-1 -1 -1 $-1 $484 $485 $217 $339 forward $486 $-1 #
-339 edge $487 233559 -1 $-1 $488 -0.022949999999999804 $344 0.022949999999998916 $338 $489 forward @7 unknown T 0.68760000000000021 0 -0.90000000000000013 0.73349999999999893 0 -0.90000000000000013 #
-340 coedge $-1 -1 -1 $-1 $490 $218 $221 $347 reversed $342 $-1 #
-341 coedge $-1 -1 -1 $-1 $218 $490 $484 $491 reversed $342 $-1 #
-342 loop $-1 -1 -1 $-1 $-1 $218 $492 T 0.73349999999999738 -0.75544257269840709 -0.99999999999999978 0.73350000000000026 0 -0.60418398840748655 unknown #
-343 string_attrib-name_attrib-gen-attrib $-1 -1 $-1 $-1 $219 2 1 1 1 1 1 1 1 1 1 1 1 1 1 0 1 1 1 @17 ATTRIB_XACIS_NAME @6 2:1169 #
-344 vertex $-1 -1 -1 $-1 $219 $493 #
-345 straight-curve $-1 -1 -1 $-1 0.7334999999999996 0 0.48479999999999923 -1.4608197692436258e-15 0 -1 I I #
-346 coedge $-1 -1 -1 $-1 $221 $220 $494 $495 reversed $222 $496 #
-347 edge $497 233864 -1 $-1 $498 2.2852633349187359 $224 3.1415926535897931 $221 $499 forward @7 unknown T 0.73349999999999782 -0.75544257269840709 -0.99999999999999967 0.73350000000000026 0 -0.65521486502887827 #
-348 face $500 233502 -1 $-1 $477 $222 $4 $-1 $20 forward single T 0.63599999999999968 -0.75544257269840709 -0.99999999999999967 0.73350000000000026 0 -0.65521486502887827 F #
-349 point $-1 -1 -1 $-1 0.73349999999999882 0 -0.99999999999999967 #
-350 coedge $-1 -1 -1 $-1 $226 $333 $414 $501 reversed $135 $-1 #
-351 coedge $-1 -1 -1 $-1 $254 $494 $226 $352 forward $255 $-1 #
-352 edge $502 233827 -1 $-1 $354 -0.36712845986853521 $503 0.014433756729740635 $351 $504 forward @7 unknown T 0.63599999999999968 -0.75544257269840687 -0.65521486502887849 0.63599999999999968 -0.42499999999999999 -0.46443375672974058 #
-353 string_attrib-name_attrib-gen-attrib $-1 -1 $-1 $-1 $227 2 1 1 1 1 1 1 1 1 1 1 1 1 1 0 1 1 1 @17 ATTRIB_XACIS_NAME @6 2:1334 #
-354 vertex $-1 -1 -1 $-1 $227 $505 #
-355 ellipse-curve $-1 -1 -1 $-1 0.63599999999999968 0 0 -1 0 0 0 0 0.99999999999999967 1 I I #
-356 string_attrib-name_attrib-gen-attrib $-1 -1 $-1 $-1 $232 2 1 1 1 1 1 1 1 1 1 1 1 1 1 0 1 1 1 @17 ATTRIB_XACIS_NAME @5 2:317 #
-357 plane-surface $-1 -1 -1 $-1 1.4876 0.90000000000000002 -2.2083846911615051e-16 -1 0 0 0 0 1 forward_v I I I I #
-358 coedge $-1 -1 -1 $-1 $233 $506 $507 $508 reversed $10 $-1 #
-359 coedge $-1 -1 -1 $-1 $509 $510 $233 $360 forward $511 $-1 #
-360 edge $512 233589 -1 $-1 $365 -0.12549999999999856 $513 0.069500000000001422 $359 $514 forward @7 unknown T 1.3384999999999985 0 -0.99999999999999967 1.5334999999999985 0 -0.99999999999999967 #
-361 coedge $-1 -1 -1 $-1 $515 $234 $510 $516 reversed $363 $-1 #
-362 coedge $-1 -1 -1 $-1 $234 $515 $236 $368 reversed $363 $-1 #
-363 loop $-1 -1 -1 $-1 $-1 $234 $517 T 1.5334999999999972 -0.75544257269840709 -0.99999999999999967 1.5335000000000001 0 -0.60418398840748644 unknown #
-364 string_attrib-name_attrib-gen-attrib $-1 -1 $-1 $-1 $235 2 1 1 1 1 1 1 1 1 1 1 1 1 1 0 1 1 1 @17 ATTRIB_XACIS_NAME @6 2:1172 #
-365 vertex $-1 -1 -1 $-1 $235 $518 #
-366 straight-curve $-1 -1 -1 $-1 1.5334999999999994 0 0.48479999999999868 -1.4608197692436258e-15 0 -1 I I #
-367 coedge $-1 -1 -1 $-1 $237 $236 $519 $520 forward $238 $521 #
-368 edge $522 233760 -1 $-1 $240 -3.1415926535897931 $523 -2.3067786407382336 $362 $524 forward @7 unknown T 1.5334999999999988 -0.66705450163537761 -0.90000000000000013 1.5335000000000001 0 -0.60418398840748666 #
-369 face $525 233492 -1 $-1 $526 $238 $4 $-1 $450 reversed single T 1.4876 -0.66705450163537772 -0.90000000000000013 1.5335000000000001 0 -0.60418398840748666 F #
-370 point $-1 -1 -1 $-1 1.5334999999999988 0 -0.90000000000000013 #
-371 coedge $-1 -1 -1 $-1 $519 $246 $242 $372 reversed $255 $-1 #
-372 edge $527 233797 -1 $-1 $374 -0.86922626237984857 $250 -0.85899373681744506 $242 $528 forward @7 unknown T 1.4876 -0.66705450163537761 -0.60418398840748677 1.4876 -0.65819287455346198 -0.59906772562628463 #
-373 string_attrib-name_attrib-gen-attrib $-1 -1 $-1 $-1 $243 2 1 1 1 1 1 1 1 1 1 1 1 1 1 0 1 1 1 @17 ATTRIB_XACIS_NAME @6 2:1315 #
-374 vertex $-1 -1 -1 $-1 $372 $529 #
-375 ellipse-curve $-1 -1 -1 $-1 1.4876 0 -5.5511151231257827e-17 1 0 0 0 0 0.90000000000000002 1 I I #
-376 string_attrib-name_attrib-gen-attrib $-1 -1 $-1 $-1 $244 2 1 1 1 1 1 1 1 1 1 1 1 1 1 0 1 1 1 @17 ATTRIB_XACIS_NAME @5 2:311 #
-377 face $530 233481 -1 $-1 $531 $444 $4 $-1 $532 reversed single T 0.63599999999999968 -0.47500000000000009 -0.4355662432702595 1.5384999999999993 -0.47499999999999992 0.43556624327025939 T -0.66056624327025959 0.21056624327025933 -1 -0.097500000000000364 #
-378 string_attrib-name_attrib-gen-attrib $-1 -1 $-1 $-1 $247 2 1 1 1 1 1 1 1 1 1 1 1 1 1 0 1 1 1 @17 ATTRIB_XACIS_NAME @7 1:19561 #
-379 straight-curve $-1 -1 -1 $-1 1.5117999999999998 -0.65819287455346265 -0.59906772562628496 1 0 0 I I #
-380 point $-1 -1 -1 $-1 1.4876 -0.65819287455346254 -0.59906772562628496 #
-381 coedge $-1 -1 -1 $-1 $414 $252 $254 $385 reversed $382 $-1 #
-382 loop $-1 -1 -1 $-1 $-1 $252 $531 T 0.63599999999999968 -0.42500000000000004 -0.46443375672974074 1.5384999999999993 -0.42499999999999988 0.46443375672974058 periphery $533 F #
-383 string_attrib-name_attrib-gen-attrib $-1 -1 $-1 $-1 $253 2 1 1 1 1 1 1 1 1 1 1 1 1 1 0 1 1 1 @17 ATTRIB_XACIS_NAME @7 1:19436 #
-384 straight-curve $-1 -1 -1 $-1 1.5384999999999995 -0.42499999999999988 0.59729999999999994 1.460560067951317e-15 1.2335811384723962e-16 1 I I #
-385 edge $534 233828 -1 $-1 $503 -1 $257 -0.097500000000001696 $381 $535 forward @7 unknown T 0.63599999999999968 -0.42500000000000004 -0.46443375672974069 1.538499999999998 -0.42500000000000004 -0.46443375672974058 #
-386 face $536 233460 -1 $-1 $537 $255 $4 $-1 $387 forward single T 0.63599999999999968 -0.75544257269840798 -0.65521486502887893 1.538499999999998 -0.42499999999999999 -0.46443375672974058 T -0.20024894033053853 0.1813132762677383 -1.0000000000000007 -0.097500000000001696 #
-387 plane-surface $-1 -1 -1 $-1 1.6359999999999997 -0.59842066940716043 -0.5645582268950099 0 0.50000000000000022 -0.86602540378443849 0 -0.86602540378443849 -0.50000000000000022 reverse_v I I I I #
-388 point $-1 -1 -1 $-1 1.538499999999998 -0.42500000000000004 -0.46443375672974069 #
-389 coedge $-1 -1 -1 $-1 $261 $260 $290 $434 forward $87 $-1 #
-390 coedge $-1 -1 -1 $-1 $426 $442 $261 $391 reversed $444 $-1 #
-391 edge $538 233731 -1 $-1 $539 0.16173375672974055 $394 1.0328662432702593 $390 $540 forward @7 unknown T 1.538499999999998 -0.47500000000000009 -0.4355662432702595 1.5384999999999993 -0.47499999999999992 0.43556624327025939 #
-392 coedge $-1 -1 -1 $-1 $262 $541 $271 $404 reversed $168 $-1 #
-393 string_attrib-name_attrib-gen-attrib $-1 -1 $-1 $-1 $263 2 1 1 1 1 1 1 1 1 1 1 1 1 1 0 1 1 1 @17 ATTRIB_XACIS_NAME @7 1:19424 #
-394 vertex $-1 -1 -1 $-1 $263 $542 #
-395 vertex $-1 -1 -1 $-1 $404 $543 #
-396 straight-curve $-1 -1 -1 $-1 1.5384999999999982 -0.066857918900482871 -0.19992530287983909 -7.3028003397565879e-16 -0.86602540378443849 -0.50000000000000022 I I #
-397 string_attrib-name_attrib-gen-attrib $-1 -1 $-1 $-1 $265 2 1 1 1 1 1 1 1 1 1 1 1 1 1 0 1 1 1 @17 ATTRIB_XACIS_NAME @7 1:16803 #
-398 face $544 233443 -1 $-1 $545 $546 $4 $-1 $547 forward single T 1.3384999999999998 -0.99999999999999967 -0.61608978008590987 1.5335000000000001 -0.78767593772673705 0.61608978008590976 T -0.069500000000000145 0.12550000000000022 0.90702756901473958 2.2345650845750535 #
-399 loop $-1 -1 -1 $-1 $-1 $548 $265 T 1.3384999999999976 -0.99999999999999967 -0.6160897800859102 1.3385 -0.70011865832508635 0.61608978008590998 periphery $400 T #
-400 plane-surface $-1 -1 -1 $-1 1.3385 0 0.96959999999999957 -1 0 1.4608197692436258e-15 -1.1686558153949007e-15 0 -0.80000000000000004 forward_v I I I I #
-401 coedge $-1 -1 -1 $-1 $549 $550 $551 $552 reversed $266 $-1 #
-402 coedge $-1 -1 -1 $-1 $553 $554 $555 $556 reversed $269 $-1 #
-403 coedge $-1 -1 -1 $-1 $272 $271 $557 $558 reversed $94 $-1 #
-404 edge $559 233682 -1 $-1 $395 0.021700000000002273 $560 0.072599999999999998 $271 $561 forward @7 unknown T 1.4876 -0.69135091633756984 -0.56047650305717778 1.5384999999999978 -0.69135091633756984 -0.56047650305717767 #
-405 pcurve $-1 -1 -1 $-1 0 forward { exppc nubs 1 open 2 
	-0.024199999999999777 1 0.072599999999999998 1 
	0.041737649063032282 2.2520262202918619 
	-0.061328790459965823 2.2520262202918619 
	0 
	0 
	cone 1.5451999999999999 0 -5.5511151231257827e-17 1 0 0 0 0 0.89000000000000001 1 I I 0 -1 0.93919999999999959 forward I I I I 
	} 0 0 #
-406 coedge $-1 -1 -1 $-1 $562 $290 $272 $407 reversed $178 $-1 #
-407 edge $563 233684 -1 $-1 $564 -0.024199999999999777 $410 0.026699999999999502 $272 $565 forward @7 unknown T 1.4876 -0.69135091633756973 0.56047650305717767 1.5384999999999993 -0.69135091633756973 0.56047650305717778 #
-408 pcurve $-1 -1 -1 $-1 0 forward { exppc nubs 1 open 2 
	-0.024199999999999777 1 0.072599999999999998 1 
	-0.061328790459965823 0.8895664332979305 
	0.041737649063032282 0.8895664332979305 
	0 
	0 
	cone 1.5451999999999999 0 -5.5511151231257827e-17 1 0 0 0 0 0.89000000000000001 1 I I 0 -1 0.93919999999999959 forward I I I I 
	} 0 0 #
-409 string_attrib-name_attrib-gen-attrib $-1 -1 $-1 $-1 $273 2 1 1 1 1 1 1 1 1 1 1 1 1 1 0 1 1 1 @17 ATTRIB_XACIS_NAME @7 1:19430 #
-410 vertex $-1 -1 -1 $-1 $273 $566 #
-411 ellipse-curve $-1 -1 -1 $-1 1.5385 0 -5.5511151231257827e-17 -1 0 1.460560067951317e-15 0 0 0.89000000000000001 1 I I #
-412 coedge $-1 -1 -1 $-1 $567 $274 $475 $568 forward $50 $-1 #
-413 edge $569 233643 -1 $-1 $480 -0.36712845986853504 $416 0.014433756729740718 $333 $570 forward @7 unknown T 0.63599999999999968 -0.75544257269840687 0.46443375672974058 0.63599999999999968 -0.42499999999999993 0.65521486502887849 #
-414 coedge $-1 -1 -1 $-1 $275 $381 $350 $501 forward $382 $-1 #
-415 string_attrib-name_attrib-gen-attrib $-1 -1 $-1 $-1 $276 2 1 1 1 1 1 1 1 1 1 1 1 1 1 0 1 1 1 @17 ATTRIB_XACIS_NAME @7 1:19531 #
-416 vertex $-1 -1 -1 $-1 $413 $571 #
-417 straight-curve $-1 -1 -1 $-1 1.6359999999999997 -0.42499999999999988 0.46443375672974058 -1 0 0 F -99.58321912895839 F 102.85521912895838 #
-418 coedge $-1 -1 -1 $-1 $277 $572 $460 $573 reversed $50 $-1 #
-419 edge $574 233679 -1 $-1 $322 0.85899373681744529 $464 0.86922626237984868 $317 $575 forward @7 unknown T 1.4876 -0.66705450163537761 0.59906772562628463 1.4876 -0.65819287455346209 0.60418398840748677 #
-420 string_attrib-name_attrib-gen-attrib $-1 -1 $-1 $-1 $278 2 1 1 1 1 1 1 1 1 1 1 1 1 1 0 1 1 1 @17 ATTRIB_XACIS_NAME @7 1:19544 #
-421 straight-curve $-1 -1 -1 $-1 1.5117999999999998 -0.65819287455346254 0.59906772562628496 -1 0 0 I I #
-422 point $-1 -1 -1 $-1 1.5384999999999993 -0.42499999999999988 0.46443375672974058 #
-423 coedge $-1 -1 -1 $-1 $283 $282 $576 $577 reversed $284 $-1 #
-424 face $578 233451 -1 $-1 $517 $284 $4 $-1 $425 forward single T 0.73349999999999771 -0.99999999999999967 -0.61608978008591031 0.73350000000000026 -0.70011865832508635 0.61608978008590998 T 0.441887774892612 1.9821122251073873 0.87514832290635791 1.586947042723619 #
-425 plane-surface $-1 -1 -1 $-1 0.73350000000000026 0 0.96959999999999957 -1 0 1.4608197692436258e-15 -1.1686558153949007e-15 0 -0.80000000000000004 forward_v I I I I #
-426 coedge $-1 -1 -1 $-1 $298 $390 $287 $427 reversed $444 $-1 #
-427 edge $579 233796 -1 $-1 $304 -1 $539 -0.097500000000000586 $287 $580 forward @7 unknown T 0.63599999999999968 -0.47499999999999998 0.43556624327025939 1.5384999999999991 -0.47499999999999992 0.43556624327025939 #
-428 coedge $-1 -1 -1 $-1 $288 $581 $582 $583 forward $178 $-1 #
-429 coedge $-1 -1 -1 $-1 $584 $576 $288 $430 forward $585 $-1 #
-430 edge $586 233794 -1 $-1 $432 0.90250000000000008 $587 0.94840000000000002 $288 $588 forward @7 unknown T 0.6876000000000001 -0.70011865832508657 0.56553856125385538 0.73350000000000004 -0.70011865832508646 0.5655385612538556 #
-431 string_attrib-name_attrib-gen-attrib $-1 -1 $-1 $-1 $289 2 1 1 1 1 1 1 1 1 1 1 1 1 1 0 1 1 1 @17 ATTRIB_XACIS_NAME @7 1:18420 #
-432 vertex $-1 -1 -1 $-1 $430 $589 #
-433 straight-curve $-1 -1 -1 $-1 0.73349999999999937 -0.48670703465517906 0.44232530287983923 7.3040988462181386e-16 -0.86602540378443926 0.50000000000000067 I I #
-434 edge $590 233730 -1 $-1 $410 -0.23630240035467684 $539 0.013518119219159507 $290 $591 forward @7 unknown T 1.5384999999999991 -0.69135091633756984 0.43556624327025939 1.5384999999999995 -0.47499999999999998 0.56047650305717778 #
-435 string_attrib-name_attrib-gen-attrib $-1 -1 $-1 $-1 $291 2 1 1 1 1 1 1 1 1 1 1 1 1 1 0 1 1 1 @17 ATTRIB_XACIS_NAME @7 1:19343 #
-436 coedge $-1 -1 -1 $-1 $592 $294 $593 $594 reversed $168 $-1 #
-437 coedge $-1 -1 -1 $-1 $576 $584 $294 $438 forward $585 $-1 #
-438 edge $595 233689 -1 $-1 $596 -0.94840000000000002 $440 -0.90250000000000008 $294 $597 forward @7 unknown T 0.6876000000000001 -0.70011865832508646 -0.5655385612538556 0.73350000000000004 -0.70011865832508646 -0.56553856125385549 #
-439 string_attrib-name_attrib-gen-attrib $-1 -1 $-1 $-1 $295 2 1 1 1 1 1 1 1 1 1 1 1 1 1 0 1 1 1 @17 ATTRIB_XACIS_NAME @7 1:18051 #
-440 vertex $-1 -1 -1 $-1 $438 $598 #
-441 straight-curve $-1 -1 -1 $-1 0.73349999999999826 -0.066857918900482594 -0.19992530287983884 7.3040988462181386e-16 0.86602540378443926 0.50000000000000067 I I #
-442 coedge $-1 -1 -1 $-1 $390 $298 $296 $443 forward $444 $-1 #
-443 edge $599 233686 -1 $-1 $301 -1 $394 -0.097500000000001696 $442 $600 forward @7 unknown T 0.63599999999999968 -0.47500000000000009 -0.4355662432702595 1.538499999999998 -0.47500000000000009 -0.43556624327025945 #
-444 loop $-1 -1 -1 $-1 $-1 $390 $377 T 0.63599999999999968 -0.47500000000000009 -0.4355662432702595 1.5384999999999993 -0.47499999999999992 0.43556624327025939 periphery $532 T #
-445 string_attrib-name_attrib-gen-attrib $-1 -1 $-1 $-1 $299 2 1 1 1 1 1 1 1 1 1 1 1 1 1 0 1 1 1 @17 ATTRIB_XACIS_NAME @7 1:22402 #
-446 straight-curve $-1 -1 -1 $-1 0.63599999999999968 -0.47500000000000003 -5.2023333075825989e-17 0 -1.2335811384723962e-16 1 I I #
-447 point $-1 -1 -1 $-1 0.63599999999999968 -0.47500000000000009 -0.43556624327025945 #
-448 point $-1 -1 -1 $-1 0.63599999999999968 -0.47499999999999992 0.43556624327025939 #
-449 string_attrib-name_attrib-gen-attrib $-1 -1 $-1 $-1 $307 2 1 1 1 1 1 1 1 1 1 1 1 1 1 0 1 1 1 @17 ATTRIB_XACIS_NAME @5 2:340 #
-450 cone-surface $-1 -1 -1 $-1 2.5267999999999997 0 -5.5511151231257827e-17 1 0 0 0 0 0.90000000000000002 1 I I -0 -1 0.93919999999999959 reversed I I I I #
-451 coedge $-1 -1 -1 $-1 $601 $308 $602 $603 reversed $15 $-1 #
-452 coedge $-1 -1 -1 $-1 $604 $605 $308 $453 forward $606 $-1 #
-453 edge $607 233599 -1 $-1 $608 -0.069499999999998313 $458 0.12550000000000167 $452 $609 forward @7 unknown T 1.3385000000000016 0 0.99999999999999967 1.5335000000000016 0 0.99999999999999967 #
-454 coedge $-1 -1 -1 $-1 $610 $309 $312 $461 reversed $456 $-1 #
-455 coedge $-1 -1 -1 $-1 $309 $610 $604 $611 reversed $456 $-1 #
-456 loop $-1 -1 -1 $-1 $-1 $309 $612 T 1.5334999999999996 -0.75544257269840698 0.60418398840748666 1.5335000000000016 0 0.99999999999999967 unknown #
-457 string_attrib-name_attrib-gen-attrib $-1 -1 $-1 $-1 $310 2 1 1 1 1 1 1 1 1 1 1 1 1 1 0 1 1 1 @17 ATTRIB_XACIS_NAME @6 2:1049 #
-458 vertex $-1 -1 -1 $-1 $310 $613 #
-459 straight-curve $-1 -1 -1 $-1 1.5334999999999994 0 0.48479999999999868 -1.4608197692436258e-15 0 -1 I I #
-460 coedge $-1 -1 -1 $-1 $312 $311 $418 $573 forward $313 $614 #
-461 edge $615 233863 -1 $-1 $616 -0.83481401285155954 $315 0 $454 $524 forward @7 unknown T 1.5335000000000001 -0.66705450163537772 0.60418398840748666 1.5335000000000014 0 0.89999999999999991 #
-462 point $-1 -1 -1 $-1 1.5335000000000014 0 0.89999999999999991 #
-463 string_attrib-name_attrib-gen-attrib $-1 -1 $-1 $-1 $318 2 1 1 1 1 1 1 1 1 1 1 1 1 1 0 1 1 1 @17 ATTRIB_XACIS_NAME @6 2:1318 #
-464 vertex $-1 -1 -1 $-1 $573 $617 #
-465 point $-1 -1 -1 $-1 1.4876 -0.65819287455346254 0.59906772562628496 #
-466 coedge $-1 -1 -1 $-1 $324 $618 $619 $620 reversed $15 $-1 #
-467 coedge $-1 -1 -1 $-1 $621 $622 $324 $468 forward $623 $-1 #
-468 edge $624 233629 -1 $-1 $473 -0.02295000000000158 $625 0.022949999999999804 $467 $626 forward @7 unknown T 0.68760000000000021 0 0.89999999999999991 0.7335000000000016 0 0.89999999999999991 #
-469 coedge $-1 -1 -1 $-1 $627 $325 $622 $628 reversed $471 $-1 #
-470 coedge $-1 -1 -1 $-1 $325 $627 $327 $476 reversed $471 $-1 #
-471 loop $-1 -1 -1 $-1 $-1 $325 $629 T 0.7334999999999996 -0.75544257269840731 0.60418398840748666 0.73350000000000171 0 0.99999999999999967 unknown #
-472 string_attrib-name_attrib-gen-attrib $-1 -1 $-1 $-1 $326 2 1 1 1 1 1 1 1 1 1 1 1 1 1 0 1 1 1 @17 ATTRIB_XACIS_NAME @6 2:1052 #
-473 vertex $-1 -1 -1 $-1 $326 $630 #
-474 straight-curve $-1 -1 -1 $-1 0.7334999999999996 0 0.48479999999999923 -1.4608197692436258e-15 0 -1 I I #
-475 coedge $-1 -1 -1 $-1 $328 $327 $412 $568 reversed $329 $631 #
-476 edge $632 233865 -1 $-1 $331 0 $633 0.85632931867105722 $327 $499 forward @7 unknown T 0.73349999999999982 -0.75544257269840698 0.65521486502887849 0.73350000000000171 0 0.99999999999999967 #
-477 face $634 233503 -1 $-1 $612 $329 $4 $-1 $20 forward single T 0.63599999999999968 -0.75544257269840698 0.65521486502887849 0.73350000000000171 0 0.99999999999999967 F #
-478 point $-1 -1 -1 $-1 0.73350000000000171 0 0.99999999999999967 #
-479 string_attrib-name_attrib-gen-attrib $-1 -1 $-1 $-1 $334 2 1 1 1 1 1 1 1 1 1 1 1 1 1 0 1 1 1 @17 ATTRIB_XACIS_NAME @6 2:1328 #
-480 vertex $-1 -1 -1 $-1 $334 $635 #
-481 coedge $-1 -1 -1 $-1 $636 $337 $637 $638 reversed $10 $-1 #
-482 coedge $-1 -1 -1 $-1 $639 $640 $337 $483 forward $641 $-1 #
-483 edge $642 233560 -1 $-1 $643 0.89000000000000001 $488 0.90000000000000002 $482 $644 forward @7 unknown T 0.68760000000000021 0 -0.90000000000000013 0.68760000000000021 0 -0.89000000000000012 #
-484 coedge $-1 -1 -1 $-1 $645 $338 $341 $491 forward $486 $-1 #
-485 coedge $-1 -1 -1 $-1 $338 $645 $639 $646 forward $486 $-1 #
-486 loop $-1 -1 -1 $-1 $-1 $338 $647 T 0.68759999999999999 -0.66705450163537772 -0.90000000000000013 0.73350000000000026 0 -0.60418398840748666 unknown #
-487 string_attrib-name_attrib-gen-attrib $-1 -1 $-1 $-1 $339 2 1 1 1 1 1 1 1 1 1 1 1 1 1 0 1 1 1 @17 ATTRIB_XACIS_NAME @6 2:1175 #
-488 vertex $-1 -1 -1 $-1 $339 $648 #
-489 straight-curve $-1 -1 -1 $-1 0.71055000000000001 0 -0.90000000000000013 1 0 0 I I #
-490 coedge $-1 -1 -1 $-1 $341 $340 $649 $650 reversed $342 $-1 #
-491 edge $651 233867 -1 $-1 $344 -3.1415926535897931 $652 -2.3067786407382336 $341 $653 forward @7 unknown T 0.73349999999999893 -0.66705450163537761 -0.90000000000000013 0.73350000000000026 0 -0.60418398840748666 #
-492 face $654 233505 -1 $-1 $629 $342 $4 $-1 $655 forward single T 0.73349999999999738 -0.75544257269840709 -0.99999999999999978 0.73350000000000026 0 -0.60418398840748655 F #
-493 point $-1 -1 -1 $-1 0.73349999999999893 0 -0.90000000000000013 #
-494 coedge $-1 -1 -1 $-1 $351 $649 $346 $495 forward $255 $-1 #
-495 edge $656 233826 -1 $-1 $498 -0.02169999999999829 $354 0.075799999999999923 $494 $657 forward @7 unknown T 0.63599999999999968 -0.75544257269840698 -0.65521486502887849 0.73349999999999782 -0.75544257269840687 -0.65521486502887849 #
-496 pcurve $-1 -1 -1 $-1 0 forward { exppc nubs 1 open 2 
	-0.075799999999999923 1 0.02169999999999829 1 
	0.027999999999999591 2.2852633349187359 
	0.12549999999999778 2.2852633349187359 
	0 
	0 
	cone 0.6080000000000001 0 0 1 0 0 0 0 0.99999999999999967 1 I I 0 -1 0.99999999999999967 forward I I I I 
	} 0 0 #
-497 string_attrib-name_attrib-gen-attrib $-1 -1 $-1 $-1 $347 2 1 1 1 1 1 1 1 1 1 1 1 1 1 0 1 1 1 @17 ATTRIB_XACIS_NAME @6 2:1354 #
-498 vertex $-1 -1 -1 $-1 $495 $658 #
-499 ellipse-curve $-1 -1 -1 $-1 0.73350000000000026 0 0 1 0 -1.4608197692436258e-15 0 0 0.99999999999999967 1 I I #
-500 string_attrib-name_attrib-gen-attrib $-1 -1 $-1 $-1 $348 2 1 1 1 1 1 1 1 1 1 1 1 1 1 0 1 1 1 @17 ATTRIB_XACIS_NAME @5 2:350 #
-501 edge $659 233856 -1 $-1 $503 -0.46443375672974052 $416 0.46443375672974063 $414 $660 forward @7 unknown T 0.63599999999999968 -0.42500000000000004 -0.46443375672974058 0.63599999999999968 -0.42499999999999993 0.46443375672974058 #
-502 string_attrib-name_attrib-gen-attrib $-1 -1 $-1 $-1 $352 2 1 1 1 1 1 1 1 1 1 1 1 1 1 0 1 1 1 @17 ATTRIB_XACIS_NAME @7 1:22405 #
-503 vertex $-1 -1 -1 $-1 $352 $661 #
-504 straight-curve $-1 -1 -1 $-1 0.63599999999999968 -0.43749999999999994 -0.47165063509461103 0 0.86602540378443782 0.49999999999999978 I I #
-505 point $-1 -1 -1 $-1 0.63599999999999968 -0.75544257269840687 -0.65521486502887849 #
-506 coedge $-1 -1 -1 $-1 $358 $662 $663 $664 reversed $10 $-1 #
-507 coedge $-1 -1 -1 $-1 $665 $666 $358 $508 forward $667 $-1 #
-508 edge $668 233588 -1 $-1 $513 -1.4847999999999986 $669 -1.3847999999999989 $507 $670 forward @7 unknown T 1.3384999999999971 0 -0.99999999999999978 1.3384999999999987 0 -0.90000000000000013 #
-509 coedge $-1 -1 -1 $-1 $671 $359 $666 $672 forward $511 $-1 #
-510 coedge $-1 -1 -1 $-1 $359 $671 $361 $516 forward $511 $-1 #
-511 loop $-1 -1 -1 $-1 $-1 $359 $673 T 1.3384999999999985 -0.75544257269840709 -0.99999999999999967 1.5335000000000001 0 -0.65521486502887827 unknown #
-512 string_attrib-name_attrib-gen-attrib $-1 -1 $-1 $-1 $360 2 1 1 1 1 1 1 1 1 1 1 1 1 1 0 1 1 1 @17 ATTRIB_XACIS_NAME @6 2:1178 #
-513 vertex $-1 -1 -1 $-1 $360 $674 #
-514 straight-curve $-1 -1 -1 $-1 1.4079999999999999 0 -0.99999999999999967 -0.99999999999999967 0 -0 I I #
-515 coedge $-1 -1 -1 $-1 $362 $361 $675 $676 reversed $363 $-1 #
-516 edge $677 233758 -1 $-1 $678 2.2852633349187359 $365 3.1415926535897931 $510 $679 forward @7 unknown T 1.5334999999999976 -0.75544257269840709 -0.99999999999999967 1.5335000000000001 0 -0.65521486502887827 #
-517 face $680 233452 -1 $-1 $681 $363 $4 $-1 $682 forward single T 1.5334999999999972 -0.75544257269840709 -0.99999999999999967 1.5335000000000001 0 -0.60418398840748644 F #
-518 point $-1 -1 -1 $-1 1.5334999999999985 0 -0.99999999999999967 #
-519 coedge $-1 -1 -1 $-1 $675 $371 $367 $520 reversed $255 $-1 #
-520 edge $683 233798 -1 $-1 $523 0.10250000000000004 $374 0.14840000000000009 $519 $684 forward @7 unknown T 1.4876 -0.66705450163537772 -0.60418398840748677 1.5335000000000001 -0.66705450163537761 -0.60418398840748677 #
-521 pcurve $-1 -1 -1 $-1 0 forward { exppc nubs 1 open 2 
	0.10250000000000004 1 0.14840000000000009 1 
	1.0576022146507666 2.3067786407382336 
	1.1064735945485522 2.3067786407382336 
	0 
	0 
	cone 2.5267999999999997 0 -5.5511151231257827e-17 1 0 0 0 0 0.90000000000000002 1 I I 0 1 0.93919999999999959 reversed I I I I 
	} 0 0 #
-522 string_attrib-name_attrib-gen-attrib $-1 -1 $-1 $-1 $368 2 1 1 1 1 1 1 1 1 1 1 1 1 1 0 1 1 1 @17 ATTRIB_XACIS_NAME @6 2:1347 #
-523 vertex $-1 -1 -1 $-1 $520 $685 #
-524 ellipse-curve $-1 -1 -1 $-1 1.5335000000000001 0 -5.5511151231257827e-17 -1 0 1.4608197692436258e-15 0 0 0.90000000000000002 1 I I #
-525 string_attrib-name_attrib-gen-attrib $-1 -1 $-1 $-1 $369 2 1 1 1 1 1 1 1 1 1 1 1 1 1 0 1 1 1 @17 ATTRIB_XACIS_NAME @5 2:334 #
-526 face $686 233493 -1 $-1 $687 $688 $4 $-1 $450 reversed single T 1.1384999999999987 -0.66705450163537772 -0.90000000000000013 1.1843999999999999 0 -0.60418398840748666 F #
-527 string_attrib-name_attrib-gen-attrib $-1 -1 $-1 $-1 $372 2 1 1 1 1 1 1 1 1 1 1 1 1 1 0 1 1 1 @17 ATTRIB_XACIS_NAME @7 1:17655 #
-528 straight-curve $-1 -1 -1 $-1 1.4876 0.085717523222168981 -0.16957085721756229 0 0.86602540378443782 0.49999999999999978 I I #
-529 point $-1 -1 -1 $-1 1.4876 -0.66705450163537761 -0.60418398840748677 #
-530 string_attrib-name_attrib-gen-attrib $-1 -1 $-1 $-1 $377 2 1 1 1 1 1 1 1 1 1 1 1 1 1 0 1 1 1 @17 ATTRIB_XACIS_NAME @7 1:19333 #
-531 face $689 233482 -1 $-1 $690 $382 $4 $-1 $533 forward single T 0.63599999999999968 -0.42500000000000004 -0.46443375672974074 1.5384999999999993 -0.42499999999999988 0.46443375672974058 T -0.68943375672974083 0.23943375672974052 -1 -0.097500000000000364 #
-532 plane-surface $-1 -1 -1 $-1 1.6359999999999997 -0.47499999999999998 0.22500000000000006 0 1 -1.2335811384723962e-16 0 1.2335811384723962e-16 1 forward_v I I I I #
-533 plane-surface $-1 -1 -1 $-1 1.6359999999999997 -0.42499999999999993 0.22500000000000006 0 1 -1.2335811384723962e-16 0 1.2335811384723962e-16 1 forward_v I I I I #
-534 string_attrib-name_attrib-gen-attrib $-1 -1 $-1 $-1 $385 2 1 1 1 1 1 1 1 1 1 1 1 1 1 0 1 1 1 @17 ATTRIB_XACIS_NAME @7 1:19551 #
-535 straight-curve $-1 -1 -1 $-1 1.6359999999999997 -0.42500000000000004 -0.46443375672974069 1 0 0 F -102.85535310020647 F 99.58335310020648 #
-536 string_attrib-name_attrib-gen-attrib $-1 -1 $-1 $-1 $386 2 1 1 1 1 1 1 1 1 1 1 1 1 1 0 1 1 1 @17 ATTRIB_XACIS_NAME @7 1:19383 #
-537 face $691 233461 -1 $-1 $692 $693 $4 $-1 $694 forward single T 0.78439999999999976 -0.90000000000000002 -0.5655385612538556 0.78440000000000021 -0.69135091633756951 0.56553856125385549 F #
-538 string_attrib-name_attrib-gen-attrib $-1 -1 $-1 $-1 $391 2 1 1 1 1 1 1 1 1 1 1 1 1 1 0 1 1 1 @17 ATTRIB_XACIS_NAME @7 1:19433 #
-539 vertex $-1 -1 -1 $-1 $391 $695 #
-540 straight-curve $-1 -1 -1 $-1 1.5384999999999995 -0.47499999999999992 0.59729999999999994 -1.460560067951317e-15 -1.2335811384723962e-16 -1 I I #
-541 coedge $-1 -1 -1 $-1 $392 $696 $697 $698 reversed $168 $-1 #
-542 point $-1 -1 -1 $-1 1.538499999999998 -0.47500000000000009 -0.4355662432702595 #
-543 point $-1 -1 -1 $-1 1.5384999999999978 -0.69135091633756984 -0.56047650305717778 #
-544 string_attrib-name_attrib-gen-attrib $-1 -1 $-1 $-1 $398 2 1 1 1 1 1 1 1 1 1 1 1 1 1 0 1 1 1 @17 ATTRIB_XACIS_NAME @7 1:16800 #
-545 face $699 233444 -1 $-1 $700 $701 $4 $-1 $702 forward single T 1.1334999999999977 -0.99999999999999967 -0.61608978008591031 1.1335000000000002 -0.70011865832508635 0.61608978008590998 T 0.441887774892612 1.9821122251073873 0.87514832290635791 1.586947042723619 #
-546 loop $-1 -1 -1 $-1 $-1 $703 $398 T 1.3384999999999998 -0.99999999999999967 -0.61608978008590987 1.5335000000000001 -0.78767593772673705 0.61608978008590976 periphery $547 F #
-547 cone-surface $-1 -1 -1 $-1 1.4079999999999999 0 0 1 0 0 0 0 0.99999999999999967 1 I I 0 -1 0.99999999999999967 forward I I I I #
-548 coedge $-1 -1 -1 $-1 $704 $705 $706 $707 reversed $399 $-1 #
-549 coedge $-1 -1 -1 $-1 $708 $401 $709 $710 reversed $266 $-1 #
-550 coedge $-1 -1 -1 $-1 $401 $708 $711 $712 reversed $266 $-1 #
-551 coedge $-1 -1 -1 $-1 $713 $714 $401 $552 forward $168 $-1 #
-552 edge $715 233712 -1 $-1 $716 -0.83232895441214172 $717 -0.73122651674803307 $551 $718 forward @7 unknown T 1.3334999999999977 -0.78767593772673794 -0.61608978008591031 1.3334999999999999 -0.70011865832508646 -0.56553856125385549 #
-553 coedge $-1 -1 -1 $-1 $719 $402 $703 $720 reversed $269 $-1 #
-554 coedge $-1 -1 -1 $-1 $402 $719 $721 $722 reversed $269 $-1 #
-555 coedge $-1 -1 -1 $-1 $696 $723 $402 $556 forward $168 $-1 #
-556 edge $724 233720 -1 $-1 $725 -0.83232895441214161 $726 -0.73122651674803296 $555 $727 forward @7 unknown T 1.5334999999999976 -0.78767593772673794 -0.61608978008591042 1.5335000000000001 -0.70011865832508646 -0.56553856125385549 #
-557 coedge $-1 -1 -1 $-1 $697 $728 $403 $558 forward $729 $-1 #
-558 edge $730 233683 -1 $-1 $564 0.88956643329793028 $560 2.2520262202918619 $403 $731 forward @7 unknown T 1.4876 -0.89000000000000001 -0.56047650305717767 1.4876 -0.69135091633756951 0.56047650305717789 #
-559 string_attrib-name_attrib-gen-attrib $-1 -1 $-1 $-1 $404 2 1 1 1 1 1 1 1 1 1 1 1 1 1 0 1 1 1 @17 ATTRIB_XACIS_NAME @7 1:19504 #
-560 vertex $-1 -1 -1 $-1 $404 $732 #
-561 straight-curve $-1 -1 -1 $-1 1.5602 -0.69135091633756984 -0.56047650305717778 -1 -0 -0 I I #
-562 coedge $-1 -1 -1 $-1 $733 $406 $728 $734 reversed $178 $-1 #
-563 string_attrib-name_attrib-gen-attrib $-1 -1 $-1 $-1 $407 2 1 1 1 1 1 1 1 1 1 1 1 1 1 0 1 1 1 @17 ATTRIB_XACIS_NAME @7 1:19521 #
-564 vertex $-1 -1 -1 $-1 $558 $735 #
-565 straight-curve $-1 -1 -1 $-1 1.5117999999999998 -0.69135091633756973 0.56047650305717778 1 0 0 I I #
-566 point $-1 -1 -1 $-1 1.5384999999999993 -0.69135091633756973 0.56047650305717778 #
-567 coedge $-1 -1 -1 $-1 $736 $412 $627 $737 forward $50 $-1 #
-568 edge $738 233644 -1 $-1 $480 -0.025800000000000285 $633 0.071699999999999917 $412 $739 forward @7 unknown T 0.63599999999999968 -0.75544257269840698 0.65521486502887849 0.73349999999999982 -0.75544257269840687 0.65521486502887849 #
-569 string_attrib-name_attrib-gen-attrib $-1 -1 $-1 $-1 $413 2 1 1 1 1 1 1 1 1 1 1 1 1 1 0 1 1 1 @17 ATTRIB_XACIS_NAME @7 1:22411 #
-570 straight-curve $-1 -1 -1 $-1 0.63599999999999968 -0.4375 0.47165063509461091 0 0.86602540378443804 -0.49999999999999994 I I #
-571 point $-1 -1 -1 $-1 0.63599999999999968 -0.42499999999999993 0.46443375672974058 #
-572 coedge $-1 -1 -1 $-1 $418 $740 $610 $741 forward $50 $-1 #
-573 edge $742 233678 -1 $-1 $464 -0.14840000000000009 $616 -0.10250000000000004 $418 $743 forward @7 unknown T 1.4876 -0.66705450163537772 0.60418398840748677 1.5335000000000001 -0.66705450163537761 0.60418398840748677 #
-574 string_attrib-name_attrib-gen-attrib $-1 -1 $-1 $-1 $419 2 1 1 1 1 1 1 1 1 1 1 1 1 1 0 1 1 1 @17 ATTRIB_XACIS_NAME @7 1:17652 #
-575 straight-curve $-1 -1 -1 $-1 1.4876 0.085717523222169065 0.16957085721756221 0 -0.86602540378443782 0.49999999999999978 I I #
-576 coedge $-1 -1 -1 $-1 $429 $437 $423 $577 forward $585 $-1 #
-577 edge $744 233757 -1 $-1 $440 -2.2502603582055301 $432 -0.89133229538426328 $423 $745 forward @7 unknown T 0.73350000000000004 -0.90000000000000002 -0.56553856125385549 0.73350000000000026 -0.70011865832508635 0.56553856125385549 #
-578 string_attrib-name_attrib-gen-attrib $-1 -1 $-1 $-1 $424 2 1 1 1 1 1 1 1 1 1 1 1 1 1 0 1 1 1 @17 ATTRIB_XACIS_NAME @7 1:16776 #
-579 string_attrib-name_attrib-gen-attrib $-1 -1 $-1 $-1 $427 2 1 1 1 1 1 1 1 1 1 1 1 1 1 0 1 1 1 @17 ATTRIB_XACIS_NAME @7 1:19511 #
-580 straight-curve $-1 -1 -1 $-1 1.6359999999999997 -0.47499999999999998 0.43556624327025939 1 0 0 F -102.85535310020647 F 99.58335310020648 #
-581 coedge $-1 -1 -1 $-1 $428 $746 $747 $748 reversed $178 $-1 #
-582 coedge $-1 -1 -1 $-1 $749 $750 $428 $583 reversed $751 $-1 #
-583 edge $752 233793 -1 $-1 $753 0.47870240035467732 $587 0.48882651674803324 $428 $754 forward @7 unknown T 0.68759999999999999 -0.70011865832508657 0.56047650305717767 0.68760000000000021 -0.69135091633756973 0.5655385612538556 #
-584 coedge $-1 -1 -1 $-1 $437 $429 $750 $755 forward $585 $-1 #
-585 loop $-1 -1 -1 $-1 $-1 $437 $756 T 0.6876000000000001 -0.90000000000000002 -0.5655385612538556 0.73350000000000026 -0.70011865832508635 0.5655385612538556 unknown #
-586 string_attrib-name_attrib-gen-attrib $-1 -1 $-1 $-1 $430 2 1 1 1 1 1 1 1 1 1 1 1 1 1 0 1 1 1 @17 ATTRIB_XACIS_NAME @7 1:16956 #
-587 vertex $-1 -1 -1 $-1 $583 $757 #
-588 straight-curve $-1 -1 -1 $-1 1.6360000000000001 -0.70011865832508646 0.5655385612538556 -1 0 0 I I #
-589 point $-1 -1 -1 $-1 0.73350000000000004 -0.70011865832508646 0.56553856125385538 #
-590 string_attrib-name_attrib-gen-attrib $-1 -1 $-1 $-1 $434 2 1 1 1 1 1 1 1 1 1 1 1 1 1 0 1 1 1 @17 ATTRIB_XACIS_NAME @7 1:19415 #
-591 straight-curve $-1 -1 -1 $-1 1.5384999999999993 -0.48670703465517878 0.44232530287983912 -7.3028003397565879e-16 0.86602540378443849 -0.50000000000000022 I I #
-592 coedge $-1 -1 -1 $-1 $758 $436 $759 $760 reversed $168 $-1 #
-593 coedge $-1 -1 -1 $-1 $750 $749 $436 $594 forward $751 $-1 #
-594 edge $761 233690 -1 $-1 $762 0.088990968651679811 $596 0.099115085045035564 $593 $763 forward @7 unknown T 0.68759999999999999 -0.70011865832508646 -0.56553856125385571 0.68760000000000021 -0.69135091633756984 -0.56047650305717778 #
-595 string_attrib-name_attrib-gen-attrib $-1 -1 $-1 $-1 $438 2 1 1 1 1 1 1 1 1 1 1 1 1 1 0 1 1 1 @17 ATTRIB_XACIS_NAME @7 1:16950 #
-596 vertex $-1 -1 -1 $-1 $438 $764 #
-597 straight-curve $-1 -1 -1 $-1 1.6360000000000001 -0.70011865832508646 -0.5655385612538556 1 0 0 I I #
-598 point $-1 -1 -1 $-1 0.73350000000000004 -0.70011865832508646 -0.56553856125385549 #
-599 string_attrib-name_attrib-gen-attrib $-1 -1 $-1 $-1 $443 2 1 1 1 1 1 1 1 1 1 1 1 1 1 0 1 1 1 @17 ATTRIB_XACIS_NAME @7 1:19491 #
-600 straight-curve $-1 -1 -1 $-1 1.6359999999999997 -0.47500000000000009 -0.4355662432702595 1 0 0 F -102.85535310020647 F 99.58335310020648 #
-601 coedge $-1 -1 -1 $-1 $765 $451 $766 $767 reversed $15 $-1 #
-602 coedge $-1 -1 -1 $-1 $768 $769 $451 $603 forward $770 $-1 #
-603 edge $771 233600 -1 $-1 $772 0.41520000000000112 $608 0.51520000000000088 $602 $773 forward @7 unknown T 1.3385 0 0.89999999999999991 1.3385000000000016 0 0.99999999999999967 #
-604 coedge $-1 -1 -1 $-1 $774 $452 $455 $611 forward $606 $-1 #
-605 coedge $-1 -1 -1 $-1 $452 $774 $768 $775 forward $606 $-1 #
-606 loop $-1 -1 -1 $-1 $-1 $452 $776 T 1.3384999999999998 -0.75544257269840698 0.65521486502887838 1.5335000000000016 0 0.99999999999999967 unknown #
-607 string_attrib-name_attrib-gen-attrib $-1 -1 $-1 $-1 $453 2 1 1 1 1 1 1 1 1 1 1 1 1 1 0 1 1 1 @17 ATTRIB_XACIS_NAME @6 2:1055 #
-608 vertex $-1 -1 -1 $-1 $453 $777 #
-609 straight-curve $-1 -1 -1 $-1 1.4079999999999999 0 0.99999999999999967 0.99999999999999967 -0 -0 I I #
-610 coedge $-1 -1 -1 $-1 $455 $454 $572 $741 reversed $456 $-1 #
-611 edge $778 233866 -1 $-1 $458 0 $779 0.85632931867105722 $604 $679 forward @7 unknown T 1.5334999999999996 -0.75544257269840698 0.65521486502887849 1.5335000000000016 0 0.99999999999999967 #
-612 face $780 233504 -1 $-1 $492 $456 $4 $-1 $682 forward single T 1.5334999999999996 -0.75544257269840698 0.60418398840748666 1.5335000000000016 0 0.99999999999999967 F #
-613 point $-1 -1 -1 $-1 1.5335000000000016 0 0.99999999999999967 #
-614 pcurve $-1 -1 -1 $-1 0 forward { exppc nubs 1 open 2 
	-0.14840000000000009 1 -0.10250000000000004 1 
	1.1064735945485522 0.83481401285155954 
	1.0576022146507666 0.83481401285155954 
	0 
	0 
	cone 2.5267999999999997 0 -5.5511151231257827e-17 1 0 0 0 0 0.90000000000000002 1 I I 0 1 0.93919999999999959 reversed I I I I 
	} 0 6.2831853071795862 #
-615 string_attrib-name_attrib-gen-attrib $-1 -1 $-1 $-1 $461 2 1 1 1 1 1 1 1 1 1 1 1 1 1 0 1 1 1 @17 ATTRIB_XACIS_NAME @6 2:1341 #
-616 vertex $-1 -1 -1 $-1 $461 $781 #
-617 point $-1 -1 -1 $-1 1.4876 -0.66705450163537761 0.60418398840748677 #
-618 coedge $-1 -1 -1 $-1 $466 $782 $783 $784 reversed $15 $-1 #
-619 coedge $-1 -1 -1 $-1 $785 $786 $466 $620 forward $787 $-1 #
-620 edge $788 233628 -1 $-1 $625 -0.90000000000000002 $789 -0.89000000000000001 $619 $790 forward @7 unknown T 0.68760000000000021 0 0.8899999999999999 0.68760000000000021 0 0.89999999999999991 #
-621 coedge $-1 -1 -1 $-1 $791 $467 $786 $792 forward $623 $-1 #
-622 coedge $-1 -1 -1 $-1 $467 $791 $469 $628 forward $623 $-1 #
-623 loop $-1 -1 -1 $-1 $-1 $467 $793 T 0.68759999999999999 -0.66705450163537772 0.60418398840748666 0.7335000000000016 0 0.89999999999999991 unknown #
-624 string_attrib-name_attrib-gen-attrib $-1 -1 $-1 $-1 $468 2 1 1 1 1 1 1 1 1 1 1 1 1 1 0 1 1 1 @17 ATTRIB_XACIS_NAME @6 2:1058 #
-625 vertex $-1 -1 -1 $-1 $468 $794 #
-626 straight-curve $-1 -1 -1 $-1 0.71055000000000001 0 0.89999999999999991 -1 -0 -0 I I #
-627 coedge $-1 -1 -1 $-1 $470 $469 $567 $737 reversed $471 $-1 #
-628 edge $795 233868 -1 $-1 $796 -0.83481401285155954 $473 0 $469 $653 forward @7 unknown T 0.73350000000000004 -0.66705450163537772 0.60418398840748666 0.7335000000000016 0 0.89999999999999991 #
-629 face $797 233506 -1 $-1 $776 $471 $4 $-1 $655 forward single T 0.7334999999999996 -0.75544257269840731 0.60418398840748666 0.73350000000000171 0 0.99999999999999967 F #
-630 point $-1 -1 -1 $-1 0.7335000000000016 0 0.89999999999999991 #
-631 pcurve $-1 -1 -1 $-1 0 forward { exppc nubs 1 open 2 
	-0.071699999999999917 1 0.025800000000000285 1 
	0.12549999999999978 0.85632931867105722 
	0.027999999999999591 0.85632931867105722 
	0 
	0 
	cone 0.6080000000000001 0 0 1 0 0 0 0 0.99999999999999967 1 I I 0 -1 0.99999999999999967 forward I I I I 
	} 0 6.2831853071795862 #
-632 string_attrib-name_attrib-gen-attrib $-1 -1 $-1 $-1 $476 2 1 1 1 1 1 1 1 1 1 1 1 1 1 0 1 1 1 @17 ATTRIB_XACIS_NAME @6 2:1357 #
-633 vertex $-1 -1 -1 $-1 $568 $798 #
-634 string_attrib-name_attrib-gen-attrib $-1 -1 $-1 $-1 $477 2 1 1 1 1 1 1 1 1 1 1 1 1 1 0 1 1 1 @17 ATTRIB_XACIS_NAME @5 2:353 #
-635 point $-1 -1 -1 $-1 0.63599999999999968 -0.75544257269840687 0.65521486502887849 #
-636 coedge $-1 -1 -1 $-1 $799 $481 $800 $801 reversed $10 $-1 #
-637 coedge $-1 -1 -1 $-1 $802 $803 $481 $638 forward $804 $-1 #
-638 edge $805 233561 -1 $-1 $806 -0.039200000000000124 $643 0.057599999999999874 $637 $807 forward @7 unknown T 0.68760000000000021 0 -0.89000000000000012 0.78440000000000021 0 -0.89000000000000012 #
-639 coedge $-1 -1 -1 $-1 $808 $482 $485 $646 reversed $641 $-1 #
-640 coedge $-1 -1 -1 $-1 $482 $808 $802 $809 forward $641 $-1 #
-641 loop $-1 -1 -1 $-1 $-1 $482 $810 T 0.68759999999999999 -0.66705450163537772 -0.90000000000000013 0.68760000000000021 0 -0.59906772562628463 unknown #
-642 string_attrib-name_attrib-gen-attrib $-1 -1 $-1 $-1 $483 2 1 1 1 1 1 1 1 1 1 1 1 1 1 0 1 1 1 @17 ATTRIB_XACIS_NAME @6 2:1181 #
-643 vertex $-1 -1 -1 $-1 $483 $811 #
-644 straight-curve $-1 -1 -1 $-1 0.68760000000000021 0 -1.1041923455807526e-16 0 0 -1 I I #
-645 coedge $-1 -1 -1 $-1 $485 $484 $812 $813 forward $486 $814 #
-646 edge $815 233870 -1 $-1 $816 2.3067786407382336 $488 3.1415926535897931 $485 $817 forward @7 unknown T 0.68759999999999999 -0.66705450163537772 -0.90000000000000013 0.68760000000000021 0 -0.60418398840748666 #
-647 face $818 233508 -1 $-1 $793 $486 $4 $-1 $450 reversed single T 0.68759999999999999 -0.66705450163537772 -0.90000000000000013 0.73350000000000026 0 -0.60418398840748666 F #
-648 point $-1 -1 -1 $-1 0.68760000000000021 0 -0.90000000000000013 #
-649 coedge $-1 -1 -1 $-1 $494 $812 $490 $650 forward $255 $-1 #
-650 edge $819 233825 -1 $-1 $652 0.72191483067685158 $498 0.82397658391963502 $649 $820 forward @7 unknown T 0.73349999999999771 -0.75544257269840698 -0.65521486502887849 0.73350000000000004 -0.66705450163537705 -0.60418398840748655 #
-651 string_attrib-name_attrib-gen-attrib $-1 -1 $-1 $-1 $491 2 1 1 1 1 1 1 1 1 1 1 1 1 1 0 1 1 1 @17 ATTRIB_XACIS_NAME @6 2:1386 #
-652 vertex $-1 -1 -1 $-1 $813 $821 #
-653 ellipse-curve $-1 -1 -1 $-1 0.73350000000000026 0 -5.5511151231257827e-17 -1 0 1.4608197692436258e-15 0 0 0.90000000000000002 1 I I #
-654 string_attrib-name_attrib-gen-attrib $-1 -1 $-1 $-1 $492 2 1 1 1 1 1 1 1 1 1 1 1 1 1 0 1 1 1 @17 ATTRIB_XACIS_NAME @5 2:376 #
-655 plane-surface $-1 -1 -1 $-1 0.73350000000000026 0 0.96959999999999957 -1 0 1.4608197692436258e-15 -1.1686558153949007e-15 0 -0.80000000000000004 forward_v I I I I #
-656 string_attrib-name_attrib-gen-attrib $-1 -1 $-1 $-1 $495 2 1 1 1 1 1 1 1 1 1 1 1 1 1 0 1 1 1 @17 ATTRIB_XACIS_NAME @7 1:18327 #
-657 straight-curve $-1 -1 -1 $-1 0.71179999999999954 -0.75544257269840698 -0.65521486502887849 -0.99999999999999933 -0 -0 I I #
-658 point $-1 -1 -1 $-1 0.73349999999999782 -0.75544257269840698 -0.65521486502887849 #
-659 string_attrib-name_attrib-gen-attrib $-1 -1 $-1 $-1 $501 2 1 1 1 1 1 1 1 1 1 1 1 1 1 0 1 1 1 @17 ATTRIB_XACIS_NAME @7 1:22414 #
-660 straight-curve $-1 -1 -1 $-1 0.63599999999999968 -0.42499999999999999 -5.8191238768187966e-17 0 -1.2335811384723962e-16 1 I I #
-661 point $-1 -1 -1 $-1 0.63599999999999968 -0.42500000000000004 -0.46443375672974058 #
-662 coedge $-1 -1 -1 $-1 $506 $822 $823 $824 reversed $10 $-1 #
-663 coedge $-1 -1 -1 $-1 $825 $826 $506 $664 forward $827 $-1 #
-664 edge $828 233587 -1 $-1 $669 -0.022950000000001358 $829 0.022949999999999804 $663 $830 forward @7 unknown T 1.3384999999999987 0 -0.90000000000000013 1.3843999999999999 0 -0.90000000000000013 #
-665 coedge $-1 -1 -1 $-1 $831 $507 $826 $832 reversed $667 $-1 #
-666 coedge $-1 -1 -1 $-1 $507 $831 $509 $672 reversed $667 $-1 #
-667 loop $-1 -1 -1 $-1 $-1 $507 $681 T 1.3384999999999971 -0.75544257269840775 -0.99999999999999978 1.3385 0 -0.60418398840748666 unknown #
-668 string_attrib-name_attrib-gen-attrib $-1 -1 $-1 $-1 $508 2 1 1 1 1 1 1 1 1 1 1 1 1 1 0 1 1 1 @17 ATTRIB_XACIS_NAME @6 2:1184 #
-669 vertex $-1 -1 -1 $-1 $508 $833 #
-670 straight-curve $-1 -1 -1 $-1 1.3384999999999994 0 0.48479999999999879 1.4608197692436258e-15 -0 1 I I #
-671 coedge $-1 -1 -1 $-1 $510 $509 $834 $835 reversed $511 $836 #
-672 edge $837 233763 -1 $-1 $513 -3.1415926535897931 $838 -2.2852633349187359 $509 $839 forward @7 unknown T 1.3384999999999985 -0.75544257269840709 -0.99999999999999967 1.3385 0 -0.65521486502887827 #
-673 face $840 233455 -1 $-1 $841 $511 $4 $-1 $842 forward single T 1.3384999999999985 -0.75544257269840709 -0.99999999999999967 1.5335000000000001 0 -0.65521486502887827 F #
-674 point $-1 -1 -1 $-1 1.3384999999999985 0 -0.99999999999999967 #
-675 coedge $-1 -1 -1 $-1 $834 $519 $515 $676 forward $255 $-1 #
-676 edge $843 233759 -1 $-1 $523 0.72191483067685114 $678 0.82397658391963469 $675 $844 forward @7 unknown T 1.5334999999999976 -0.75544257269840698 -0.65521486502887849 1.5335000000000001 -0.66705450163537683 -0.60418398840748644 #
-677 string_attrib-name_attrib-gen-attrib $-1 -1 $-1 $-1 $516 2 1 1 1 1 1 1 1 1 1 1 1 1 1 0 1 1 1 @17 ATTRIB_XACIS_NAME @6 2:1367 #
-678 vertex $-1 -1 -1 $-1 $835 $845 #
-679 ellipse-curve $-1 -1 -1 $-1 1.5335000000000001 0 0 1 0 -1.4608197692436258e-15 0 0 0.99999999999999967 1 I I #
-680 string_attrib-name_attrib-gen-attrib $-1 -1 $-1 $-1 $517 2 1 1 1 1 1 1 1 1 1 1 1 1 1 0 1 1 1 @17 ATTRIB_XACIS_NAME @5 2:360 #
-681 face $846 233453 -1 $-1 $847 $667 $4 $-1 $848 reversed single T 1.3384999999999971 -0.75544257269840775 -0.99999999999999978 1.3385 0 -0.60418398840748666 F #
-682 plane-surface $-1 -1 -1 $-1 1.5335000000000001 0 0.96959999999999957 -1 0 1.4608197692436258e-15 -1.1686558153949007e-15 0 -0.80000000000000004 forward_v I I I I #
-683 string_attrib-name_attrib-gen-attrib $-1 -1 $-1 $-1 $520 2 1 1 1 1 1 1 1 1 1 1 1 1 1 0 1 1 1 @17 ATTRIB_XACIS_NAME @7 1:17034 #
-684 straight-curve $-1 -1 -1 $-1 1.6360000000000001 -0.66705450163537772 -0.60418398840748677 -1 0 0 I I #
-685 point $-1 -1 -1 $-1 1.5335000000000001 -0.66705450163537761 -0.60418398840748677 #
-686 string_attrib-name_attrib-gen-attrib $-1 -1 $-1 $-1 $526 2 1 1 1 1 1 1 1 1 1 1 1 1 1 0 1 1 1 @17 ATTRIB_XACIS_NAME @5 2:646 #
-687 face $849 233494 -1 $-1 $850 $851 $4 $-1 $450 reversed single T 1.2876000000000001 -0.66705450163537772 -0.90000000000000013 1.3335000000000001 0 -0.60418398840748666 F #
-688 loop $-1 -1 -1 $-1 $-1 $852 $526 T 1.1384999999999987 -0.66705450163537772 -0.90000000000000013 1.1843999999999999 0 -0.60418398840748666 unknown #
-689 string_attrib-name_attrib-gen-attrib $-1 -1 $-1 $-1 $531 2 1 1 1 1 1 1 1 1 1 1 1 1 1 0 1 1 1 @17 ATTRIB_XACIS_NAME @7 1:19373 #
-690 face $853 233483 -1 $-1 $854 $855 $4 $-1 $450 reversed single T 1.3384999999999998 -0.90000000000000002 -0.5655385612538556 1.3844000000000001 -0.70011865832508635 0.5655385612538556 F #
-691 string_attrib-name_attrib-gen-attrib $-1 -1 $-1 $-1 $537 2 1 1 1 1 1 1 1 1 1 1 1 1 1 0 1 1 1 @17 ATTRIB_XACIS_NAME @7 1:16512 #
-692 face $856 233462 -1 $-1 $857 $858 $4 $-1 $859 forward single T 0.98439999999999994 -0.90000000000000002 -0.5655385612538556 0.98439999999999994 -0.69135091633756951 0.56553856125385549 F #
-693 loop $-1 -1 -1 $-1 $-1 $860 $537 T 0.78439999999999976 -0.90000000000000002 -0.5655385612538556 0.78440000000000021 -0.69135091633756951 0.56553856125385549 unknown #
-694 plane-surface $-1 -1 -1 $-1 0.78440000000000021 -0.90000000000000002 1.9943809916290128e-16 1 0 0 0 0 -1 forward_v I I I I #
-695 point $-1 -1 -1 $-1 1.5384999999999991 -0.47499999999999998 0.43556624327025939 #
-696 coedge $-1 -1 -1 $-1 $541 $555 $861 $862 reversed $168 $-1 #
-697 coedge $-1 -1 -1 $-1 $863 $557 $541 $698 forward $729 $-1 #
-698 edge $864 233722 -1 $-1 $560 0.088990968651679575 $865 0.099115085045035398 $697 $866 forward @7 unknown T 1.4875999999999998 -0.70011865832508646 -0.5655385612538556 1.4876 -0.69135091633756984 -0.56047650305717756 #
-699 string_attrib-name_attrib-gen-attrib $-1 -1 $-1 $-1 $545 2 1 1 1 1 1 1 1 1 1 1 1 1 1 0 1 1 1 @17 ATTRIB_XACIS_NAME @7 1:16797 #
-700 face $867 233445 -1 $-1 $868 $869 $4 $-1 $870 reversed single T 1.1384999999999976 -0.99999999999999967 -0.6160897800859102 1.1385000000000001 -0.70011865832508635 0.61608978008590998 T 0.441887774892612 1.9821122251073873 0.87514832290635791 1.586947042723619 #
-701 loop $-1 -1 -1 $-1 $-1 $871 $545 T 1.1334999999999977 -0.99999999999999967 -0.61608978008591031 1.1335000000000002 -0.70011865832508635 0.61608978008590998 periphery $702 F #
-702 plane-surface $-1 -1 -1 $-1 1.1335000000000002 0 0.96959999999999957 -1 0 1.4608197692436258e-15 -1.1686558153949007e-15 0 -0.80000000000000004 forward_v I I I I #
-703 coedge $-1 -1 -1 $-1 $872 $873 $553 $720 forward $546 $-1 #
-704 coedge $-1 -1 -1 $-1 $874 $548 $875 $876 reversed $399 $-1 #
-705 coedge $-1 -1 -1 $-1 $548 $874 $877 $878 reversed $399 $-1 #
-706 coedge $-1 -1 -1 $-1 $723 $879 $548 $707 forward $168 $-1 #
-707 edge $880 233718 -1 $-1 $881 0.73122651674803307 $882 0.83232895441214161 $706 $883 forward @7 unknown T 1.3384999999999976 -0.78767593772673794 -0.6160897800859102 1.3384999999999998 -0.70011865832508646 -0.56553856125385549 #
-708 coedge $-1 -1 -1 $-1 $550 $549 $884 $885 reversed $266 $-1 #
-709 coedge $-1 -1 -1 $-1 $886 $887 $549 $710 forward $888 $-1 #
-710 edge $889 233732 -1 $-1 $890 0.9070275690147398 $716 2.2345650845750535 $709 $891 forward @7 unknown T 1.3334999999999979 -0.99999999999999967 -0.61608978008590987 1.3335000000000001 -0.78767593772673705 0.61608978008590976 #
-711 coedge $-1 -1 -1 $-1 $892 $893 $550 $712 forward $894 $-1 #
-712 edge $895 233734 -1 $-1 $717 -2.2502603582055301 $896 -0.89133229538426328 $550 $897 forward @7 unknown T 1.3334999999999999 -0.90000000000000002 -0.56553856125385549 1.3335000000000001 -0.70011865832508635 0.56553856125385549 #
-713 coedge $-1 -1 -1 $-1 $898 $551 $893 $899 reversed $168 $-1 #
-714 coedge $-1 -1 -1 $-1 $551 $900 $886 $901 forward $168 $-1 #
-715 string_attrib-name_attrib-gen-attrib $-1 -1 $-1 $-1 $552 2 1 1 1 1 1 1 1 1 1 1 1 1 1 0 1 1 1 @17 ATTRIB_XACIS_NAME @7 1:18078 #
-716 vertex $-1 -1 -1 $-1 $901 $902 #
-717 vertex $-1 -1 -1 $-1 $712 $903 #
-718 straight-curve $-1 -1 -1 $-1 1.3334999999999984 -0.066857918900482816 -0.1999253028798389 7.3040988462181386e-16 0.86602540378443926 0.50000000000000067 I I #
-719 coedge $-1 -1 -1 $-1 $554 $553 $904 $905 reversed $269 $-1 #
-720 edge $906 233723 -1 $-1 $907 0.9070275690147398 $725 2.2345650845750535 $703 $908 forward @7 unknown T 1.5334999999999979 -0.99999999999999967 -0.61608978008590987 1.5335000000000001 -0.78767593772673705 0.61608978008590976 #
-721 coedge $-1 -1 -1 $-1 $909 $861 $554 $722 forward $910 $-1 #
-722 edge $911 233725 -1 $-1 $726 -2.2502603582055301 $912 -0.89133229538426328 $554 $913 forward @7 unknown T 1.5335000000000001 -0.90000000000000002 -0.56553856125385549 1.5335000000000001 -0.70011865832508635 0.56553856125385549 #
-723 coedge $-1 -1 -1 $-1 $555 $706 $872 $914 forward $168 $-1 #
-724 string_attrib-name_attrib-gen-attrib $-1 -1 $-1 $-1 $556 2 1 1 1 1 1 1 1 1 1 1 1 1 1 0 1 1 1 @17 ATTRIB_XACIS_NAME @7 1:18087 #
-725 vertex $-1 -1 -1 $-1 $914 $915 #
-726 vertex $-1 -1 -1 $-1 $722 $916 #
-727 straight-curve $-1 -1 -1 $-1 1.5334999999999983 -0.066857918900482816 -0.19992530287983903 7.3040988462181386e-16 0.86602540378443926 0.50000000000000067 I I #
-728 coedge $-1 -1 -1 $-1 $557 $863 $562 $734 forward $729 $-1 #
-729 loop $-1 -1 -1 $-1 $-1 $697 $917 T 1.4875999999999998 -0.90000000000000002 -0.5655385612538556 1.4876 -0.69135091633756951 0.56553856125385549 periphery $918 F #
-730 string_attrib-name_attrib-gen-attrib $-1 -1 $-1 $-1 $558 2 1 1 1 1 1 1 1 1 1 1 1 1 1 0 1 1 1 @17 ATTRIB_XACIS_NAME @7 1:17637 #
-731 ellipse-curve $-1 -1 -1 $-1 1.4876 0 -5.5511151231257827e-17 1 0 0 0 0 0.89000000000000001 1 I I #
-732 point $-1 -1 -1 $-1 1.4876 -0.69135091633756984 -0.56047650305717767 #
-733 coedge $-1 -1 -1 $-1 $904 $562 $909 $919 reversed $178 $-1 #
-734 edge $920 233773 -1 $-1 $921 -0.099115085045035425 $564 -0.088990968651679478 $728 $922 forward @7 unknown T 1.4875999999999998 -0.70011865832508657 0.56047650305717756 1.4876 -0.69135091633756973 0.56553856125385549 #
-735 point $-1 -1 -1 $-1 1.4876 -0.69135091633756973 0.56047650305717767 #
-736 coedge $-1 -1 -1 $-1 $923 $567 $791 $924 reversed $50 $-1 #
-737 edge $925 233645 -1 $-1 $633 -0.33917658391963451 $796 -0.23711483067685107 $567 $926 forward @7 unknown T 0.7334999999999996 -0.75544257269840731 0.60418398840748677 0.73350000000000004 -0.66705450163537772 0.6552148650288786 #
-738 string_attrib-name_attrib-gen-attrib $-1 -1 $-1 $-1 $568 2 1 1 1 1 1 1 1 1 1 1 1 1 1 0 1 1 1 @17 ATTRIB_XACIS_NAME @7 1:18156 #
-739 straight-curve $-1 -1 -1 $-1 0.66179999999999994 -0.75544257269840698 0.65521486502887849 0.99999999999999933 0 0 I I #
-740 coedge $-1 -1 -1 $-1 $572 $927 $774 $928 forward $50 $-1 #
-741 edge $929 233677 -1 $-1 $779 -0.33917658391963468 $616 -0.23711483067685121 $572 $930 forward @7 unknown T 1.5334999999999996 -0.75544257269840698 0.60418398840748666 1.5335000000000001 -0.66705450163537749 0.65521486502887849 #
-742 string_attrib-name_attrib-gen-attrib $-1 -1 $-1 $-1 $573 2 1 1 1 1 1 1 1 1 1 1 1 1 1 0 1 1 1 @17 ATTRIB_XACIS_NAME @7 1:17040 #
-743 straight-curve $-1 -1 -1 $-1 1.6360000000000001 -0.66705450163537772 0.60418398840748677 1 0 0 I I #
-744 string_attrib-name_attrib-gen-attrib $-1 -1 $-1 $-1 $577 2 1 1 1 1 1 1 1 1 1 1 1 1 1 0 1 1 1 @17 ATTRIB_XACIS_NAME @7 1:16953 #
-745 ellipse-curve $-1 -1 -1 $-1 0.73350000000000026 0 -5.5511151231257827e-17 -1 0 1.4608197692436258e-15 0 0 0.90000000000000002 1 I I #
-746 coedge $-1 -1 -1 $-1 $581 $931 $932 $933 reversed $178 $-1 #
-747 coedge $-1 -1 -1 $-1 $934 $935 $581 $748 forward $936 $-1 #
-748 edge $937 233792 -1 $-1 $753 -0.024199999999999666 $938 0.072600000000000331 $747 $939 forward @7 unknown T 0.68759999999999999 -0.69135091633756973 0.56047650305717767 0.7844000000000001 -0.69135091633756973 0.56047650305717778 #
-749 coedge $-1 -1 -1 $-1 $593 $582 $935 $940 forward $751 $-1 #
-750 coedge $-1 -1 -1 $-1 $582 $593 $584 $755 reversed $751 $-1 #
-751 loop $-1 -1 -1 $-1 $-1 $593 $941 T 0.68759999999999999 -0.90000000000000002 -0.56553856125385571 0.68760000000000021 -0.69135091633756951 0.5655385612538556 periphery $942 F #
-752 string_attrib-name_attrib-gen-attrib $-1 -1 $-1 $-1 $583 2 1 1 1 1 1 1 1 1 1 1 1 1 1 0 1 1 1 @17 ATTRIB_XACIS_NAME @7 1:17865 #
-753 vertex $-1 -1 -1 $-1 $583 $943 #
-754 straight-curve $-1 -1 -1 $-1 0.68759999999999999 -0.27678247677783085 0.32112530287983909 0 -0.86602540378443782 0.49999999999999978 I I #
-755 edge $944 233837 -1 $-1 $587 0.89133229538426351 $596 2.2502603582055301 $584 $945 forward @7 unknown T 0.68760000000000021 -0.90000000000000002 -0.5655385612538556 0.68760000000000021 -0.70011865832508635 0.56553856125385549 #
-756 face $946 233496 -1 $-1 $205 $585 $4 $-1 $450 reversed single T 0.6876000000000001 -0.90000000000000002 -0.5655385612538556 0.73350000000000026 -0.70011865832508635 0.5655385612538556 F #
-757 point $-1 -1 -1 $-1 0.68760000000000021 -0.70011865832508657 0.56553856125385549 #
-758 coedge $-1 -1 -1 $-1 $947 $592 $860 $948 reversed $168 $-1 #
-759 coedge $-1 -1 -1 $-1 $935 $934 $592 $760 forward $936 $-1 #
-760 edge $949 233691 -1 $-1 $950 -0.024199999999999999 $762 0.072599999999999998 $759 $951 forward @7 unknown T 0.68759999999999999 -0.69135091633756984 -0.56047650305717778 0.78439999999999999 -0.69135091633756984 -0.56047650305717767 #
-761 string_attrib-name_attrib-gen-attrib $-1 -1 $-1 $-1 $594 2 1 1 1 1 1 1 1 1 1 1 1 1 1 0 1 1 1 @17 ATTRIB_XACIS_NAME @7 1:17862 #
-762 vertex $-1 -1 -1 $-1 $594 $952 #
-763 straight-curve $-1 -1 -1 $-1 0.68760000000000021 -0.61428247677783054 -0.51598101873133784 0 -0.86602540378443926 -0.50000000000000067 I I #
-764 point $-1 -1 -1 $-1 0.68760000000000021 -0.70011865832508646 -0.5655385612538556 #
-765 coedge $-1 -1 -1 $-1 $953 $601 $954 $955 reversed $15 $-1 #
-766 coedge $-1 -1 -1 $-1 $956 $957 $601 $767 forward $958 $-1 #
-767 edge $959 233601 -1 $-1 $960 -0.022949999999999804 $772 0.022949999999998694 $766 $961 forward @7 unknown T 1.3385000000000014 0 0.89999999999999991 1.3843999999999999 0 0.89999999999999991 #
-768 coedge $-1 -1 -1 $-1 $962 $602 $605 $775 reversed $770 $-1 #
-769 coedge $-1 -1 -1 $-1 $602 $962 $956 $963 reversed $770 $-1 #
-770 loop $-1 -1 -1 $-1 $-1 $602 $964 T 1.3384999999999996 -0.75544257269840687 0.60418398840748655 1.3385000000000016 0 0.99999999999999967 unknown #
-771 string_attrib-name_attrib-gen-attrib $-1 -1 $-1 $-1 $603 2 1 1 1 1 1 1 1 1 1 1 1 1 1 0 1 1 1 @17 ATTRIB_XACIS_NAME @6 2:1061 #
-772 vertex $-1 -1 -1 $-1 $603 $965 #
-773 straight-curve $-1 -1 -1 $-1 1.3384999999999994 0 0.48479999999999879 1.4608197692436258e-15 -0 1 I I #
-774 coedge $-1 -1 -1 $-1 $605 $604 $740 $928 reversed $606 $966 #
-775 edge $967 233869 -1 $-1 $968 -0.85632931867105722 $608 0 $605 $839 forward @7 unknown T 1.3384999999999998 -0.75544257269840687 0.65521486502887838 1.3385000000000016 0 0.99999999999999967 #
-776 face $969 233507 -1 $-1 $647 $606 $4 $-1 $842 forward single T 1.3384999999999998 -0.75544257269840698 0.65521486502887838 1.5335000000000016 0 0.99999999999999967 F #
-777 point $-1 -1 -1 $-1 1.3385000000000016 0 0.99999999999999967 #
-778 string_attrib-name_attrib-gen-attrib $-1 -1 $-1 $-1 $611 2 1 1 1 1 1 1 1 1 1 1 1 1 1 0 1 1 1 @17 ATTRIB_XACIS_NAME @6 2:1370 #
-779 vertex $-1 -1 -1 $-1 $928 $970 #
-780 string_attrib-name_attrib-gen-attrib $-1 -1 $-1 $-1 $612 2 1 1 1 1 1 1 1 1 1 1 1 1 1 0 1 1 1 @17 ATTRIB_XACIS_NAME @5 2:366 #
-781 point $-1 -1 -1 $-1 1.5335000000000001 -0.66705450163537772 0.60418398840748677 #
-782 coedge $-1 -1 -1 $-1 $618 $971 $972 $973 reversed $15 $-1 #
-783 coedge $-1 -1 -1 $-1 $974 $975 $618 $784 forward $976 $-1 #
-784 edge $977 233627 -1 $-1 $789 -0.057599999999999874 $978 0.039200000000000124 $783 $979 forward @7 unknown T 0.68760000000000021 0 0.8899999999999999 0.78440000000000021 0 0.8899999999999999 #
-785 coedge $-1 -1 -1 $-1 $980 $619 $975 $981 forward $787 $-1 #
-786 coedge $-1 -1 -1 $-1 $619 $980 $621 $792 reversed $787 $-1 #
-787 loop $-1 -1 -1 $-1 $-1 $619 $982 T 0.68759999999999999 -0.66705450163537772 0.59906772562628496 0.68760000000000021 0 0.89999999999999991 unknown #
-788 string_attrib-name_attrib-gen-attrib $-1 -1 $-1 $-1 $620 2 1 1 1 1 1 1 1 1 1 1 1 1 1 0 1 1 1 @17 ATTRIB_XACIS_NAME @6 2:1064 #
-789 vertex $-1 -1 -1 $-1 $620 $983 #
-790 straight-curve $-1 -1 -1 $-1 0.68760000000000021 0 -1.1041923455807526e-16 0 0 -1 I I #
-791 coedge $-1 -1 -1 $-1 $622 $621 $736 $924 forward $623 $984 #
-792 edge $985 233871 -1 $-1 $625 0 $986 0.83481401285155954 $621 $817 forward @7 unknown T 0.68759999999999999 -0.66705450163537761 0.60418398840748666 0.68760000000000021 0 0.89999999999999991 #
-793 face $987 233509 -1 $-1 $964 $623 $4 $-1 $450 reversed single T 0.68759999999999999 -0.66705450163537772 0.60418398840748666 0.7335000000000016 0 0.89999999999999991 F #
-794 point $-1 -1 -1 $-1 0.68760000000000021 0 0.89999999999999991 #
-795 string_attrib-name_attrib-gen-attrib $-1 -1 $-1 $-1 $628 2 1 1 1 1 1 1 1 1 1 1 1 1 1 0 1 1 1 @17 ATTRIB_XACIS_NAME @6 2:1380 #
-796 vertex $-1 -1 -1 $-1 $924 $988 #
-797 string_attrib-name_attrib-gen-attrib $-1 -1 $-1 $-1 $629 2 1 1 1 1 1 1 1 1 1 1 1 1 1 0 1 1 1 @17 ATTRIB_XACIS_NAME @5 2:379 #
-798 point $-1 -1 -1 $-1 0.73349999999999982 -0.75544257269840698 0.65521486502887849 #
-799 coedge $-1 -1 -1 $-1 $989 $636 $990 $991 reversed $10 $-1 #
-800 coedge $-1 -1 -1 $-1 $992 $993 $636 $801 forward $994 $-1 #
-801 edge $995 233562 -1 $-1 $996 -0.90000000000000024 $806 -0.89000000000000024 $800 $997 forward @7 unknown T 0.78440000000000021 0 -0.90000000000000013 0.78440000000000021 0 -0.89000000000000012 #
-802 coedge $-1 -1 -1 $-1 $998 $637 $640 $809 reversed $804 $-1 #
-803 coedge $-1 -1 -1 $-1 $637 $998 $992 $999 forward $804 $-1 #
-804 loop $-1 -1 -1 $-1 $-1 $637 $1000 T 0.68759999999999999 -0.65819287455346287 -0.89000000000000012 0.78440000000000021 0 -0.59906772562628463 unknown #
-805 string_attrib-name_attrib-gen-attrib $-1 -1 $-1 $-1 $638 2 1 1 1 1 1 1 1 1 1 1 1 1 1 0 1 1 1 @17 ATTRIB_XACIS_NAME @6 2:1187 #
-806 vertex $-1 -1 -1 $-1 $638 $1001 #
-807 straight-curve $-1 -1 -1 $-1 0.74520000000000008 0 -0.89000000000000012 -1 0 -0 I I #
-808 coedge $-1 -1 -1 $-1 $640 $639 $1002 $1003 reversed $641 $-1 #
-809 edge $1004 233873 -1 $-1 $1005 2.3092021475729956 $643 3.1415926535897931 $802 $1006 forward @7 unknown T 0.68759999999999999 -0.65819287455346287 -0.89000000000000012 0.68760000000000021 0 -0.59906772562628463 #
-810 face $1007 233511 -1 $-1 $982 $641 $4 $-1 $1008 forward single T 0.68759999999999999 -0.66705450163537772 -0.90000000000000013 0.68760000000000021 0 -0.59906772562628463 F #
-811 point $-1 -1 -1 $-1 0.68760000000000021 0 -0.89000000000000012 #
-812 coedge $-1 -1 -1 $-1 $649 $1002 $645 $813 reversed $255 $-1 #
-813 edge $1009 233824 -1 $-1 $652 0.90250000000000008 $816 0.94840000000000013 $812 $1010 forward @7 unknown T 0.68759999999999999 -0.66705450163537772 -0.60418398840748677 0.73350000000000004 -0.66705450163537761 -0.60418398840748677 #
-814 pcurve $-1 -1 -1 $-1 0 forward { exppc nubs 1 open 2 
	0.90250000000000008 1 0.94840000000000013 1 
	1.9093909710391828 2.3067786407382336 
	1.9582623509369681 2.3067786407382336 
	0 
	0 
	cone 2.5267999999999997 0 -5.5511151231257827e-17 1 0 0 0 0 0.90000000000000002 1 I I 0 1 0.93919999999999959 reversed I I I I 
	} 0 0 #
-815 string_attrib-name_attrib-gen-attrib $-1 -1 $-1 $-1 $646 2 1 1 1 1 1 1 1 1 1 1 1 1 1 0 1 1 1 @17 ATTRIB_XACIS_NAME @6 2:1406 #
-816 vertex $-1 -1 -1 $-1 $1003 $1011 #
-817 ellipse-curve $-1 -1 -1 $-1 0.68760000000000021 0 -5.5511151231257827e-17 1 0 0 0 0 0.90000000000000002 1 I I #
-818 string_attrib-name_attrib-gen-attrib $-1 -1 $-1 $-1 $647 2 1 1 1 1 1 1 1 1 1 1 1 1 1 0 1 1 1 @17 ATTRIB_XACIS_NAME @5 2:402 #
-819 string_attrib-name_attrib-gen-attrib $-1 -1 $-1 $-1 $650 2 1 1 1 1 1 1 1 1 1 1 1 1 1 0 1 1 1 @17 ATTRIB_XACIS_NAME @7 1:18324 #
-820 straight-curve $-1 -1 -1 $-1 0.73349999999999826 -0.041857918900482627 -0.24322657306906093 -7.3040988462181258e-16 -0.86602540378443782 -0.49999999999999978 I I #
-821 point $-1 -1 -1 $-1 0.73350000000000004 -0.66705450163537761 -0.60418398840748677 #
-822 coedge $-1 -1 -1 $-1 $662 $1012 $1013 $1014 reversed $10 $-1 #
-823 coedge $-1 -1 -1 $-1 $1015 $1016 $662 $824 forward $1017 $-1 #
-824 edge $1018 233586 -1 $-1 $829 -0.90000000000000024 $1019 -0.89000000000000024 $823 $1020 forward @7 unknown T 1.3843999999999999 0 -0.90000000000000013 1.3843999999999999 0 -0.89000000000000012 #
-825 coedge $-1 -1 -1 $-1 $1021 $663 $1016 $1022 reversed $827 $-1 #
-826 coedge $-1 -1 -1 $-1 $663 $1021 $665 $832 forward $827 $-1 #
-827 loop $-1 -1 -1 $-1 $-1 $663 $1023 T 1.3384999999999987 -0.66705450163537772 -0.90000000000000013 1.3843999999999999 0 -0.60418398840748666 unknown #
-828 string_attrib-name_attrib-gen-attrib $-1 -1 $-1 $-1 $664 2 1 1 1 1 1 1 1 1 1 1 1 1 1 0 1 1 1 @17 ATTRIB_XACIS_NAME @6 2:1190 #
-829 vertex $-1 -1 -1 $-1 $664 $1024 #
-830 straight-curve $-1 -1 -1 $-1 1.36145 0 -0.90000000000000013 1 0 0 I I #
-831 coedge $-1 -1 -1 $-1 $666 $665 $1025 $1026 reversed $667 $-1 #
-832 edge $1027 233761 -1 $-1 $1028 2.3067786407382336 $669 3.1415926535897931 $665 $1029 forward @7 unknown T 1.3384999999999987 -0.66705450163537772 -0.90000000000000013 1.3385 0 -0.60418398840748666 #
-833 point $-1 -1 -1 $-1 1.3384999999999987 0 -0.90000000000000013 #
-834 coedge $-1 -1 -1 $-1 $1025 $675 $671 $835 forward $255 $-1 #
-835 edge $1030 233767 -1 $-1 $678 -0.17329999999999773 $838 0.021700000000000046 $834 $1031 forward @7 unknown T 1.3384999999999998 -0.75544257269840698 -0.65521486502887849 1.5334999999999976 -0.75544257269840698 -0.65521486502887849 #
-836 pcurve $-1 -1 -1 $-1 0 forward { exppc nubs 1 open 2 
	-0.021700000000000046 1 0.17329999999999773 1 
	-0.069500000000000145 2.2852633349187359 
	0.12549999999999756 2.2852633349187359 
	0 
	0 
	cone 1.4079999999999999 0 0 1 0 0 0 0 0.99999999999999967 1 I I 0 -1 0.99999999999999967 forward I I I I 
	} 0 0 #
-837 string_attrib-name_attrib-gen-attrib $-1 -1 $-1 $-1 $672 2 1 1 1 1 1 1 1 1 1 1 1 1 1 0 1 1 1 @17 ATTRIB_XACIS_NAME @6 2:1399 #
-838 vertex $-1 -1 -1 $-1 $835 $1032 #
-839 ellipse-curve $-1 -1 -1 $-1 1.3385 0 0 -1 0 1.4608197692436258e-15 0 0 0.99999999999999967 1 I I #
-840 string_attrib-name_attrib-gen-attrib $-1 -1 $-1 $-1 $673 2 1 1 1 1 1 1 1 1 1 1 1 1 1 0 1 1 1 @17 ATTRIB_XACIS_NAME @5 2:386 #
-841 face $1033 233456 -1 $-1 $1034 $1035 $4 $-1 $1036 reversed single T 1.1384999999999972 -0.75544257269840798 -0.99999999999999967 1.1385000000000001 0 -0.60418398840748666 F #
-842 cone-surface $-1 -1 -1 $-1 1.4079999999999999 0 0 1 0 0 0 0 0.99999999999999967 1 I I 0 -1 0.99999999999999967 forward I I I I #
-843 string_attrib-name_attrib-gen-attrib $-1 -1 $-1 $-1 $676 2 1 1 1 1 1 1 1 1 1 1 1 1 1 0 1 1 1 @17 ATTRIB_XACIS_NAME @7 1:18288 #
-844 straight-curve $-1 -1 -1 $-1 1.5334999999999983 -0.041857918900482904 -0.24322657306906101 -7.3040988462181258e-16 -0.86602540378443782 -0.49999999999999978 I I #
-845 point $-1 -1 -1 $-1 1.5334999999999976 -0.75544257269840698 -0.65521486502887849 #
-846 string_attrib-name_attrib-gen-attrib $-1 -1 $-1 $-1 $681 2 1 1 1 1 1 1 1 1 1 1 1 1 1 0 1 1 1 @17 ATTRIB_XACIS_NAME @5 2:412 #
-847 face $1037 233454 -1 $-1 $673 $1038 $4 $-1 $1039 forward single T 1.3334999999999972 -0.75544257269840709 -0.99999999999999978 1.3335000000000001 0 -0.60418398840748644 F #
-848 plane-surface $-1 -1 -1 $-1 1.3385 0 0.96959999999999957 -1 0 1.4608197692436258e-15 -1.1686558153949007e-15 0 -0.80000000000000004 forward_v I I I I #
-849 string_attrib-name_attrib-gen-attrib $-1 -1 $-1 $-1 $687 2 1 1 1 1 1 1 1 1 1 1 1 1 1 0 1 1 1 @17 ATTRIB_XACIS_NAME @5 2:542 #
-850 face $1040 233495 -1 $-1 $756 $1041 $4 $-1 $450 reversed single T 1.0876000000000001 -0.66705450163537772 -0.90000000000000013 1.1335000000000002 0 -0.60418398840748666 F #
-851 loop $-1 -1 -1 $-1 $-1 $1042 $687 T 1.2876000000000001 -0.66705450163537772 -0.90000000000000013 1.3335000000000001 0 -0.60418398840748666 unknown #
-852 coedge $-1 -1 -1 $-1 $1043 $1044 $1045 $1046 forward $688 $-1 #
-853 string_attrib-name_attrib-gen-attrib $-1 -1 $-1 $-1 $690 2 1 1 1 1 1 1 1 1 1 1 1 1 1 0 1 1 1 @17 ATTRIB_XACIS_NAME @7 1:16290 #
-854 face $1047 233484 -1 $-1 $1048 $910 $4 $-1 $450 reversed single T 1.4875999999999998 -0.90000000000000002 -0.5655385612538556 1.5335000000000001 -0.70011865832508635 0.5655385612538556 F #
-855 loop $-1 -1 -1 $-1 $-1 $1049 $690 T 1.3384999999999998 -0.90000000000000002 -0.5655385612538556 1.3844000000000001 -0.70011865832508635 0.5655385612538556 unknown #
-856 string_attrib-name_attrib-gen-attrib $-1 -1 $-1 $-1 $692 2 1 1 1 1 1 1 1 1 1 1 1 1 1 0 1 1 1 @17 ATTRIB_XACIS_NAME @7 1:16509 #
-857 face $1050 233463 -1 $-1 $1051 $1052 $4 $-1 $1053 forward single T 1.1843999999999999 -0.90000000000000002 -0.5655385612538556 1.1843999999999999 -0.69135091633756951 0.56553856125385549 F #
-858 loop $-1 -1 -1 $-1 $-1 $1054 $692 T 0.98439999999999994 -0.90000000000000002 -0.5655385612538556 0.98439999999999994 -0.69135091633756951 0.56553856125385549 unknown #
-859 plane-surface $-1 -1 -1 $-1 0.98439999999999994 -0.90000000000000002 1.9943809916290128e-16 1 0 0 0 0 -1 forward_v I I I I #
-860 coedge $-1 -1 -1 $-1 $1055 $1056 $758 $948 forward $693 $-1 #
-861 coedge $-1 -1 -1 $-1 $721 $1057 $696 $862 forward $910 $-1 #
-862 edge $1058 233721 -1 $-1 $865 -0.14840000000000031 $726 -0.10250000000000004 $696 $1059 forward @7 unknown T 1.4875999999999998 -0.70011865832508646 -0.5655385612538556 1.5335000000000001 -0.70011865832508646 -0.56553856125385549 #
-863 coedge $-1 -1 -1 $-1 $728 $697 $1057 $1060 reversed $729 $-1 #
-864 string_attrib-name_attrib-gen-attrib $-1 -1 $-1 $-1 $698 2 1 1 1 1 1 1 1 1 1 1 1 1 1 0 1 1 1 @17 ATTRIB_XACIS_NAME @7 1:17826 #
-865 vertex $-1 -1 -1 $-1 $862 $1061 #
-866 straight-curve $-1 -1 -1 $-1 1.4876 -0.61428247677783077 -0.51598101873133784 0 -0.86602540378443782 -0.49999999999999978 I I #
-867 string_attrib-name_attrib-gen-attrib $-1 -1 $-1 $-1 $700 2 1 1 1 1 1 1 1 1 1 1 1 1 1 0 1 1 1 @17 ATTRIB_XACIS_NAME @7 1:16794 #
-868 face $1062 233446 -1 $-1 $1063 $888 $4 $-1 $1064 forward single T 1.1385000000000001 -0.99999999999999967 -0.61608978008590987 1.3335000000000001 -0.78767593772673705 0.61608978008590976 T -0.069499999999999923 0.12550000000000022 0.90702756901473958 2.2345650845750535 #
-869 loop $-1 -1 -1 $-1 $-1 $1065 $700 T 1.1384999999999976 -0.99999999999999967 -0.6160897800859102 1.1385000000000001 -0.70011865832508635 0.61608978008590998 periphery $870 T #
-870 plane-surface $-1 -1 -1 $-1 1.1385000000000001 0 0.96959999999999957 -1 0 1.4608197692436258e-15 -1.1686558153949007e-15 0 -0.80000000000000004 forward_v I I I I #
-871 coedge $-1 -1 -1 $-1 $1066 $1067 $1068 $1069 reversed $701 $-1 #
-872 coedge $-1 -1 -1 $-1 $877 $703 $723 $914 reversed $546 $-1 #
-873 coedge $-1 -1 -1 $-1 $703 $877 $1070 $1071 reversed $546 $-1 #
-874 coedge $-1 -1 -1 $-1 $705 $704 $1072 $1073 reversed $399 $-1 #
-875 coedge $-1 -1 -1 $-1 $1074 $1049 $704 $876 forward $855 $-1 #
-876 edge $1075 233735 -1 $-1 $1076 0.89133229538426351 $881 2.2502603582055301 $704 $1077 forward @7 unknown T 1.3384999999999998 -0.90000000000000002 -0.56553856125385549 1.3385 -0.70011865832508635 0.56553856125385549 #
-877 coedge $-1 -1 -1 $-1 $873 $872 $705 $878 forward $546 $-1 #
-878 edge $1078 233737 -1 $-1 $882 -2.2345650845750535 $1079 -0.9070275690147398 $877 $1080 forward @7 unknown T 1.3384999999999998 -0.99999999999999967 -0.61608978008590976 1.3385 -0.78767593772673705 0.61608978008590976 #
-879 coedge $-1 -1 -1 $-1 $706 $1081 $1074 $1082 reversed $168 $-1 #
-880 string_attrib-name_attrib-gen-attrib $-1 -1 $-1 $-1 $707 2 1 1 1 1 1 1 1 1 1 1 1 1 1 0 1 1 1 @17 ATTRIB_XACIS_NAME @7 1:18081 #
-881 vertex $-1 -1 -1 $-1 $1082 $1083 #
-882 vertex $-1 -1 -1 $-1 $914 $1084 #
-883 straight-curve $-1 -1 -1 $-1 1.3384999999999982 -0.066857918900482816 -0.1999253028798389 -7.3040988462181386e-16 -0.86602540378443926 -0.50000000000000067 I I #
-884 coedge $-1 -1 -1 $-1 $1085 $1086 $708 $885 forward $178 $-1 #
-885 edge $1087 233733 -1 $-1 $896 0.24642651674803262 $890 0.34752895441214116 $884 $1088 forward @7 unknown T 1.3334999999999995 -0.78767593772673739 0.56553856125385538 1.3334999999999999 -0.70011865832508646 0.61608978008590998 #
-886 coedge $-1 -1 -1 $-1 $1089 $709 $714 $901 reversed $888 $-1 #
-887 coedge $-1 -1 -1 $-1 $709 $1089 $1085 $1090 reversed $888 $-1 #
-888 loop $-1 -1 -1 $-1 $-1 $709 $868 T 1.1385000000000001 -0.99999999999999967 -0.61608978008590987 1.3335000000000001 -0.78767593772673705 0.61608978008590976 periphery $1064 F #
-889 string_attrib-name_attrib-gen-attrib $-1 -1 $-1 $-1 $710 2 1 1 1 1 1 1 1 1 1 1 1 1 1 0 1 1 1 @17 ATTRIB_XACIS_NAME @7 1:18567 #
-890 vertex $-1 -1 -1 $-1 $1090 $1091 #
-891 ellipse-curve $-1 -1 -1 $-1 1.3335000000000001 0 0 1 0 -1.4608197692436258e-15 0 0 0.99999999999999967 1 I I #
-892 coedge $-1 -1 -1 $-1 $1092 $711 $1086 $1093 forward $894 $-1 #
-893 coedge $-1 -1 -1 $-1 $711 $1092 $713 $899 forward $894 $-1 #
-894 loop $-1 -1 -1 $-1 $-1 $892 $1094 T 1.2876000000000001 -0.90000000000000002 -0.5655385612538556 1.3335000000000001 -0.70011865832508635 0.5655385612538556 unknown #
-895 string_attrib-name_attrib-gen-attrib $-1 -1 $-1 $-1 $712 2 1 1 1 1 1 1 1 1 1 1 1 1 1 0 1 1 1 @17 ATTRIB_XACIS_NAME @7 1:17211 #
-896 vertex $-1 -1 -1 $-1 $1093 $1095 #
-897 ellipse-curve $-1 -1 -1 $-1 1.3335000000000001 0 -5.5511151231257827e-17 -1 0 1.4608197692436258e-15 0 0 0.90000000000000002 1 I I #
-898 coedge $-1 -1 -1 $-1 $1096 $713 $1097 $1098 reversed $168 $-1 #
-899 edge $1099 233713 -1 $-1 $1100 -0.34839999999999982 $717 -0.30250000000000021 $713 $1101 forward @7 unknown T 1.2876000000000003 -0.70011865832508646 -0.5655385612538556 1.3334999999999999 -0.70011865832508646 -0.56553856125385549 #
-900 coedge $-1 -1 -1 $-1 $714 $1102 $1065 $1103 forward $168 $-1 #
-901 edge $1104 233711 -1 $-1 $1105 -0.021700000000000046 $716 0.17329999999999773 $714 $1106 forward @7 unknown T 1.1385000000000001 -0.78767593772673705 -0.61608978008590987 1.3334999999999979 -0.78767593772673705 -0.61608978008590976 #
-902 point $-1 -1 -1 $-1 1.3334999999999979 -0.78767593772673705 -0.61608978008590987 #
-903 point $-1 -1 -1 $-1 1.3334999999999999 -0.70011865832508646 -0.56553856125385549 #
-904 coedge $-1 -1 -1 $-1 $1070 $733 $719 $905 forward $178 $-1 #
-905 edge $1107 233724 -1 $-1 $912 0.24642651674803268 $907 0.34752895441214127 $904 $1108 forward @7 unknown T 1.5334999999999996 -0.7876759377267375 0.56553856125385538 1.5335000000000001 -0.70011865832508646 0.61608978008590987 #
-906 string_attrib-name_attrib-gen-attrib $-1 -1 $-1 $-1 $720 2 1 1 1 1 1 1 1 1 1 1 1 1 1 0 1 1 1 @17 ATTRIB_XACIS_NAME @7 1:18573 #
-907 vertex $-1 -1 -1 $-1 $1071 $1109 #
-908 ellipse-curve $-1 -1 -1 $-1 1.5335000000000001 0 0 1 0 -1.4608197692436258e-15 0 0 0.99999999999999967 1 I I #
-909 coedge $-1 -1 -1 $-1 $1057 $721 $733 $919 forward $910 $-1 #
-910 loop $-1 -1 -1 $-1 $-1 $909 $854 T 1.4875999999999998 -0.90000000000000002 -0.5655385612538556 1.5335000000000001 -0.70011865832508635 0.5655385612538556 unknown #
-911 string_attrib-name_attrib-gen-attrib $-1 -1 $-1 $-1 $722 2 1 1 1 1 1 1 1 1 1 1 1 1 1 0 1 1 1 @17 ATTRIB_XACIS_NAME @7 1:17235 #
-912 vertex $-1 -1 -1 $-1 $919 $1110 #
-913 ellipse-curve $-1 -1 -1 $-1 1.5335000000000001 0 -5.5511151231257827e-17 -1 0 1.4608197692436258e-15 0 0 0.90000000000000002 1 I I #
-914 edge $1111 233719 -1 $-1 $882 -0.021700000000000046 $725 0.17329999999999796 $723 $1112 forward @7 unknown T 1.3384999999999998 -0.78767593772673705 -0.61608978008590987 1.5334999999999979 -0.78767593772673705 -0.61608978008590976 #
-915 point $-1 -1 -1 $-1 1.5334999999999979 -0.78767593772673705 -0.61608978008590987 #
-916 point $-1 -1 -1 $-1 1.5335000000000001 -0.70011865832508646 -0.56553856125385549 #
-917 face $1113 233466 -1 $-1 $1114 $729 $4 $-1 $918 forward single T 1.4875999999999998 -0.90000000000000002 -0.5655385612538556 1.4876 -0.69135091633756951 0.56553856125385549 T -0.56553856125385571 0.56553856125385527 -0.25694674091072744 0.20864908366243051 #
-918 plane-surface $-1 -1 -1 $-1 1.4876 -0.90000000000000002 1.9943809916290128e-16 -1 -0 -0 0 0 1 forward_v I I I I #
-919 edge $1115 233774 -1 $-1 $912 0.10250000000000004 $921 0.14840000000000031 $733 $1116 forward @7 unknown T 1.4875999999999998 -0.70011865832508657 0.56553856125385538 1.5335000000000001 -0.70011865832508646 0.5655385612538556 #
-920 string_attrib-name_attrib-gen-attrib $-1 -1 $-1 $-1 $734 2 1 1 1 1 1 1 1 1 1 1 1 1 1 0 1 1 1 @17 ATTRIB_XACIS_NAME @7 1:17829 #
-921 vertex $-1 -1 -1 $-1 $734 $1117 #
-922 straight-curve $-1 -1 -1 $-1 1.4876 -0.61428247677783077 0.51598101873133784 0 0.86602540378443782 -0.49999999999999978 I I #
-923 coedge $-1 -1 -1 $-1 $1118 $736 $980 $1119 reversed $50 $-1 #
-924 edge $1120 233646 -1 $-1 $986 -0.94840000000000013 $796 -0.90250000000000008 $736 $1121 forward @7 unknown T 0.68759999999999999 -0.66705450163537772 0.60418398840748677 0.73350000000000004 -0.66705450163537761 0.60418398840748677 #
-925 string_attrib-name_attrib-gen-attrib $-1 -1 $-1 $-1 $737 2 1 1 1 1 1 1 1 1 1 1 1 1 1 0 1 1 1 @17 ATTRIB_XACIS_NAME @7 1:18159 #
-926 straight-curve $-1 -1 -1 $-1 0.73349999999999937 -0.46170703465517909 0.4856265730690611 -7.3040988462181386e-16 0.86602540378443926 -0.50000000000000067 I I #
-927 coedge $-1 -1 -1 $-1 $740 $1122 $962 $1123 forward $50 $-1 #
-928 edge $1124 233676 -1 $-1 $968 -0.021700000000000046 $779 0.17329999999999973 $740 $1125 forward @7 unknown T 1.3384999999999998 -0.75544257269840698 0.65521486502887838 1.5334999999999996 -0.75544257269840687 0.65521486502887849 #
-929 string_attrib-name_attrib-gen-attrib $-1 -1 $-1 $-1 $741 2 1 1 1 1 1 1 1 1 1 1 1 1 1 0 1 1 1 @17 ATTRIB_XACIS_NAME @7 1:18195 #
-930 straight-curve $-1 -1 -1 $-1 1.5334999999999994 -0.46170703465517887 0.4856265730690611 -7.3040988462181258e-16 0.86602540378443782 -0.49999999999999978 I I #
-931 coedge $-1 -1 -1 $-1 $746 $1126 $1127 $1128 reversed $178 $-1 #
-932 coedge $-1 -1 -1 $-1 $1056 $1055 $746 $933 forward $693 $-1 #
-933 edge $1129 233791 -1 $-1 $938 0.088990968651679478 $1130 0.099115085045035287 $932 $1131 forward @7 unknown T 0.78439999999999999 -0.70011865832508646 0.56047650305717756 0.78440000000000021 -0.69135091633756973 0.56553856125385549 #
-934 coedge $-1 -1 -1 $-1 $759 $747 $1055 $1132 forward $936 $-1 #
-935 coedge $-1 -1 -1 $-1 $747 $759 $749 $940 reversed $936 $-1 #
-936 loop $-1 -1 -1 $-1 $-1 $747 $1133 T 0.68759999999999999 -0.89000000000000001 -0.56047650305717778 0.78440000000000021 -0.69135091633756951 0.56047650305717789 periphery $1134 F #
-937 string_attrib-name_attrib-gen-attrib $-1 -1 $-1 $-1 $748 2 1 1 1 1 1 1 1 1 1 1 1 1 1 0 1 1 1 @17 ATTRIB_XACIS_NAME @7 1:17796 #
-938 vertex $-1 -1 -1 $-1 $1132 $1135 #
-939 straight-curve $-1 -1 -1 $-1 0.71179999999999977 -0.69135091633756973 0.56047650305717778 1 0 0 I I #
-940 edge $1136 233838 -1 $-1 $753 0.88956643329793028 $762 2.2520262202918619 $935 $1137 forward @7 unknown T 0.68759999999999999 -0.89000000000000001 -0.56047650305717778 0.68760000000000021 -0.69135091633756951 0.56047650305717789 #
-941 face $1138 233465 -1 $-1 $917 $751 $4 $-1 $942 forward single T 0.68759999999999999 -0.90000000000000002 -0.56553856125385571 0.68760000000000021 -0.69135091633756951 0.5655385612538556 T -0.56553856125385593 0.56553856125385538 -0.25694674091072744 0.20864908366243051 #
-942 plane-surface $-1 -1 -1 $-1 0.68760000000000021 -0.90000000000000002 1.9943809916290128e-16 -1 -0 -0 0 0 1 forward_v I I I I #
-943 point $-1 -1 -1 $-1 0.68759999999999999 -0.69135091633756973 0.56047650305717778 #
-944 string_attrib-name_attrib-gen-attrib $-1 -1 $-1 $-1 $755 2 1 1 1 1 1 1 1 1 1 1 1 1 1 0 1 1 1 @17 ATTRIB_XACIS_NAME @7 1:16959 #
-945 ellipse-curve $-1 -1 -1 $-1 0.68760000000000021 0 -5.5511151231257827e-17 1 0 0 0 0 0.90000000000000002 1 I I #
-946 string_attrib-name_attrib-gen-attrib $-1 -1 $-1 $-1 $756 2 1 1 1 1 1 1 1 1 1 1 1 1 1 0 1 1 1 @17 ATTRIB_XACIS_NAME @7 1:16218 #
-947 coedge $-1 -1 -1 $-1 $1139 $758 $1140 $1141 reversed $168 $-1 #
-948 edge $1142 233692 -1 $-1 $1143 -0.099115085045035398 $950 -0.088990968651679575 $860 $1144 forward @7 unknown T 0.78439999999999976 -0.70011865832508646 -0.5655385612538556 0.78439999999999999 -0.69135091633756984 -0.56047650305717756 #
-949 string_attrib-name_attrib-gen-attrib $-1 -1 $-1 $-1 $760 2 1 1 1 1 1 1 1 1 1 1 1 1 1 0 1 1 1 @17 ATTRIB_XACIS_NAME @7 1:17802 #
-950 vertex $-1 -1 -1 $-1 $948 $1145 #
-951 straight-curve $-1 -1 -1 $-1 0.76019999999999999 -0.69135091633756984 -0.56047650305717778 -1 -0 -0 I I #
-952 point $-1 -1 -1 $-1 0.68759999999999999 -0.69135091633756984 -0.56047650305717778 #
-953 coedge $-1 -1 -1 $-1 $1146 $765 $1147 $1148 reversed $15 $-1 #
-954 coedge $-1 -1 -1 $-1 $1149 $1150 $765 $955 forward $1151 $-1 #
-955 edge $1152 233602 -1 $-1 $1153 0.88999999999999979 $960 0.8999999999999998 $954 $1154 forward @7 unknown T 1.3843999999999999 0 0.8899999999999999 1.3843999999999999 0 0.89999999999999991 #
-956 coedge $-1 -1 -1 $-1 $1155 $766 $769 $963 forward $958 $-1 #
-957 coedge $-1 -1 -1 $-1 $766 $1155 $1149 $1156 reversed $958 $-1 #
-958 loop $-1 -1 -1 $-1 $-1 $766 $1157 T 1.3385 -0.66705450163537772 0.60418398840748666 1.3843999999999999 0 0.89999999999999991 unknown #
-959 string_attrib-name_attrib-gen-attrib $-1 -1 $-1 $-1 $767 2 1 1 1 1 1 1 1 1 1 1 1 1 1 0 1 1 1 @17 ATTRIB_XACIS_NAME @6 2:1067 #
-960 vertex $-1 -1 -1 $-1 $767 $1158 #
-961 straight-curve $-1 -1 -1 $-1 1.36145 0 0.89999999999999991 -1 -0 -0 I I #
-962 coedge $-1 -1 -1 $-1 $769 $768 $927 $1123 reversed $770 $-1 #
-963 edge $1159 233872 -1 $-1 $772 0 $1160 0.83481401285155954 $769 $1029 forward @7 unknown T 1.3385 -0.66705450163537761 0.60418398840748666 1.3385000000000014 0 0.89999999999999991 #
-964 face $1161 233510 -1 $-1 $810 $770 $4 $-1 $848 reversed single T 1.3384999999999996 -0.75544257269840687 0.60418398840748655 1.3385000000000016 0 0.99999999999999967 F #
-965 point $-1 -1 -1 $-1 1.3385000000000014 0 0.89999999999999991 #
-966 pcurve $-1 -1 -1 $-1 0 forward { exppc nubs 1 open 2 
	-0.17329999999999973 1 0.021700000000000046 1 
	0.12549999999999956 0.85632931867105722 
	-0.069500000000000145 0.85632931867105722 
	0 
	0 
	cone 1.4079999999999999 0 0 1 0 0 0 0 0.99999999999999967 1 I I 0 -1 0.99999999999999967 forward I I I I 
	} 0 6.2831853071795862 #
-967 string_attrib-name_attrib-gen-attrib $-1 -1 $-1 $-1 $775 2 1 1 1 1 1 1 1 1 1 1 1 1 1 0 1 1 1 @17 ATTRIB_XACIS_NAME @6 2:1393 #
-968 vertex $-1 -1 -1 $-1 $928 $1162 #
-969 string_attrib-name_attrib-gen-attrib $-1 -1 $-1 $-1 $776 2 1 1 1 1 1 1 1 1 1 1 1 1 1 0 1 1 1 @17 ATTRIB_XACIS_NAME @5 2:392 #
-970 point $-1 -1 -1 $-1 1.5334999999999996 -0.75544257269840698 0.65521486502887849 #
-971 coedge $-1 -1 -1 $-1 $782 $1163 $1164 $1165 reversed $15 $-1 #
-972 coedge $-1 -1 -1 $-1 $1166 $1167 $782 $973 forward $1168 $-1 #
-973 edge $1169 233626 -1 $-1 $978 0.88999999999999979 $1170 0.8999999999999998 $972 $1171 forward @7 unknown T 0.78440000000000021 0 0.8899999999999999 0.78440000000000021 0 0.89999999999999991 #
-974 coedge $-1 -1 -1 $-1 $1172 $783 $1167 $1173 forward $976 $-1 #
-975 coedge $-1 -1 -1 $-1 $783 $1172 $785 $981 reversed $976 $-1 #
-976 loop $-1 -1 -1 $-1 $-1 $783 $1174 T 0.68759999999999999 -0.65819287455346254 0.59906772562628496 0.78440000000000021 0 0.8899999999999999 unknown #
-977 string_attrib-name_attrib-gen-attrib $-1 -1 $-1 $-1 $784 2 1 1 1 1 1 1 1 1 1 1 1 1 1 0 1 1 1 @17 ATTRIB_XACIS_NAME @6 2:1070 #
-978 vertex $-1 -1 -1 $-1 $784 $1175 #
-979 straight-curve $-1 -1 -1 $-1 0.74520000000000008 0 0.8899999999999999 1 -0 -0 I I #
-980 coedge $-1 -1 -1 $-1 $786 $785 $923 $1119 forward $787 $-1 #
-981 edge $1176 233874 -1 $-1 $789 0 $1177 0.83239050601679687 $975 $1006 forward @7 unknown T 0.68759999999999999 -0.65819287455346254 0.59906772562628496 0.68760000000000021 0 0.8899999999999999 #
-982 face $1178 233512 -1 $-1 $1157 $787 $4 $-1 $1008 forward single T 0.68759999999999999 -0.66705450163537772 0.59906772562628496 0.68760000000000021 0 0.89999999999999991 F #
-983 point $-1 -1 -1 $-1 0.68760000000000021 0 0.8899999999999999 #
-984 pcurve $-1 -1 -1 $-1 0 forward { exppc nubs 1 open 2 
	-0.94840000000000013 1 -0.90250000000000008 1 
	1.9582623509369681 0.83481401285155954 
	1.9093909710391828 0.83481401285155954 
	0 
	0 
	cone 2.5267999999999997 0 -5.5511151231257827e-17 1 0 0 0 0 0.90000000000000002 1 I I 0 1 0.93919999999999959 reversed I I I I 
	} 0 6.2831853071795862 #
-985 string_attrib-name_attrib-gen-attrib $-1 -1 $-1 $-1 $792 2 1 1 1 1 1 1 1 1 1 1 1 1 1 0 1 1 1 @17 ATTRIB_XACIS_NAME @6 2:1409 #
-986 vertex $-1 -1 -1 $-1 $924 $1179 #
-987 string_attrib-name_attrib-gen-attrib $-1 -1 $-1 $-1 $793 2 1 1 1 1 1 1 1 1 1 1 1 1 1 0 1 1 1 @17 ATTRIB_XACIS_NAME @5 2:405 #
-988 point $-1 -1 -1 $-1 0.73350000000000004 -0.66705450163537772 0.60418398840748677 #
-989 coedge $-1 -1 -1 $-1 $1180 $799 $1181 $1182 reversed $10 $-1 #
-990 coedge $-1 -1 -1 $-1 $1183 $1184 $799 $991 forward $1185 $-1 #
-991 edge $1186 233563 -1 $-1 $1187 -0.022950000000001136 $996 0.022950000000000248 $990 $1188 forward @7 unknown T 0.73849999999999882 0 -0.90000000000000013 0.78440000000000021 0 -0.90000000000000013 #
-992 coedge $-1 -1 -1 $-1 $1189 $800 $803 $999 reversed $994 $-1 #
-993 coedge $-1 -1 -1 $-1 $800 $1189 $1183 $1190 forward $994 $-1 #
-994 loop $-1 -1 -1 $-1 $-1 $800 $1191 T 0.78439999999999999 -0.66705450163537761 -0.90000000000000013 0.78440000000000021 0 -0.59906772562628463 unknown #
-995 string_attrib-name_attrib-gen-attrib $-1 -1 $-1 $-1 $801 2 1 1 1 1 1 1 1 1 1 1 1 1 1 0 1 1 1 @17 ATTRIB_XACIS_NAME @6 2:1193 #
-996 vertex $-1 -1 -1 $-1 $801 $1192 #
-997 straight-curve $-1 -1 -1 $-1 0.78440000000000021 0 9.9719049581450638e-17 0 0 1 I I #
-998 coedge $-1 -1 -1 $-1 $803 $802 $1193 $1194 forward $804 $1195 #
-999 edge $1196 233876 -1 $-1 $1197 2.3092021475729956 $806 3.1415926535897931 $803 $1198 forward @7 unknown T 0.78439999999999999 -0.65819287455346287 -0.89000000000000012 0.78440000000000021 0 -0.59906772562628463 #
-1000 face $1199 233514 -1 $-1 $1174 $804 $4 $-1 $1200 forward single T 0.68759999999999999 -0.65819287455346287 -0.89000000000000012 0.78440000000000021 0 -0.59906772562628463 F #
-1001 point $-1 -1 -1 $-1 0.78440000000000021 0 -0.89000000000000012 #
-1002 coedge $-1 -1 -1 $-1 $812 $1193 $808 $1003 forward $255 $-1 #
-1003 edge $1201 233823 -1 $-1 $1005 0.46928230511444835 $816 0.47951483067685186 $1002 $1202 forward @7 unknown T 0.68759999999999999 -0.66705450163537772 -0.60418398840748688 0.68759999999999999 -0.65819287455346265 -0.59906772562628496 #
-1004 string_attrib-name_attrib-gen-attrib $-1 -1 $-1 $-1 $809 2 1 1 1 1 1 1 1 1 1 1 1 1 1 0 1 1 1 @17 ATTRIB_XACIS_NAME @6 2:1432 #
-1005 vertex $-1 -1 -1 $-1 $1003 $1203 #
-1006 ellipse-curve $-1 -1 -1 $-1 0.68760000000000021 0 -5.5511151231257827e-17 1 0 0 0 0 0.89000000000000001 1 I I #
-1007 string_attrib-name_attrib-gen-attrib $-1 -1 $-1 $-1 $810 2 1 1 1 1 1 1 1 1 1 1 1 1 1 0 1 1 1 @17 ATTRIB_XACIS_NAME @5 2:428 #
-1008 plane-surface $-1 -1 -1 $-1 0.68760000000000021 0.90000000000000002 -2.2083846911615051e-16 -1 0 0 0 0 1 forward_v I I I I #
-1009 string_attrib-name_attrib-gen-attrib $-1 -1 $-1 $-1 $813 2 1 1 1 1 1 1 1 1 1 1 1 1 1 0 1 1 1 @17 ATTRIB_XACIS_NAME @7 1:16938 #
-1010 straight-curve $-1 -1 -1 $-1 1.6360000000000001 -0.66705450163537772 -0.60418398840748677 -1 0 0 I I #
-1011 point $-1 -1 -1 $-1 0.68759999999999999 -0.66705450163537772 -0.60418398840748677 #
-1012 coedge $-1 -1 -1 $-1 $822 $1204 $1205 $1206 reversed $10 $-1 #
-1013 coedge $-1 -1 -1 $-1 $1207 $1208 $822 $1014 forward $1209 $-1 #
-1014 edge $1210 233585 -1 $-1 $1019 -0.039199999999999902 $1211 0.057599999999999874 $1013 $1212 forward @7 unknown T 1.2876000000000001 0 -0.89000000000000012 1.3843999999999999 0 -0.89000000000000012 #
-1015 coedge $-1 -1 -1 $-1 $1213 $823 $1208 $1214 reversed $1017 $-1 #
-1016 coedge $-1 -1 -1 $-1 $823 $1213 $825 $1022 forward $1017 $-1 #
-1017 loop $-1 -1 -1 $-1 $-1 $823 $1215 T 1.3843999999999999 -0.66705450163537761 -0.90000000000000013 1.3843999999999999 0 -0.59906772562628463 unknown #
-1018 string_attrib-name_attrib-gen-attrib $-1 -1 $-1 $-1 $824 2 1 1 1 1 1 1 1 1 1 1 1 1 1 0 1 1 1 @17 ATTRIB_XACIS_NAME @6 2:1196 #
-1019 vertex $-1 -1 -1 $-1 $824 $1216 #
-1020 straight-curve $-1 -1 -1 $-1 1.3843999999999999 0 9.9719049581450638e-17 0 0 1 I I #
-1021 coedge $-1 -1 -1 $-1 $826 $825 $1217 $1218 forward $827 $-1 #
-1022 edge $1219 233851 -1 $-1 $1220 2.3067786407382336 $829 3.1415926535897931 $825 $1221 forward @7 unknown T 1.3843999999999999 -0.66705450163537761 -0.90000000000000013 1.3843999999999999 0 -0.60418398840748666 #
-1023 face $1222 233491 -1 $-1 $369 $827 $4 $-1 $450 reversed single T 1.3384999999999987 -0.66705450163537772 -0.90000000000000013 1.3843999999999999 0 -0.60418398840748666 F #
-1024 point $-1 -1 -1 $-1 1.3843999999999999 0 -0.90000000000000013 #
-1025 coedge $-1 -1 -1 $-1 $1217 $834 $831 $1026 forward $255 $-1 #
-1026 edge $1223 233762 -1 $-1 $838 -0.82397658391963513 $1028 -0.72191483067685169 $1025 $1224 forward @7 unknown T 1.3384999999999976 -0.75544257269840775 -0.65521486502887893 1.3385 -0.66705450163537772 -0.60418398840748677 #
-1027 string_attrib-name_attrib-gen-attrib $-1 -1 $-1 $-1 $832 2 1 1 1 1 1 1 1 1 1 1 1 1 1 0 1 1 1 @17 ATTRIB_XACIS_NAME @6 2:1419 #
-1028 vertex $-1 -1 -1 $-1 $1026 $1225 #
-1029 ellipse-curve $-1 -1 -1 $-1 1.3385 0 -5.5511151231257827e-17 1 0 -1.4608197692436258e-15 0 0 0.90000000000000002 1 I I #
-1030 string_attrib-name_attrib-gen-attrib $-1 -1 $-1 $-1 $835 2 1 1 1 1 1 1 1 1 1 1 1 1 1 0 1 1 1 @17 ATTRIB_XACIS_NAME @7 1:18291 #
-1031 straight-curve $-1 -1 -1 $-1 1.3601999999999999 -0.75544257269840698 -0.65521486502887849 -0.99999999999999933 -0 -0 I I #
-1032 point $-1 -1 -1 $-1 1.3384999999999998 -0.75544257269840698 -0.65521486502887849 #
-1033 string_attrib-name_attrib-gen-attrib $-1 -1 $-1 $-1 $841 2 1 1 1 1 1 1 1 1 1 1 1 1 1 0 1 1 1 @17 ATTRIB_XACIS_NAME @5 2:620 #
-1034 face $1226 233457 -1 $-1 $1227 $1228 $4 $-1 $1229 forward single T 1.1384999999999985 -0.75544257269840709 -0.99999999999999967 1.3335000000000001 0 -0.65521486502887827 F #
-1035 loop $-1 -1 -1 $-1 $-1 $1230 $841 T 1.1384999999999972 -0.75544257269840798 -0.99999999999999967 1.1385000000000001 0 -0.60418398840748666 unknown #
-1036 plane-surface $-1 -1 -1 $-1 1.1385000000000001 0 0.96959999999999957 -1 0 1.4608197692436258e-15 -1.1686558153949007e-15 0 -0.80000000000000004 forward_v I I I I #
-1037 string_attrib-name_attrib-gen-attrib $-1 -1 $-1 $-1 $847 2 1 1 1 1 1 1 1 1 1 1 1 1 1 0 1 1 1 @17 ATTRIB_XACIS_NAME @5 2:568 #
-1038 loop $-1 -1 -1 $-1 $-1 $1231 $847 T 1.3334999999999972 -0.75544257269840709 -0.99999999999999978 1.3335000000000001 0 -0.60418398840748644 unknown #
-1039 plane-surface $-1 -1 -1 $-1 1.3335000000000001 0 0.96959999999999957 -1 0 1.4608197692436258e-15 -1.1686558153949007e-15 0 -0.80000000000000004 forward_v I I I I #
-1040 string_attrib-name_attrib-gen-attrib $-1 -1 $-1 $-1 $850 2 1 1 1 1 1 1 1 1 1 1 1 1 1 0 1 1 1 @17 ATTRIB_XACIS_NAME @5 2:750 #
-1041 loop $-1 -1 -1 $-1 $-1 $1232 $850 T 1.0876000000000001 -0.66705450163537772 -0.90000000000000013 1.1335000000000002 0 -0.60418398840748666 unknown #
-1042 coedge $-1 -1 -1 $-1 $1233 $1234 $1204 $1235 forward $851 $-1 #
-1043 coedge $-1 -1 -1 $-1 $1236 $852 $1237 $1238 reversed $688 $-1 #
-1044 coedge $-1 -1 -1 $-1 $852 $1236 $1239 $1240 forward $688 $-1 #
-1045 coedge $-1 -1 -1 $-1 $1241 $1242 $852 $1046 reversed $10 $-1 #
-1046 edge $1243 233579 -1 $-1 $1244 -0.022950000000001136 $1245 0.022950000000000026 $852 $1246 forward @7 unknown T 1.1384999999999987 0 -0.90000000000000013 1.1843999999999999 0 -0.90000000000000013 #
-1047 string_attrib-name_attrib-gen-attrib $-1 -1 $-1 $-1 $854 2 1 1 1 1 1 1 1 1 1 1 1 1 1 0 1 1 1 @17 ATTRIB_XACIS_NAME @7 1:16287 #
-1048 face $1247 233485 -1 $-1 $1094 $1248 $4 $-1 $450 reversed single T 1.1385000000000001 -0.90000000000000002 -0.5655385612538556 1.1843999999999999 -0.70011865832508635 0.5655385612538556 F #
-1049 coedge $-1 -1 -1 $-1 $875 $1249 $1250 $1251 forward $855 $-1 #
-1050 string_attrib-name_attrib-gen-attrib $-1 -1 $-1 $-1 $857 2 1 1 1 1 1 1 1 1 1 1 1 1 1 0 1 1 1 @17 ATTRIB_XACIS_NAME @7 1:16506 #
-1051 face $1252 233464 -1 $-1 $941 $1253 $4 $-1 $1254 forward single T 1.3843999999999999 -0.90000000000000002 -0.5655385612538556 1.3844000000000001 -0.69135091633756951 0.56553856125385549 F #
-1052 loop $-1 -1 -1 $-1 $-1 $1255 $857 T 1.1843999999999999 -0.90000000000000002 -0.5655385612538556 1.1843999999999999 -0.69135091633756951 0.56553856125385549 unknown #
-1053 plane-surface $-1 -1 -1 $-1 1.1843999999999999 -0.90000000000000002 1.9943809916290128e-16 1 0 0 0 0 -1 forward_v I I I I #
-1054 coedge $-1 -1 -1 $-1 $1256 $1257 $1258 $1259 forward $858 $-1 #
-1055 coedge $-1 -1 -1 $-1 $932 $860 $934 $1132 reversed $693 $-1 #
-1056 coedge $-1 -1 -1 $-1 $860 $932 $1260 $1261 forward $693 $-1 #
-1057 coedge $-1 -1 -1 $-1 $861 $909 $863 $1060 forward $910 $-1 #
-1058 string_attrib-name_attrib-gen-attrib $-1 -1 $-1 $-1 $862 2 1 1 1 1 1 1 1 1 1 1 1 1 1 0 1 1 1 @17 ATTRIB_XACIS_NAME @7 1:17232 #
-1059 straight-curve $-1 -1 -1 $-1 1.6360000000000001 -0.70011865832508646 -0.5655385612538556 1 0 0 I I #
-1060 edge $1262 233839 -1 $-1 $921 0.89133229538426351 $865 2.2502603582055301 $1057 $1263 forward @7 unknown T 1.4875999999999998 -0.90000000000000002 -0.5655385612538556 1.4876 -0.70011865832508635 0.56553856125385549 #
-1061 point $-1 -1 -1 $-1 1.4875999999999998 -0.70011865832508646 -0.5655385612538556 #
-1062 string_attrib-name_attrib-gen-attrib $-1 -1 $-1 $-1 $868 2 1 1 1 1 1 1 1 1 1 1 1 1 1 0 1 1 1 @17 ATTRIB_XACIS_NAME @7 1:16791 #
-1063 face $1264 233447 -1 $-1 $1265 $1266 $4 $-1 $1267 forward single T 0.93349999999999766 -0.99999999999999967 -0.6160897800859102 0.9335 -0.70011865832508635 0.61608978008590998 T 0.441887774892612 1.9821122251073873 0.87514832290635791 1.586947042723619 #
-1064 cone-surface $-1 -1 -1 $-1 1.208 0 0 1 0 0 0 0 0.99999999999999967 1 I I 0 -1 0.99999999999999967 forward I I I I #
-1065 coedge $-1 -1 -1 $-1 $1268 $1269 $900 $1103 reversed $869 $-1 #
-1066 coedge $-1 -1 -1 $-1 $1270 $871 $1271 $1272 reversed $701 $-1 #
-1067 coedge $-1 -1 -1 $-1 $871 $1270 $1273 $1274 reversed $701 $-1 #
-1068 coedge $-1 -1 -1 $-1 $1275 $1276 $871 $1069 forward $168 $-1 #
-1069 edge $1277 233704 -1 $-1 $1278 -0.83232895441214172 $1279 -0.73122651674803307 $1068 $1280 forward @7 unknown T 1.1334999999999977 -0.78767593772673794 -0.61608978008591031 1.1335000000000002 -0.70011865832508646 -0.56553856125385549 #
-1070 coedge $-1 -1 -1 $-1 $1072 $904 $873 $1071 forward $178 $-1 #
-1071 edge $1281 233738 -1 $-1 $907 -0.021700000000000046 $1079 0.17329999999999973 $1070 $1282 forward @7 unknown T 1.3384999999999998 -0.78767593772673716 0.61608978008590976 1.5334999999999996 -0.78767593772673705 0.61608978008590976 #
-1072 coedge $-1 -1 -1 $-1 $1250 $1070 $874 $1073 forward $178 $-1 #
-1073 edge $1283 233736 -1 $-1 $1079 -0.34752895441214127 $1076 -0.24642651674803273 $1072 $1284 forward @7 unknown T 1.3384999999999994 -0.7876759377267375 0.56553856125385549 1.3384999999999998 -0.70011865832508657 0.61608978008590998 #
-1074 coedge $-1 -1 -1 $-1 $1249 $875 $879 $1082 forward $855 $-1 #
-1075 string_attrib-name_attrib-gen-attrib $-1 -1 $-1 $-1 $876 2 1 1 1 1 1 1 1 1 1 1 1 1 1 0 1 1 1 @17 ATTRIB_XACIS_NAME @7 1:17241 #
-1076 vertex $-1 -1 -1 $-1 $1251 $1285 #
-1077 ellipse-curve $-1 -1 -1 $-1 1.3385 0 -5.5511151231257827e-17 1 0 -1.4608197692436258e-15 0 0 0.90000000000000002 1 I I #
-1078 string_attrib-name_attrib-gen-attrib $-1 -1 $-1 $-1 $878 2 1 1 1 1 1 1 1 1 1 1 1 1 1 0 1 1 1 @17 ATTRIB_XACIS_NAME @7 1:18576 #
-1079 vertex $-1 -1 -1 $-1 $1071 $1286 #
-1080 ellipse-curve $-1 -1 -1 $-1 1.3385 0 0 -1 0 1.4608197692436258e-15 0 0 0.99999999999999967 1 I I #
-1081 coedge $-1 -1 -1 $-1 $879 $1096 $1287 $1288 reversed $168 $-1 #
-1082 edge $1289 233717 -1 $-1 $881 -0.29750000000000032 $1290 -0.25160000000000005 $879 $1059 forward @7 unknown T 1.3384999999999998 -0.70011865832508646 -0.5655385612538556 1.3844000000000001 -0.70011865832508646 -0.56553856125385549 #
-1083 point $-1 -1 -1 $-1 1.3384999999999998 -0.70011865832508646 -0.56553856125385549 #
-1084 point $-1 -1 -1 $-1 1.3384999999999998 -0.78767593772673705 -0.61608978008590976 #
-1085 coedge $-1 -1 -1 $-1 $1291 $884 $887 $1090 forward $178 $-1 #
-1086 coedge $-1 -1 -1 $-1 $884 $1292 $892 $1093 reversed $178 $-1 #
-1087 string_attrib-name_attrib-gen-attrib $-1 -1 $-1 $-1 $885 2 1 1 1 1 1 1 1 1 1 1 1 1 1 0 1 1 1 @17 ATTRIB_XACIS_NAME @7 1:18393 #
-1088 straight-curve $-1 -1 -1 $-1 1.3334999999999992 -0.48670703465517884 0.44232530287983912 7.3040988462181386e-16 -0.86602540378443926 0.50000000000000067 I I #
-1089 coedge $-1 -1 -1 $-1 $887 $886 $1269 $1293 forward $888 $-1 #
-1090 edge $1294 233745 -1 $-1 $890 -0.021699999999999824 $1295 0.17329999999999973 $1085 $1296 forward @7 unknown T 1.1385000000000001 -0.78767593772673716 0.61608978008590976 1.3334999999999997 -0.78767593772673705 0.61608978008590976 #
-1091 point $-1 -1 -1 $-1 1.3334999999999997 -0.78767593772673705 0.61608978008590976 #
-1092 coedge $-1 -1 -1 $-1 $893 $892 $1297 $1298 forward $894 $-1 #
-1093 edge $1299 233779 -1 $-1 $896 0.30250000000000021 $1300 0.34839999999999982 $1086 $1301 forward @7 unknown T 1.2876000000000003 -0.70011865832508657 0.56553856125385538 1.3334999999999999 -0.70011865832508646 0.5655385612538556 #
-1094 face $1302 233486 -1 $-1 $1303 $894 $4 $-1 $450 reversed single T 1.2876000000000001 -0.90000000000000002 -0.5655385612538556 1.3335000000000001 -0.70011865832508635 0.5655385612538556 F #
-1095 point $-1 -1 -1 $-1 1.3334999999999999 -0.70011865832508646 0.56553856125385538 #
-1096 coedge $-1 -1 -1 $-1 $1081 $898 $1304 $1305 reversed $168 $-1 #
-1097 coedge $-1 -1 -1 $-1 $1297 $1306 $898 $1098 forward $1307 $-1 #
-1098 edge $1308 233714 -1 $-1 $1309 0.088990968651679575 $1100 0.099115085045035398 $1097 $1310 forward @7 unknown T 1.2876000000000001 -0.70011865832508646 -0.5655385612538556 1.2876000000000003 -0.69135091633756984 -0.56047650305717756 #
-1099 string_attrib-name_attrib-gen-attrib $-1 -1 $-1 $-1 $899 2 1 1 1 1 1 1 1 1 1 1 1 1 1 0 1 1 1 @17 ATTRIB_XACIS_NAME @7 1:17208 #
-1100 vertex $-1 -1 -1 $-1 $899 $1311 #
-1101 straight-curve $-1 -1 -1 $-1 1.6360000000000001 -0.70011865832508646 -0.5655385612538556 1 0 0 I I #
-1102 coedge $-1 -1 -1 $-1 $900 $1312 $1313 $1314 reversed $168 $-1 #
-1103 edge $1315 233710 -1 $-1 $1316 0.73122651674803307 $1105 0.83232895441214161 $900 $1317 forward @7 unknown T 1.1384999999999976 -0.78767593772673783 -0.6160897800859102 1.1385000000000001 -0.70011865832508646 -0.56553856125385549 #
-1104 string_attrib-name_attrib-gen-attrib $-1 -1 $-1 $-1 $901 2 1 1 1 1 1 1 1 1 1 1 1 1 1 0 1 1 1 @17 ATTRIB_XACIS_NAME @7 1:18075 #
-1105 vertex $-1 -1 -1 $-1 $901 $1318 #
-1106 straight-curve $-1 -1 -1 $-1 1.1602000000000001 -0.78767593772673705 -0.61608978008590987 0.99999999999999933 0 0 I I #
-1107 string_attrib-name_attrib-gen-attrib $-1 -1 $-1 $-1 $905 2 1 1 1 1 1 1 1 1 1 1 1 1 1 0 1 1 1 @17 ATTRIB_XACIS_NAME @7 1:18384 #
-1108 straight-curve $-1 -1 -1 $-1 1.5334999999999994 -0.48670703465517884 0.44232530287983901 7.3040988462181386e-16 -0.86602540378443926 0.50000000000000067 I I #
-1109 point $-1 -1 -1 $-1 1.5334999999999996 -0.78767593772673705 0.61608978008590976 #
-1110 point $-1 -1 -1 $-1 1.5335000000000001 -0.70011865832508646 0.56553856125385538 #
-1111 string_attrib-name_attrib-gen-attrib $-1 -1 $-1 $-1 $914 2 1 1 1 1 1 1 1 1 1 1 1 1 1 0 1 1 1 @17 ATTRIB_XACIS_NAME @7 1:18084 #
-1112 straight-curve $-1 -1 -1 $-1 1.3601999999999999 -0.78767593772673705 -0.61608978008590987 0.99999999999999933 0 0 I I #
-1113 string_attrib-name_attrib-gen-attrib $-1 -1 $-1 $-1 $917 2 1 1 1 1 1 1 1 1 1 1 1 1 1 0 1 1 1 @17 ATTRIB_XACIS_NAME @7 1:16479 #
-1114 face $1319 233467 -1 $-1 $1320 $1307 $4 $-1 $1321 forward single T 1.2876000000000001 -0.90000000000000002 -0.5655385612538556 1.2876000000000003 -0.69135091633756951 0.56553856125385549 T -0.56553856125385571 0.56553856125385527 -0.25694674091072744 0.20864908366243051 #
-1115 string_attrib-name_attrib-gen-attrib $-1 -1 $-1 $-1 $919 2 1 1 1 1 1 1 1 1 1 1 1 1 1 0 1 1 1 @17 ATTRIB_XACIS_NAME @7 1:17226 #
-1116 straight-curve $-1 -1 -1 $-1 1.6360000000000001 -0.70011865832508646 0.5655385612538556 -1 0 0 I I #
-1117 point $-1 -1 -1 $-1 1.4875999999999998 -0.70011865832508657 0.56553856125385549 #
-1118 coedge $-1 -1 -1 $-1 $1322 $923 $1172 $1323 reversed $50 $-1 #
-1119 edge $1324 233647 -1 $-1 $1177 0.46928230511444824 $986 0.47951483067685174 $923 $1325 forward @7 unknown T 0.68759999999999999 -0.66705450163537772 0.59906772562628496 0.68759999999999999 -0.65819287455346254 0.60418398840748677 #
-1120 string_attrib-name_attrib-gen-attrib $-1 -1 $-1 $-1 $924 2 1 1 1 1 1 1 1 1 1 1 1 1 1 0 1 1 1 @17 ATTRIB_XACIS_NAME @7 1:16944 #
-1121 straight-curve $-1 -1 -1 $-1 1.6360000000000001 -0.66705450163537772 0.60418398840748677 1 0 0 I I #
-1122 coedge $-1 -1 -1 $-1 $927 $1326 $1155 $1327 reversed $50 $-1 #
-1123 edge $1328 233675 -1 $-1 $1160 0.23711483067685107 $968 0.33917658391963446 $927 $1329 forward @7 unknown T 1.3384999999999996 -0.75544257269840687 0.60418398840748655 1.3385 -0.66705450163537749 0.65521486502887838 #
-1124 string_attrib-name_attrib-gen-attrib $-1 -1 $-1 $-1 $928 2 1 1 1 1 1 1 1 1 1 1 1 1 1 0 1 1 1 @17 ATTRIB_XACIS_NAME @7 1:18192 #
-1125 straight-curve $-1 -1 -1 $-1 1.3601999999999999 -0.75544257269840698 0.65521486502887849 0.99999999999999933 0 0 I I #
-1126 coedge $-1 -1 -1 $-1 $931 $1330 $1331 $1332 forward $178 $-1 #
-1127 coedge $-1 -1 -1 $-1 $1333 $1260 $931 $1128 forward $1334 $-1 #
-1128 edge $1335 233790 -1 $-1 $1130 0.85159999999999991 $1336 0.89749999999999996 $931 $1337 forward @7 unknown T 0.73850000000000016 -0.70011865832508657 0.56553856125385538 0.78440000000000021 -0.70011865832508646 0.5655385612538556 #
-1129 string_attrib-name_attrib-gen-attrib $-1 -1 $-1 $-1 $933 2 1 1 1 1 1 1 1 1 1 1 1 1 1 0 1 1 1 @17 ATTRIB_XACIS_NAME @7 1:17895 #
-1130 vertex $-1 -1 -1 $-1 $1128 $1338 #
-1131 straight-curve $-1 -1 -1 $-1 0.78439999999999999 -0.61428247677783077 0.51598101873133784 0 -0.86602540378443782 0.49999999999999978 I I #
-1132 edge $1339 233829 -1 $-1 $938 0.88956643329793073 $950 2.2520262202918619 $934 $1198 forward @7 unknown T 0.78439999999999999 -0.89000000000000001 -0.56047650305717767 0.78440000000000021 -0.69135091633756951 0.56047650305717789 #
-1133 face $1340 233470 -1 $-1 $1341 $936 $4 $-1 $1134 forward single T 0.68759999999999999 -0.89000000000000001 -0.56047650305717778 0.78440000000000021 -0.69135091633756951 0.56047650305717789 T -0.061328790459966059 0.041737649063032518 0.88956643329793028 2.2520262202918619 #
-1134 cone-surface $-1 -1 -1 $-1 0.74520000000000008 0 -5.5511151231257827e-17 1 0 0 0 0 0.89000000000000001 1 I I 0 -1 0.93919999999999959 forward I I I I #
-1135 point $-1 -1 -1 $-1 0.78439999999999999 -0.69135091633756973 0.56047650305717767 #
-1136 string_attrib-name_attrib-gen-attrib $-1 -1 $-1 $-1 $940 2 1 1 1 1 1 1 1 1 1 1 1 1 1 0 1 1 1 @17 ATTRIB_XACIS_NAME @7 1:17805 #
-1137 ellipse-curve $-1 -1 -1 $-1 0.68760000000000021 0 -5.5511151231257827e-17 1 0 0 0 0 0.89000000000000001 1 I I #
-1138 string_attrib-name_attrib-gen-attrib $-1 -1 $-1 $-1 $941 2 1 1 1 1 1 1 1 1 1 1 1 1 1 0 1 1 1 @17 ATTRIB_XACIS_NAME @7 1:16497 #
-1139 coedge $-1 -1 -1 $-1 $1342 $947 $1343 $1344 forward $168 $-1 #
-1140 coedge $-1 -1 -1 $-1 $1260 $1333 $947 $1141 forward $1334 $-1 #
-1141 edge $1345 233693 -1 $-1 $1346 -0.89749999999999996 $1143 -0.85160000000000025 $947 $1347 forward @7 unknown T 0.73850000000000016 -0.70011865832508646 -0.5655385612538556 0.78439999999999988 -0.70011865832508646 -0.56553856125385549 #
-1142 string_attrib-name_attrib-gen-attrib $-1 -1 $-1 $-1 $948 2 1 1 1 1 1 1 1 1 1 1 1 1 1 0 1 1 1 @17 ATTRIB_XACIS_NAME @7 1:17892 #
-1143 vertex $-1 -1 -1 $-1 $948 $1348 #
-1144 straight-curve $-1 -1 -1 $-1 0.78439999999999999 -0.61428247677783077 -0.51598101873133784 0 0.86602540378443782 0.49999999999999978 I I #
-1145 point $-1 -1 -1 $-1 0.78439999999999999 -0.69135091633756984 -0.56047650305717767 #
-1146 coedge $-1 -1 -1 $-1 $1349 $953 $1350 $1351 reversed $15 $-1 #
-1147 coedge $-1 -1 -1 $-1 $1352 $1353 $953 $1148 forward $1354 $-1 #
-1148 edge $1355 233603 -1 $-1 $1356 -0.057599999999999874 $1153 0.039199999999999902 $1147 $1357 forward @7 unknown T 1.2876000000000001 0 0.8899999999999999 1.3843999999999999 0 0.8899999999999999 #
-1149 coedge $-1 -1 -1 $-1 $1358 $954 $957 $1156 forward $1151 $-1 #
-1150 coedge $-1 -1 -1 $-1 $954 $1358 $1352 $1359 reversed $1151 $-1 #
-1151 loop $-1 -1 -1 $-1 $-1 $954 $1360 T 1.3843999999999999 -0.66705450163537761 0.59906772562628485 1.3843999999999999 0 0.89999999999999991 unknown #
-1152 string_attrib-name_attrib-gen-attrib $-1 -1 $-1 $-1 $955 2 1 1 1 1 1 1 1 1 1 1 1 1 1 0 1 1 1 @17 ATTRIB_XACIS_NAME @6 2:1073 #
-1153 vertex $-1 -1 -1 $-1 $955 $1361 #
-1154 straight-curve $-1 -1 -1 $-1 1.3843999999999999 0 9.9719049581450638e-17 0 0 1 I I #
-1155 coedge $-1 -1 -1 $-1 $957 $956 $1122 $1327 forward $958 $-1 #
-1156 edge $1362 233875 -1 $-1 $960 0 $1363 0.83481401285155954 $957 $1221 forward @7 unknown T 1.3843999999999999 -0.66705450163537761 0.60418398840748666 1.3843999999999999 0 0.89999999999999991 #
-1157 face $1364 233513 -1 $-1 $1000 $958 $4 $-1 $450 reversed single T 1.3385 -0.66705450163537772 0.60418398840748666 1.3843999999999999 0 0.89999999999999991 F #
-1158 point $-1 -1 -1 $-1 1.3843999999999999 0 0.89999999999999991 #
-1159 string_attrib-name_attrib-gen-attrib $-1 -1 $-1 $-1 $963 2 1 1 1 1 1 1 1 1 1 1 1 1 1 0 1 1 1 @17 ATTRIB_XACIS_NAME @6 2:1422 #
-1160 vertex $-1 -1 -1 $-1 $1327 $1365 #
-1161 string_attrib-name_attrib-gen-attrib $-1 -1 $-1 $-1 $964 2 1 1 1 1 1 1 1 1 1 1 1 1 1 0 1 1 1 @17 ATTRIB_XACIS_NAME @5 2:418 #
-1162 point $-1 -1 -1 $-1 1.3384999999999998 -0.75544257269840687 0.65521486502887838 #
-1163 coedge $-1 -1 -1 $-1 $971 $1366 $1367 $1368 reversed $15 $-1 #
-1164 coedge $-1 -1 -1 $-1 $1369 $1370 $971 $1165 forward $1371 $-1 #
-1165 edge $1372 233625 -1 $-1 $1170 -0.022950000000000248 $1373 0.022949999999998472 $1164 $1374 forward @7 unknown T 0.73850000000000149 0 0.89999999999999991 0.78440000000000021 0 0.89999999999999991 #
-1166 coedge $-1 -1 -1 $-1 $1375 $972 $1370 $1376 forward $1168 $-1 #
-1167 coedge $-1 -1 -1 $-1 $972 $1375 $974 $1173 reversed $1168 $-1 #
-1168 loop $-1 -1 -1 $-1 $-1 $972 $1377 T 0.78439999999999999 -0.66705450163537761 0.59906772562628485 0.78440000000000021 0 0.89999999999999991 unknown #
-1169 string_attrib-name_attrib-gen-attrib $-1 -1 $-1 $-1 $973 2 1 1 1 1 1 1 1 1 1 1 1 1 1 0 1 1 1 @17 ATTRIB_XACIS_NAME @6 2:1076 #
-1170 vertex $-1 -1 -1 $-1 $973 $1378 #
-1171 straight-curve $-1 -1 -1 $-1 0.78440000000000021 0 9.9719049581450638e-17 0 0 1 I I #
-1172 coedge $-1 -1 -1 $-1 $975 $974 $1118 $1323 forward $976 $1379 #
-1173 edge $1380 233877 -1 $-1 $978 0 $1381 0.83239050601679687 $974 $1198 forward @7 unknown T 0.78439999999999999 -0.65819287455346254 0.59906772562628496 0.78440000000000021 0 0.8899999999999999 #
-1174 face $1382 233515 -1 $-1 $1360 $976 $4 $-1 $1200 forward single T 0.68759999999999999 -0.65819287455346254 0.59906772562628496 0.78440000000000021 0 0.8899999999999999 F #
-1175 point $-1 -1 -1 $-1 0.78440000000000021 0 0.8899999999999999 #
-1176 string_attrib-name_attrib-gen-attrib $-1 -1 $-1 $-1 $981 2 1 1 1 1 1 1 1 1 1 1 1 1 1 0 1 1 1 @17 ATTRIB_XACIS_NAME @6 2:1435 #
-1177 vertex $-1 -1 -1 $-1 $1119 $1383 #
-1178 string_attrib-name_attrib-gen-attrib $-1 -1 $-1 $-1 $982 2 1 1 1 1 1 1 1 1 1 1 1 1 1 0 1 1 1 @17 ATTRIB_XACIS_NAME @5 2:431 #
-1179 point $-1 -1 -1 $-1 0.68759999999999999 -0.66705450163537761 0.60418398840748677 #
-1180 coedge $-1 -1 -1 $-1 $1384 $989 $1385 $1386 reversed $10 $-1 #
-1181 coedge $-1 -1 -1 $-1 $1387 $1388 $989 $1182 forward $1389 $-1 #
-1182 edge $1390 233564 -1 $-1 $1391 -1.484799999999999 $1187 -1.3847999999999994 $1181 $1392 forward @7 unknown T 0.73849999999999727 0 -0.99999999999999978 0.73849999999999882 0 -0.90000000000000013 #
-1183 coedge $-1 -1 -1 $-1 $1393 $990 $993 $1190 reversed $1185 $-1 #
-1184 coedge $-1 -1 -1 $-1 $990 $1393 $1387 $1394 forward $1185 $-1 #
-1185 loop $-1 -1 -1 $-1 $-1 $990 $1395 T 0.73849999999999882 -0.66705450163537772 -0.90000000000000013 0.78440000000000021 0 -0.60418398840748666 unknown #
-1186 string_attrib-name_attrib-gen-attrib $-1 -1 $-1 $-1 $991 2 1 1 1 1 1 1 1 1 1 1 1 1 1 0 1 1 1 @17 ATTRIB_XACIS_NAME @6 2:1199 #
-1187 vertex $-1 -1 -1 $-1 $991 $1396 #
-1188 straight-curve $-1 -1 -1 $-1 0.76144999999999996 0 -0.90000000000000013 1 0 0 I I #
-1189 coedge $-1 -1 -1 $-1 $993 $992 $1397 $1398 forward $994 $-1 #
-1190 edge $1399 233879 -1 $-1 $1400 2.3067786407382336 $996 3.1415926535897931 $1183 $1401 forward @7 unknown T 0.78439999999999999 -0.66705450163537761 -0.90000000000000013 0.78440000000000021 0 -0.60418398840748666 #
-1191 face $1402 233517 -1 $-1 $1377 $994 $4 $-1 $694 forward single T 0.78439999999999999 -0.66705450163537761 -0.90000000000000013 0.78440000000000021 0 -0.59906772562628463 F #
-1192 point $-1 -1 -1 $-1 0.78440000000000021 0 -0.90000000000000013 #
-1193 coedge $-1 -1 -1 $-1 $1002 $1397 $998 $1194 reversed $255 $-1 #
-1194 edge $1403 233822 -1 $-1 $1005 -0.024199999999999666 $1197 0.072600000000000331 $998 $1404 forward @7 unknown T 0.68759999999999999 -0.65819287455346265 -0.59906772562628496 0.7844000000000001 -0.65819287455346254 -0.59906772562628496 #
-1195 pcurve $-1 -1 -1 $-1 0 forward { exppc nubs 1 open 2 
	-0.024199999999999666 1 0.072600000000000331 1 
	-0.061328790459966059 2.3092021475729956 
	0.041737649063032282 2.3092021475729956 
	0 
	0 
	cone 0.74520000000000008 0 -5.5511151231257827e-17 1 0 0 0 0 0.89000000000000001 1 I I 0 -1 0.93919999999999959 forward I I I I 
	} 0 -6.2831853071795862 #
-1196 string_attrib-name_attrib-gen-attrib $-1 -1 $-1 $-1 $999 2 1 1 1 1 1 1 1 1 1 1 1 1 1 0 1 1 1 @17 ATTRIB_XACIS_NAME @6 2:1458 #
-1197 vertex $-1 -1 -1 $-1 $999 $1405 #
-1198 ellipse-curve $-1 -1 -1 $-1 0.78440000000000021 0 -5.5511151231257827e-17 1 0 0 0 0 0.89000000000000001 1 I I #
-1199 string_attrib-name_attrib-gen-attrib $-1 -1 $-1 $-1 $1000 2 1 1 1 1 1 1 1 1 1 1 1 1 1 0 1 1 1 @17 ATTRIB_XACIS_NAME @5 2:454 #
-1200 cone-surface $-1 -1 -1 $-1 0.74520000000000008 0 -5.5511151231257827e-17 1 0 0 0 0 0.89000000000000001 1 I I 0 -1 0.93919999999999959 forward I I I I #
-1201 string_attrib-name_attrib-gen-attrib $-1 -1 $-1 $-1 $1003 2 1 1 1 1 1 1 1 1 1 1 1 1 1 0 1 1 1 @17 ATTRIB_XACIS_NAME @7 1:17772 #
-1202 straight-curve $-1 -1 -1 $-1 0.68759999999999999 -0.25178247677783083 -0.36442657306906101 0 -0.86602540378443782 -0.49999999999999978 I I #
-1203 point $-1 -1 -1 $-1 0.68759999999999999 -0.65819287455346265 -0.59906772562628496 #
-1204 coedge $-1 -1 -1 $-1 $1012 $1406 $1042 $1235 reversed $10 $-1 #
-1205 coedge $-1 -1 -1 $-1 $1407 $1408 $1012 $1206 forward $1409 $-1 #
-1206 edge $1410 233584 -1 $-1 $1211 0.89000000000000001 $1411 0.90000000000000002 $1205 $1412 forward @7 unknown T 1.2876000000000001 0 -0.90000000000000013 1.2876000000000001 0 -0.89000000000000012 #
-1207 coedge $-1 -1 -1 $-1 $1413 $1013 $1408 $1414 reversed $1209 $-1 #
-1208 coedge $-1 -1 -1 $-1 $1013 $1413 $1015 $1214 forward $1209 $-1 #
-1209 loop $-1 -1 -1 $-1 $-1 $1013 $1415 T 1.2876000000000001 -0.65819287455346287 -0.89000000000000012 1.3843999999999999 0 -0.59906772562628463 unknown #
-1210 string_attrib-name_attrib-gen-attrib $-1 -1 $-1 $-1 $1014 2 1 1 1 1 1 1 1 1 1 1 1 1 1 0 1 1 1 @17 ATTRIB_XACIS_NAME @6 2:1202 #
-1211 vertex $-1 -1 -1 $-1 $1014 $1416 #
-1212 straight-curve $-1 -1 -1 $-1 1.3452 0 -0.89000000000000012 -1 0 -0 I I #
-1213 coedge $-1 -1 -1 $-1 $1016 $1015 $1417 $1418 forward $1017 $-1 #
-1214 edge $1419 233850 -1 $-1 $1420 2.3092021475729956 $1019 3.1415926535897931 $1208 $1421 forward @7 unknown T 1.3843999999999999 -0.65819287455346287 -0.89000000000000012 1.3843999999999999 0 -0.59906772562628463 #
-1215 face $1422 233476 -1 $-1 $1423 $1017 $4 $-1 $1254 forward single T 1.3843999999999999 -0.66705450163537761 -0.90000000000000013 1.3843999999999999 0 -0.59906772562628463 F #
-1216 point $-1 -1 -1 $-1 1.3843999999999999 0 -0.89000000000000012 #
-1217 coedge $-1 -1 -1 $-1 $1417 $1025 $1021 $1218 reversed $255 $-1 #
-1218 edge $1424 233799 -1 $-1 $1220 0.25160000000000027 $1028 0.2975000000000001 $1217 $684 forward @7 unknown T 1.3385 -0.66705450163537772 -0.60418398840748677 1.3843999999999999 -0.66705450163537761 -0.60418398840748677 #
-1219 string_attrib-name_attrib-gen-attrib $-1 -1 $-1 $-1 $1022 2 1 1 1 1 1 1 1 1 1 1 1 1 1 0 1 1 1 @17 ATTRIB_XACIS_NAME @6 2:1445 #
-1220 vertex $-1 -1 -1 $-1 $1218 $1425 #
-1221 ellipse-curve $-1 -1 -1 $-1 1.3843999999999999 0 -5.5511151231257827e-17 1 0 0 0 0 0.90000000000000002 1 I I #
-1222 string_attrib-name_attrib-gen-attrib $-1 -1 $-1 $-1 $1023 2 1 1 1 1 1 1 1 1 1 1 1 1 1 0 1 1 1 @17 ATTRIB_XACIS_NAME @5 2:438 #
-1223 string_attrib-name_attrib-gen-attrib $-1 -1 $-1 $-1 $1026 2 1 1 1 1 1 1 1 1 1 1 1 1 1 0 1 1 1 @17 ATTRIB_XACIS_NAME @7 1:18294 #
-1224 straight-curve $-1 -1 -1 $-1 1.3384999999999982 -0.041857918900482849 -0.24322657306906081 7.3040988462181386e-16 0.86602540378443926 0.50000000000000067 I I #
-1225 point $-1 -1 -1 $-1 1.3385 -0.66705450163537772 -0.60418398840748677 #
-1226 string_attrib-name_attrib-gen-attrib $-1 -1 $-1 $-1 $1034 2 1 1 1 1 1 1 1 1 1 1 1 1 1 0 1 1 1 @17 ATTRIB_XACIS_NAME @5 2:594 #
-1227 face $1426 233458 -1 $-1 $291 $1427 $4 $-1 $1428 forward single T 0.73850000000000016 -0.99999999999999967 -0.61608978008590987 0.9335 -0.78767593772673705 0.61608978008590976 T -0.069500000000000145 0.12549999999999978 0.90702756901473958 2.2345650845750535 #
-1228 loop $-1 -1 -1 $-1 $-1 $1429 $1034 T 1.1384999999999985 -0.75544257269840709 -0.99999999999999967 1.3335000000000001 0 -0.65521486502887827 unknown #
-1229 cone-surface $-1 -1 -1 $-1 1.208 0 0 1 0 0 0 0 0.99999999999999967 1 I I 0 -1 0.99999999999999967 forward I I I I #
-1230 coedge $-1 -1 -1 $-1 $1239 $1430 $1241 $1431 forward $1035 $-1 #
-1231 coedge $-1 -1 -1 $-1 $1432 $1433 $1406 $1434 forward $1038 $-1 #
-1232 coedge $-1 -1 -1 $-1 $1435 $1436 $1437 $1438 forward $1041 $-1 #
-1233 coedge $-1 -1 -1 $-1 $1439 $1042 $1433 $1440 forward $851 $-1 #
-1234 coedge $-1 -1 -1 $-1 $1042 $1439 $1407 $1441 forward $851 $-1 #
-1235 edge $1442 233583 -1 $-1 $1411 -0.022950000000000026 $1443 0.022949999999998694 $1042 $1444 forward @7 unknown T 1.2876000000000001 0 -0.90000000000000013 1.3334999999999988 0 -0.90000000000000013 #
-1236 coedge $-1 -1 -1 $-1 $1044 $1043 $1445 $1446 forward $688 $-1 #
-1237 coedge $-1 -1 -1 $-1 $1447 $1448 $1043 $1238 forward $1449 $-1 #
-1238 edge $1450 233847 -1 $-1 $1451 2.3067786407382336 $1245 3.1415926535897931 $1043 $1452 forward @7 unknown T 1.1843999999999999 -0.66705450163537761 -0.90000000000000013 1.1843999999999999 0 -0.60418398840748666 #
-1239 coedge $-1 -1 -1 $-1 $1453 $1230 $1044 $1240 reversed $1035 $-1 #
-1240 edge $1454 233768 -1 $-1 $1455 2.3067786407382336 $1244 3.1415926535897931 $1239 $1456 forward @7 unknown T 1.1384999999999987 -0.66705450163537772 -0.90000000000000013 1.1385000000000001 0 -0.60418398840748666 #
-1241 coedge $-1 -1 -1 $-1 $1457 $1045 $1230 $1431 reversed $10 $-1 #
-1242 coedge $-1 -1 -1 $-1 $1045 $1458 $1447 $1459 reversed $10 $-1 #
-1243 string_attrib-name_attrib-gen-attrib $-1 -1 $-1 $-1 $1046 2 1 1 1 1 1 1 1 1 1 1 1 1 1 0 1 1 1 @17 ATTRIB_XACIS_NAME @6 2:1238 #
-1244 vertex $-1 -1 -1 $-1 $1431 $1460 #
-1245 vertex $-1 -1 -1 $-1 $1046 $1461 #
-1246 straight-curve $-1 -1 -1 $-1 1.1614499999999999 0 -0.90000000000000013 1 0 0 I I #
-1247 string_attrib-name_attrib-gen-attrib $-1 -1 $-1 $-1 $1048 2 1 1 1 1 1 1 1 1 1 1 1 1 1 0 1 1 1 @17 ATTRIB_XACIS_NAME @7 1:16284 #
-1248 loop $-1 -1 -1 $-1 $-1 $1462 $1048 T 1.1385000000000001 -0.90000000000000002 -0.5655385612538556 1.1843999999999999 -0.70011865832508635 0.5655385612538556 unknown #
-1249 coedge $-1 -1 -1 $-1 $1049 $1074 $1463 $1464 reversed $855 $-1 #
-1250 coedge $-1 -1 -1 $-1 $1465 $1072 $1049 $1251 reversed $178 $-1 #
-1251 edge $1466 233775 -1 $-1 $1467 0.25160000000000005 $1076 0.29750000000000032 $1250 $1116 forward @7 unknown T 1.3384999999999998 -0.70011865832508657 0.56553856125385549 1.3844000000000001 -0.70011865832508646 0.5655385612538556 #
-1252 string_attrib-name_attrib-gen-attrib $-1 -1 $-1 $-1 $1051 2 1 1 1 1 1 1 1 1 1 1 1 1 1 0 1 1 1 @17 ATTRIB_XACIS_NAME @7 1:16503 #
-1253 loop $-1 -1 -1 $-1 $-1 $1287 $1051 T 1.3843999999999999 -0.90000000000000002 -0.5655385612538556 1.3844000000000001 -0.69135091633756951 0.56553856125385549 unknown #
-1254 plane-surface $-1 -1 -1 $-1 1.3843999999999999 -0.90000000000000002 1.9943809916290128e-16 1 0 0 0 0 -1 forward_v I I I I #
-1255 coedge $-1 -1 -1 $-1 $1468 $1469 $1312 $1470 forward $1052 $-1 #
-1256 coedge $-1 -1 -1 $-1 $1471 $1054 $1472 $1473 reversed $858 $-1 #
-1257 coedge $-1 -1 -1 $-1 $1054 $1471 $1474 $1475 forward $858 $-1 #
-1258 coedge $-1 -1 -1 $-1 $1476 $1477 $1054 $1259 reversed $168 $-1 #
-1259 edge $1478 233700 -1 $-1 $1479 -0.099115085045035398 $1480 -0.088990968651679575 $1054 $1481 forward @7 unknown T 0.98439999999999994 -0.70011865832508646 -0.5655385612538556 0.98439999999999994 -0.69135091633756984 -0.56047650305717756 #
-1260 coedge $-1 -1 -1 $-1 $1127 $1140 $1056 $1261 reversed $1334 $-1 #
-1261 edge $1482 233830 -1 $-1 $1130 0.89133229538426328 $1143 2.2502603582055301 $1260 $1401 forward @7 unknown T 0.78439999999999976 -0.90000000000000002 -0.5655385612538556 0.78440000000000021 -0.70011865832508635 0.56553856125385549 #
-1262 string_attrib-name_attrib-gen-attrib $-1 -1 $-1 $-1 $1060 2 1 1 1 1 1 1 1 1 1 1 1 1 1 0 1 1 1 @17 ATTRIB_XACIS_NAME @7 1:17229 #
-1263 ellipse-curve $-1 -1 -1 $-1 1.4876 0 -5.5511151231257827e-17 1 0 0 0 0 0.90000000000000002 1 I I #
-1264 string_attrib-name_attrib-gen-attrib $-1 -1 $-1 $-1 $1063 2 1 1 1 1 1 1 1 1 1 1 1 1 1 0 1 1 1 @17 ATTRIB_XACIS_NAME @7 1:16788 #
-1265 face $1483 233448 -1 $-1 $1484 $1485 $4 $-1 $1486 reversed single T 0.93849999999999756 -0.99999999999999967 -0.6160897800859102 0.93850000000000033 -0.70011865832508635 0.61608978008590998 T 0.441887774892612 1.9821122251073873 0.87514832290635791 1.586947042723619 #
-1266 loop $-1 -1 -1 $-1 $-1 $1487 $1063 T 0.93349999999999766 -0.99999999999999967 -0.6160897800859102 0.9335 -0.70011865832508635 0.61608978008590998 periphery $1267 F #
-1267 plane-surface $-1 -1 -1 $-1 0.9335 0 0.96959999999999957 -1 0 1.4608197692436258e-15 -1.1686558153949007e-15 0 -0.80000000000000004 forward_v I I I I #
-1268 coedge $-1 -1 -1 $-1 $1488 $1065 $1489 $1490 reversed $869 $-1 #
-1269 coedge $-1 -1 -1 $-1 $1065 $1488 $1089 $1293 reversed $869 $-1 #
-1270 coedge $-1 -1 -1 $-1 $1067 $1066 $1491 $1492 reversed $701 $-1 #
-1271 coedge $-1 -1 -1 $-1 $1493 $1494 $1066 $1272 forward $1495 $-1 #
-1272 edge $1496 233739 -1 $-1 $1497 0.9070275690147398 $1278 2.2345650845750535 $1271 $1498 forward @7 unknown T 1.133499999999998 -0.99999999999999967 -0.61608978008590987 1.1335000000000002 -0.78767593772673705 0.61608978008590976 #
-1273 coedge $-1 -1 -1 $-1 $1499 $1500 $1067 $1274 forward $1501 $-1 #
-1274 edge $1502 233741 -1 $-1 $1279 -2.2502603582055301 $1503 -0.89133229538426328 $1067 $1504 forward @7 unknown T 1.1335000000000002 -0.90000000000000002 -0.56553856125385549 1.1335000000000002 -0.70011865832508635 0.56553856125385549 #
-1275 coedge $-1 -1 -1 $-1 $1505 $1068 $1500 $1506 reversed $168 $-1 #
-1276 coedge $-1 -1 -1 $-1 $1068 $1507 $1493 $1508 forward $168 $-1 #
-1277 string_attrib-name_attrib-gen-attrib $-1 -1 $-1 $-1 $1069 2 1 1 1 1 1 1 1 1 1 1 1 1 1 0 1 1 1 @17 ATTRIB_XACIS_NAME @7 1:18069 #
-1278 vertex $-1 -1 -1 $-1 $1508 $1509 #
-1279 vertex $-1 -1 -1 $-1 $1274 $1510 #
-1280 straight-curve $-1 -1 -1 $-1 1.1334999999999984 -0.06685791890048276 -0.19992530287983887 7.3040988462181386e-16 0.86602540378443926 0.50000000000000067 I I #
-1281 string_attrib-name_attrib-gen-attrib $-1 -1 $-1 $-1 $1071 2 1 1 1 1 1 1 1 1 1 1 1 1 1 0 1 1 1 @17 ATTRIB_XACIS_NAME @7 1:18387 #
-1282 straight-curve $-1 -1 -1 $-1 1.5117999999999996 -0.78767593772673705 0.61608978008590976 -0.99999999999999933 0 0 I I #
-1283 string_attrib-name_attrib-gen-attrib $-1 -1 $-1 $-1 $1073 2 1 1 1 1 1 1 1 1 1 1 1 1 1 0 1 1 1 @17 ATTRIB_XACIS_NAME @7 1:18390 #
-1284 straight-curve $-1 -1 -1 $-1 1.3384999999999991 -0.48670703465517884 0.44232530287983912 -7.3040988462181386e-16 0.86602540378443926 -0.50000000000000067 I I #
-1285 point $-1 -1 -1 $-1 1.3384999999999998 -0.70011865832508657 0.56553856125385549 #
-1286 point $-1 -1 -1 $-1 1.3384999999999998 -0.78767593772673716 0.61608978008590976 #
-1287 coedge $-1 -1 -1 $-1 $1511 $1463 $1081 $1288 forward $1253 $-1 #
-1288 edge $1512 233716 -1 $-1 $1290 -0.099115085045035398 $1513 -0.088990968651679575 $1287 $1514 forward @7 unknown T 1.3843999999999999 -0.70011865832508646 -0.5655385612538556 1.3844000000000001 -0.69135091633756984 -0.56047650305717756 #
-1289 string_attrib-name_attrib-gen-attrib $-1 -1 $-1 $-1 $1082 2 1 1 1 1 1 1 1 1 1 1 1 1 1 0 1 1 1 @17 ATTRIB_XACIS_NAME @7 1:17244 #
-1290 vertex $-1 -1 -1 $-1 $1288 $1515 #
-1291 coedge $-1 -1 -1 $-1 $1516 $1085 $1488 $1517 forward $178 $-1 #
-1292 coedge $-1 -1 -1 $-1 $1086 $1518 $1519 $1520 reversed $178 $-1 #
-1293 edge $1521 233744 -1 $-1 $1105 -2.2345650845750535 $1295 -0.9070275690147398 $1089 $1522 forward @7 unknown T 1.1385000000000001 -0.99999999999999967 -0.61608978008590976 1.1385000000000001 -0.78767593772673705 0.61608978008590976 #
-1294 string_attrib-name_attrib-gen-attrib $-1 -1 $-1 $-1 $1090 2 1 1 1 1 1 1 1 1 1 1 1 1 1 0 1 1 1 @17 ATTRIB_XACIS_NAME @7 1:18396 #
-1295 vertex $-1 -1 -1 $-1 $1090 $1523 #
-1296 straight-curve $-1 -1 -1 $-1 1.3117999999999999 -0.78767593772673705 0.61608978008590976 -0.99999999999999933 0 0 I I #
-1297 coedge $-1 -1 -1 $-1 $1519 $1097 $1092 $1298 reversed $1307 $-1 #
-1298 edge $1524 233840 -1 $-1 $1300 0.89133229538426351 $1100 2.2502603582055301 $1092 $1525 forward @7 unknown T 1.2876000000000001 -0.90000000000000002 -0.5655385612538556 1.2876000000000003 -0.70011865832508635 0.56553856125385549 #
-1299 string_attrib-name_attrib-gen-attrib $-1 -1 $-1 $-1 $1093 2 1 1 1 1 1 1 1 1 1 1 1 1 1 0 1 1 1 @17 ATTRIB_XACIS_NAME @7 1:17202 #
-1300 vertex $-1 -1 -1 $-1 $1520 $1526 #
-1301 straight-curve $-1 -1 -1 $-1 1.6360000000000001 -0.70011865832508646 0.5655385612538556 -1 0 0 I I #
-1302 string_attrib-name_attrib-gen-attrib $-1 -1 $-1 $-1 $1094 2 1 1 1 1 1 1 1 1 1 1 1 1 1 0 1 1 1 @17 ATTRIB_XACIS_NAME @7 1:16281 #
-1303 face $1527 233487 -1 $-1 $1528 $1529 $4 $-1 $450 reversed single T 0.93849999999999989 -0.90000000000000002 -0.5655385612538556 0.98440000000000005 -0.70011865832508635 0.5655385612538556 F #
-1304 coedge $-1 -1 -1 $-1 $1530 $1531 $1096 $1305 forward $1532 $1533 #
-1305 edge $1534 233715 -1 $-1 $1513 -0.024199999999999999 $1309 0.072599999999999776 $1304 $1535 forward @7 unknown T 1.2876000000000001 -0.69135091633756984 -0.56047650305717778 1.3843999999999999 -0.69135091633756984 -0.56047650305717767 #
-1306 coedge $-1 -1 -1 $-1 $1097 $1519 $1530 $1536 forward $1307 $-1 #
-1307 loop $-1 -1 -1 $-1 $-1 $1097 $1114 T 1.2876000000000001 -0.90000000000000002 -0.5655385612538556 1.2876000000000003 -0.69135091633756951 0.56553856125385549 periphery $1321 F #
-1308 string_attrib-name_attrib-gen-attrib $-1 -1 $-1 $-1 $1098 2 1 1 1 1 1 1 1 1 1 1 1 1 1 0 1 1 1 @17 ATTRIB_XACIS_NAME @7 1:17820 #
-1309 vertex $-1 -1 -1 $-1 $1305 $1537 #
-1310 straight-curve $-1 -1 -1 $-1 1.2876000000000001 -0.61428247677783077 -0.51598101873133784 0 -0.86602540378443782 -0.49999999999999978 I I #
-1311 point $-1 -1 -1 $-1 1.2876000000000003 -0.70011865832508646 -0.5655385612538556 #
-1312 coedge $-1 -1 -1 $-1 $1102 $1538 $1255 $1470 reversed $168 $-1 #
-1313 coedge $-1 -1 -1 $-1 $1539 $1489 $1102 $1314 forward $1248 $1540 #
-1314 edge $1541 233709 -1 $-1 $1316 -0.49750000000000005 $1542 -0.45160000000000022 $1102 $1101 forward @7 unknown T 1.1385000000000001 -0.70011865832508646 -0.5655385612538556 1.1843999999999999 -0.70011865832508646 -0.56553856125385549 #
-1315 string_attrib-name_attrib-gen-attrib $-1 -1 $-1 $-1 $1103 2 1 1 1 1 1 1 1 1 1 1 1 1 1 0 1 1 1 @17 ATTRIB_XACIS_NAME @7 1:18072 #
-1316 vertex $-1 -1 -1 $-1 $1314 $1543 #
-1317 straight-curve $-1 -1 -1 $-1 1.1384999999999983 -0.06685791890048276 -0.19992530287983887 -7.3040988462181386e-16 -0.86602540378443926 -0.50000000000000067 I I #
-1318 point $-1 -1 -1 $-1 1.1385000000000001 -0.78767593772673705 -0.61608978008590976 #
-1319 string_attrib-name_attrib-gen-attrib $-1 -1 $-1 $-1 $1114 2 1 1 1 1 1 1 1 1 1 1 1 1 1 0 1 1 1 @17 ATTRIB_XACIS_NAME @7 1:16476 #
-1320 face $1544 233468 -1 $-1 $1545 $1546 $4 $-1 $1547 forward single T 1.0876000000000001 -0.90000000000000002 -0.5655385612538556 1.0876000000000001 -0.69135091633756951 0.56553856125385549 T -0.56553856125385571 0.56553856125385527 -0.25694674091072744 0.20864908366243051 #
-1321 plane-surface $-1 -1 -1 $-1 1.2876000000000001 -0.90000000000000002 1.9943809916290128e-16 -1 -0 -0 0 0 1 forward_v I I I I #
-1322 coedge $-1 -1 -1 $-1 $1548 $1118 $1375 $1549 reversed $50 $-1 #
-1323 edge $1550 233648 -1 $-1 $1381 -0.024199999999999999 $1177 0.072599999999999998 $1172 $1551 forward @7 unknown T 0.68759999999999999 -0.65819287455346254 0.59906772562628496 0.78439999999999999 -0.65819287455346254 0.59906772562628496 #
-1324 string_attrib-name_attrib-gen-attrib $-1 -1 $-1 $-1 $1119 2 1 1 1 1 1 1 1 1 1 1 1 1 1 0 1 1 1 @17 ATTRIB_XACIS_NAME @7 1:17778 #
-1325 straight-curve $-1 -1 -1 $-1 0.68759999999999999 -0.25178247677783083 0.36442657306906101 0 -0.86602540378443782 0.49999999999999978 I I #
-1326 coedge $-1 -1 -1 $-1 $1122 $1552 $1358 $1553 reversed $50 $-1 #
-1327 edge $1554 233674 -1 $-1 $1160 -0.2975000000000001 $1363 -0.25160000000000027 $1122 $743 forward @7 unknown T 1.3385 -0.66705450163537772 0.60418398840748677 1.3843999999999999 -0.66705450163537761 0.60418398840748677 #
-1328 string_attrib-name_attrib-gen-attrib $-1 -1 $-1 $-1 $1123 2 1 1 1 1 1 1 1 1 1 1 1 1 1 0 1 1 1 @17 ATTRIB_XACIS_NAME @7 1:18189 #
-1329 straight-curve $-1 -1 -1 $-1 1.3384999999999994 -0.46170703465517893 0.4856265730690611 7.3040988462181258e-16 -0.86602540378443782 0.49999999999999978 I I #
-1330 coedge $-1 -1 -1 $-1 $1126 $1555 $1556 $1557 forward $178 $-1 #
-1331 coedge $-1 -1 -1 $-1 $1558 $1559 $1126 $1332 reversed $1560 $-1 #
-1332 edge $1561 233753 -1 $-1 $1562 -0.34752895441214104 $1336 -0.24642651674803251 $1126 $1563 forward @7 unknown T 0.73849999999999949 -0.7876759377267375 0.56553856125385549 0.73850000000000016 -0.70011865832508657 0.61608978008590998 #
-1333 coedge $-1 -1 -1 $-1 $1140 $1127 $1559 $1564 forward $1334 $-1 #
-1334 loop $-1 -1 -1 $-1 $-1 $1127 $1565 T 0.73850000000000016 -0.90000000000000002 -0.5655385612538556 0.78440000000000021 -0.70011865832508635 0.5655385612538556 unknown #
-1335 string_attrib-name_attrib-gen-attrib $-1 -1 $-1 $-1 $1128 2 1 1 1 1 1 1 1 1 1 1 1 1 1 0 1 1 1 @17 ATTRIB_XACIS_NAME @7 1:17166 #
-1336 vertex $-1 -1 -1 $-1 $1128 $1566 #
-1337 straight-curve $-1 -1 -1 $-1 1.6360000000000001 -0.70011865832508646 0.5655385612538556 -1 0 0 I I #
-1338 point $-1 -1 -1 $-1 0.78440000000000021 -0.70011865832508646 0.56553856125385538 #
-1339 string_attrib-name_attrib-gen-attrib $-1 -1 $-1 $-1 $1132 2 1 1 1 1 1 1 1 1 1 1 1 1 1 0 1 1 1 @17 ATTRIB_XACIS_NAME @7 1:17799 #
-1340 string_attrib-name_attrib-gen-attrib $-1 -1 $-1 $-1 $1133 2 1 1 1 1 1 1 1 1 1 1 1 1 1 0 1 1 1 @17 ATTRIB_XACIS_NAME @7 1:16467 #
-1341 face $1567 233471 -1 $-1 $1568 $1569 $4 $-1 $1570 forward single T 0.88759999999999994 -0.89000000000000001 -0.56047650305717778 0.98440000000000016 -0.69135091633756951 0.56047650305717789 T -0.061328790459966059 0.0417376490630324 0.88956643329793028 2.2520262202918619 #
-1342 coedge $-1 -1 -1 $-1 $1571 $1139 $1572 $1573 forward $168 $-1 #
-1343 coedge $-1 -1 -1 $-1 $1559 $1558 $1139 $1344 reversed $1560 $-1 #
-1344 edge $1574 233694 -1 $-1 $1346 0.7312265167480333 $1575 0.83232895441214172 $1139 $1576 forward @7 unknown T 0.73849999999999782 -0.78767593772673772 -0.6160897800859102 0.73850000000000016 -0.70011865832508646 -0.56553856125385549 #
-1345 string_attrib-name_attrib-gen-attrib $-1 -1 $-1 $-1 $1141 2 1 1 1 1 1 1 1 1 1 1 1 1 1 0 1 1 1 @17 ATTRIB_XACIS_NAME @7 1:17172 #
-1346 vertex $-1 -1 -1 $-1 $1141 $1577 #
-1347 straight-curve $-1 -1 -1 $-1 1.6360000000000001 -0.70011865832508646 -0.5655385612538556 1 0 0 I I #
-1348 point $-1 -1 -1 $-1 0.78439999999999976 -0.70011865832508646 -0.5655385612538556 #
-1349 coedge $-1 -1 -1 $-1 $1578 $1146 $1579 $1580 reversed $15 $-1 #
-1350 coedge $-1 -1 -1 $-1 $1581 $1582 $1146 $1351 forward $1583 $-1 #
-1351 edge $1584 233604 -1 $-1 $1585 -0.90000000000000002 $1356 -0.89000000000000001 $1350 $1586 forward @7 unknown T 1.2876000000000001 0 0.8899999999999999 1.2876000000000001 0 0.89999999999999991 #
-1352 coedge $-1 -1 -1 $-1 $1587 $1147 $1150 $1359 forward $1354 $-1 #
-1353 coedge $-1 -1 -1 $-1 $1147 $1587 $1581 $1588 reversed $1354 $-1 #
-1354 loop $-1 -1 -1 $-1 $-1 $1147 $1589 T 1.2876000000000001 -0.65819287455346254 0.59906772562628496 1.3843999999999999 0 0.8899999999999999 unknown #
-1355 string_attrib-name_attrib-gen-attrib $-1 -1 $-1 $-1 $1148 2 1 1 1 1 1 1 1 1 1 1 1 1 1 0 1 1 1 @17 ATTRIB_XACIS_NAME @6 2:1079 #
-1356 vertex $-1 -1 -1 $-1 $1148 $1590 #
-1357 straight-curve $-1 -1 -1 $-1 1.3452 0 0.8899999999999999 1 -0 -0 I I #
-1358 coedge $-1 -1 -1 $-1 $1150 $1149 $1326 $1553 forward $1151 $-1 #
-1359 edge $1591 233878 -1 $-1 $1153 0 $1592 0.83239050601679687 $1352 $1421 forward @7 unknown T 1.3843999999999999 -0.65819287455346254 0.59906772562628496 1.3843999999999999 0 0.8899999999999999 #
-1360 face $1593 233516 -1 $-1 $1191 $1151 $4 $-1 $1254 forward single T 1.3843999999999999 -0.66705450163537761 0.59906772562628485 1.3843999999999999 0 0.89999999999999991 F #
-1361 point $-1 -1 -1 $-1 1.3843999999999999 0 0.8899999999999999 #
-1362 string_attrib-name_attrib-gen-attrib $-1 -1 $-1 $-1 $1156 2 1 1 1 1 1 1 1 1 1 1 1 1 1 0 1 1 1 @17 ATTRIB_XACIS_NAME @6 2:1448 #
-1363 vertex $-1 -1 -1 $-1 $1553 $1594 #
-1364 string_attrib-name_attrib-gen-attrib $-1 -1 $-1 $-1 $1157 2 1 1 1 1 1 1 1 1 1 1 1 1 1 0 1 1 1 @17 ATTRIB_XACIS_NAME @5 2:444 #
-1365 point $-1 -1 -1 $-1 1.3385 -0.66705450163537761 0.60418398840748677 #
-1366 coedge $-1 -1 -1 $-1 $1163 $1595 $1596 $1597 reversed $15 $-1 #
-1367 coedge $-1 -1 -1 $-1 $1598 $1599 $1163 $1368 forward $1600 $-1 #
-1368 edge $1601 233624 -1 $-1 $1373 0.41520000000000068 $1602 0.51520000000000044 $1367 $1603 forward @7 unknown T 0.73850000000000005 0 0.89999999999999991 0.7385000000000016 0 0.99999999999999967 #
-1369 coedge $-1 -1 -1 $-1 $1604 $1164 $1599 $1605 forward $1371 $-1 #
-1370 coedge $-1 -1 -1 $-1 $1164 $1604 $1166 $1376 reversed $1371 $-1 #
-1371 loop $-1 -1 -1 $-1 $-1 $1164 $1606 T 0.73849999999999993 -0.66705450163537772 0.60418398840748666 0.78440000000000021 0 0.89999999999999991 unknown #
-1372 string_attrib-name_attrib-gen-attrib $-1 -1 $-1 $-1 $1165 2 1 1 1 1 1 1 1 1 1 1 1 1 1 0 1 1 1 @17 ATTRIB_XACIS_NAME @6 2:1082 #
-1373 vertex $-1 -1 -1 $-1 $1165 $1607 #
-1374 straight-curve $-1 -1 -1 $-1 0.76144999999999996 0 0.89999999999999991 -1 -0 -0 I I #
-1375 coedge $-1 -1 -1 $-1 $1167 $1166 $1322 $1549 forward $1168 $-1 #
-1376 edge $1608 233880 -1 $-1 $1170 0 $1609 0.83481401285155954 $1370 $1401 forward @7 unknown T 0.78439999999999999 -0.66705450163537761 0.60418398840748666 0.78440000000000021 0 0.89999999999999991 #
-1377 face $1610 233518 -1 $-1 $1589 $1168 $4 $-1 $694 forward single T 0.78439999999999999 -0.66705450163537761 0.59906772562628485 0.78440000000000021 0 0.89999999999999991 F #
-1378 point $-1 -1 -1 $-1 0.78440000000000021 0 0.89999999999999991 #
-1379 pcurve $-1 -1 -1 $-1 0 forward { exppc nubs 1 open 2 
	-0.024199999999999999 1 0.072599999999999998 1 
	0.041737649063032282 0.83239050601679687 
	-0.061328790459966059 0.83239050601679687 
	0 
	0 
	cone 0.74520000000000008 0 -5.5511151231257827e-17 1 0 0 0 0 0.89000000000000001 1 I I 0 -1 0.93919999999999959 forward I I I I 
	} 0 0 #
-1380 string_attrib-name_attrib-gen-attrib $-1 -1 $-1 $-1 $1173 2 1 1 1 1 1 1 1 1 1 1 1 1 1 0 1 1 1 @17 ATTRIB_XACIS_NAME @6 2:1461 #
-1381 vertex $-1 -1 -1 $-1 $1549 $1611 #
-1382 string_attrib-name_attrib-gen-attrib $-1 -1 $-1 $-1 $1174 2 1 1 1 1 1 1 1 1 1 1 1 1 1 0 1 1 1 @17 ATTRIB_XACIS_NAME @5 2:457 #
-1383 point $-1 -1 -1 $-1 0.68759999999999999 -0.65819287455346254 0.59906772562628496 #
-1384 coedge $-1 -1 -1 $-1 $1612 $1180 $1613 $1614 reversed $10 $-1 #
-1385 coedge $-1 -1 -1 $-1 $1615 $1616 $1180 $1386 forward $1617 $-1 #
-1386 edge $1618 233565 -1 $-1 $1619 -0.12549999999999822 $1391 0.069500000000001533 $1385 $1620 forward @7 unknown T 0.73849999999999871 0 -0.99999999999999967 0.93349999999999855 0 -0.99999999999999967 #
-1387 coedge $-1 -1 -1 $-1 $1621 $1181 $1184 $1394 reversed $1389 $-1 #
-1388 coedge $-1 -1 -1 $-1 $1181 $1621 $1615 $1622 reversed $1389 $-1 #
-1389 loop $-1 -1 -1 $-1 $-1 $1181 $1623 T 0.73849999999999727 -0.75544257269840775 -0.99999999999999978 0.73850000000000016 0 -0.60418398840748666 unknown #
-1390 string_attrib-name_attrib-gen-attrib $-1 -1 $-1 $-1 $1182 2 1 1 1 1 1 1 1 1 1 1 1 1 1 0 1 1 1 @17 ATTRIB_XACIS_NAME @6 2:1205 #
-1391 vertex $-1 -1 -1 $-1 $1182 $1624 #
-1392 straight-curve $-1 -1 -1 $-1 0.73849999999999949 0 0.48479999999999923 1.4608197692436258e-15 -0 1 I I #
-1393 coedge $-1 -1 -1 $-1 $1184 $1183 $1625 $1626 forward $1185 $-1 #
-1394 edge $1627 233882 -1 $-1 $1628 2.3067786407382336 $1187 3.1415926535897931 $1387 $1629 forward @7 unknown T 0.73849999999999882 -0.66705450163537772 -0.90000000000000013 0.73850000000000016 0 -0.60418398840748666 #
-1395 face $1630 233520 -1 $-1 $1606 $1185 $4 $-1 $450 reversed single T 0.73849999999999882 -0.66705450163537772 -0.90000000000000013 0.78440000000000021 0 -0.60418398840748666 F #
-1396 point $-1 -1 -1 $-1 0.73849999999999882 0 -0.90000000000000013 #
-1397 coedge $-1 -1 -1 $-1 $1193 $1625 $1189 $1398 reversed $255 $-1 #
-1398 edge $1631 233821 -1 $-1 $1197 0.07957087341145043 $1400 0.089803398973853948 $1189 $1632 forward @7 unknown T 0.78439999999999999 -0.66705450163537761 -0.60418398840748677 0.78439999999999999 -0.65819287455346243 -0.59906772562628496 #
-1399 string_attrib-name_attrib-gen-attrib $-1 -1 $-1 $-1 $1190 2 1 1 1 1 1 1 1 1 1 1 1 1 1 0 1 1 1 @17 ATTRIB_XACIS_NAME @6 2:1484 #
-1400 vertex $-1 -1 -1 $-1 $1626 $1633 #
-1401 ellipse-curve $-1 -1 -1 $-1 0.78440000000000021 0 -5.5511151231257827e-17 1 0 0 0 0 0.90000000000000002 1 I I #
-1402 string_attrib-name_attrib-gen-attrib $-1 -1 $-1 $-1 $1191 2 1 1 1 1 1 1 1 1 1 1 1 1 1 0 1 1 1 @17 ATTRIB_XACIS_NAME @5 2:480 #
-1403 string_attrib-name_attrib-gen-attrib $-1 -1 $-1 $-1 $1194 2 1 1 1 1 1 1 1 1 1 1 1 1 1 0 1 1 1 @17 ATTRIB_XACIS_NAME @7 1:17784 #
-1404 straight-curve $-1 -1 -1 $-1 0.71179999999999977 -0.65819287455346265 -0.59906772562628496 1 0 0 I I #
-1405 point $-1 -1 -1 $-1 0.78439999999999999 -0.65819287455346254 -0.59906772562628496 #
-1406 coedge $-1 -1 -1 $-1 $1204 $1457 $1231 $1434 reversed $10 $-1 #
-1407 coedge $-1 -1 -1 $-1 $1634 $1205 $1234 $1441 reversed $1409 $-1 #
-1408 coedge $-1 -1 -1 $-1 $1205 $1634 $1207 $1414 forward $1409 $-1 #
-1409 loop $-1 -1 -1 $-1 $-1 $1205 $1423 T 1.2876000000000001 -0.66705450163537761 -0.90000000000000013 1.2876000000000001 0 -0.59906772562628463 unknown #
-1410 string_attrib-name_attrib-gen-attrib $-1 -1 $-1 $-1 $1206 2 1 1 1 1 1 1 1 1 1 1 1 1 1 0 1 1 1 @17 ATTRIB_XACIS_NAME @6 2:1208 #
-1411 vertex $-1 -1 -1 $-1 $1206 $1635 #
-1412 straight-curve $-1 -1 -1 $-1 1.2876000000000001 0 -1.1041923455807526e-16 0 0 -1 I I #
-1413 coedge $-1 -1 -1 $-1 $1208 $1207 $1636 $1637 forward $1209 $1638 #
-1414 edge $1639 233853 -1 $-1 $1640 2.3092021475729956 $1211 3.1415926535897931 $1207 $1641 forward @7 unknown T 1.2876000000000001 -0.65819287455346287 -0.89000000000000012 1.2876000000000001 0 -0.59906772562628463 #
-1415 face $1642 233478 -1 $-1 $1643 $1209 $4 $-1 $1644 forward single T 1.2876000000000001 -0.65819287455346287 -0.89000000000000012 1.3843999999999999 0 -0.59906772562628463 F #
-1416 point $-1 -1 -1 $-1 1.2876000000000001 0 -0.89000000000000012 #
-1417 coedge $-1 -1 -1 $-1 $1636 $1217 $1213 $1418 reversed $255 $-1 #
-1418 edge $1645 233800 -1 $-1 $1420 0.07957087341145043 $1220 0.089803398973853948 $1213 $1646 forward @7 unknown T 1.3843999999999999 -0.66705450163537761 -0.60418398840748677 1.3843999999999999 -0.65819287455346243 -0.59906772562628496 #
-1419 string_attrib-name_attrib-gen-attrib $-1 -1 $-1 $-1 $1214 2 1 1 1 1 1 1 1 1 1 1 1 1 1 0 1 1 1 @17 ATTRIB_XACIS_NAME @6 2:1471 #
-1420 vertex $-1 -1 -1 $-1 $1214 $1647 #
-1421 ellipse-curve $-1 -1 -1 $-1 1.3843999999999999 0 -5.5511151231257827e-17 1 0 0 0 0 0.89000000000000001 1 I I #
-1422 string_attrib-name_attrib-gen-attrib $-1 -1 $-1 $-1 $1215 2 1 1 1 1 1 1 1 1 1 1 1 1 1 0 1 1 1 @17 ATTRIB_XACIS_NAME @5 2:464 #
-1423 face $1648 233477 -1 $-1 $1415 $1409 $4 $-1 $1649 forward single T 1.2876000000000001 -0.66705450163537761 -0.90000000000000013 1.2876000000000001 0 -0.59906772562628463 F #
-1424 string_attrib-name_attrib-gen-attrib $-1 -1 $-1 $-1 $1218 2 1 1 1 1 1 1 1 1 1 1 1 1 1 0 1 1 1 @17 ATTRIB_XACIS_NAME @7 1:17046 #
-1425 point $-1 -1 -1 $-1 1.3843999999999999 -0.66705450163537761 -0.60418398840748677 #
-1426 string_attrib-name_attrib-gen-attrib $-1 -1 $-1 $-1 $1227 2 1 1 1 1 1 1 1 1 1 1 1 1 1 0 1 1 1 @17 ATTRIB_XACIS_NAME @7 1:16647 #
-1427 loop $-1 -1 -1 $-1 $-1 $1650 $1227 T 0.73850000000000016 -0.99999999999999967 -0.61608978008590987 0.9335 -0.78767593772673705 0.61608978008590976 periphery $1428 F #
-1428 cone-surface $-1 -1 -1 $-1 0.80800000000000027 0 0 1 0 0 0 0 0.99999999999999967 1 I I 0 -1 0.99999999999999967 forward I I I I #
-1429 coedge $-1 -1 -1 $-1 $1651 $1652 $1457 $1653 forward $1228 $-1 #
-1430 coedge $-1 -1 -1 $-1 $1230 $1453 $1651 $1654 reversed $1035 $-1 #
-1431 edge $1655 233580 -1 $-1 $1656 -1.4847999999999986 $1244 -1.3847999999999991 $1230 $1657 forward @7 unknown T 1.1384999999999972 0 -0.99999999999999967 1.1384999999999987 0 -0.90000000000000013 #
-1432 coedge $-1 -1 -1 $-1 $1658 $1231 $1652 $1659 reversed $1038 $-1 #
-1433 coedge $-1 -1 -1 $-1 $1231 $1658 $1233 $1440 reversed $1038 $-1 #
-1434 edge $1660 233582 -1 $-1 $1443 1.3847999999999989 $1661 1.4847999999999986 $1231 $1662 forward @7 unknown T 1.3334999999999972 0 -0.99999999999999978 1.3334999999999988 0 -0.90000000000000013 #
-1435 coedge $-1 -1 -1 $-1 $1663 $1232 $1664 $1665 forward $1041 $-1 #
-1436 coedge $-1 -1 -1 $-1 $1232 $1663 $1666 $1667 forward $1041 $-1 #
-1437 coedge $-1 -1 -1 $-1 $1668 $1669 $1232 $1438 reversed $10 $-1 #
-1438 edge $1670 233575 -1 $-1 $1671 -0.022950000000000026 $1672 0.022949999999998694 $1232 $1673 forward @7 unknown T 1.0876000000000001 0 -0.90000000000000013 1.1334999999999988 0 -0.90000000000000013 #
-1439 coedge $-1 -1 -1 $-1 $1234 $1233 $1674 $1675 forward $851 $-1 #
-1440 edge $1676 233766 -1 $-1 $1443 -3.1415926535897931 $1677 -2.3067786407382336 $1433 $1678 forward @7 unknown T 1.3334999999999988 -0.66705450163537761 -0.90000000000000013 1.3335000000000001 0 -0.60418398840748666 #
-1441 edge $1679 233852 -1 $-1 $1680 2.3067786407382336 $1411 3.1415926535897931 $1234 $1681 forward @7 unknown T 1.2876000000000001 -0.66705450163537761 -0.90000000000000013 1.2876000000000001 0 -0.60418398840748666 #
-1442 string_attrib-name_attrib-gen-attrib $-1 -1 $-1 $-1 $1235 2 1 1 1 1 1 1 1 1 1 1 1 1 1 0 1 1 1 @17 ATTRIB_XACIS_NAME @6 2:1214 #
-1443 vertex $-1 -1 -1 $-1 $1235 $1682 #
-1444 straight-curve $-1 -1 -1 $-1 1.3105500000000001 0 -0.90000000000000013 1 0 0 I I #
-1445 coedge $-1 -1 -1 $-1 $1683 $1684 $1236 $1446 reversed $255 $-1 #
-1446 edge $1685 233804 -1 $-1 $1451 0.45160000000000022 $1455 0.49750000000000005 $1445 $1686 forward @7 unknown T 1.1385000000000001 -0.66705450163537772 -0.60418398840748677 1.1843999999999999 -0.66705450163537761 -0.60418398840748677 #
-1447 coedge $-1 -1 -1 $-1 $1687 $1237 $1242 $1459 forward $1449 $-1 #
-1448 coedge $-1 -1 -1 $-1 $1237 $1687 $1683 $1688 forward $1449 $-1 #
-1449 loop $-1 -1 -1 $-1 $-1 $1447 $1568 T 1.1843999999999999 -0.66705450163537761 -0.90000000000000013 1.1843999999999999 0 -0.59906772562628463 unknown #
-1450 string_attrib-name_attrib-gen-attrib $-1 -1 $-1 $-1 $1238 2 1 1 1 1 1 1 1 1 1 1 1 1 1 0 1 1 1 @17 ATTRIB_XACIS_NAME @6 2:1653 #
-1451 vertex $-1 -1 -1 $-1 $1446 $1689 #
-1452 ellipse-curve $-1 -1 -1 $-1 1.1843999999999999 0 -5.5511151231257827e-17 1 0 0 0 0 0.90000000000000002 1 I I #
-1453 coedge $-1 -1 -1 $-1 $1430 $1239 $1684 $1690 reversed $1035 $-1 #
-1454 string_attrib-name_attrib-gen-attrib $-1 -1 $-1 $-1 $1240 2 1 1 1 1 1 1 1 1 1 1 1 1 1 0 1 1 1 @17 ATTRIB_XACIS_NAME @6 2:1627 #
-1455 vertex $-1 -1 -1 $-1 $1690 $1691 #
-1456 ellipse-curve $-1 -1 -1 $-1 1.1385000000000001 0 -5.5511151231257827e-17 1 0 -1.4608197692436258e-15 0 0 0.90000000000000002 1 I I #
-1457 coedge $-1 -1 -1 $-1 $1406 $1241 $1429 $1653 reversed $10 $-1 #
-1458 coedge $-1 -1 -1 $-1 $1242 $1668 $1692 $1693 reversed $10 $-1 #
-1459 edge $1694 233578 -1 $-1 $1245 -0.90000000000000024 $1695 -0.89000000000000024 $1447 $1696 forward @7 unknown T 1.1843999999999999 0 -0.90000000000000013 1.1843999999999999 0 -0.89000000000000012 #
-1460 point $-1 -1 -1 $-1 1.1384999999999987 0 -0.90000000000000013 #
-1461 point $-1 -1 -1 $-1 1.1843999999999999 0 -0.90000000000000013 #
-1462 coedge $-1 -1 -1 $-1 $1489 $1539 $1516 $1697 forward $1248 $1698 #
-1463 coedge $-1 -1 -1 $-1 $1287 $1699 $1249 $1464 forward $1253 $-1 #
-1464 edge $1700 233836 -1 $-1 $1467 0.89133229538426351 $1290 2.2502603582055301 $1249 $1221 forward @7 unknown T 1.3843999999999999 -0.90000000000000002 -0.5655385612538556 1.3844000000000001 -0.70011865832508635 0.56553856125385549 #
-1465 coedge $-1 -1 -1 $-1 $1518 $1250 $1699 $1701 reversed $178 $-1 #
-1466 string_attrib-name_attrib-gen-attrib $-1 -1 $-1 $-1 $1251 2 1 1 1 1 1 1 1 1 1 1 1 1 1 0 1 1 1 @17 ATTRIB_XACIS_NAME @7 1:17238 #
-1467 vertex $-1 -1 -1 $-1 $1251 $1702 #
-1468 coedge $-1 -1 -1 $-1 $1703 $1255 $1704 $1705 reversed $1052 $-1 #
-1469 coedge $-1 -1 -1 $-1 $1255 $1703 $1539 $1706 forward $1052 $-1 #
-1470 edge $1707 233708 -1 $-1 $1542 -0.099115085045035398 $1708 -0.088990968651679575 $1255 $1709 forward @7 unknown T 1.1843999999999999 -0.70011865832508646 -0.5655385612538556 1.1843999999999999 -0.69135091633756984 -0.56047650305717756 #
-1471 coedge $-1 -1 -1 $-1 $1257 $1256 $1710 $1711 forward $858 $-1 #
-1472 coedge $-1 -1 -1 $-1 $1712 $1713 $1256 $1473 forward $1569 $-1 #
-1473 edge $1714 233831 -1 $-1 $1715 0.88956643329793073 $1480 2.2520262202918619 $1472 $1716 forward @7 unknown T 0.98439999999999994 -0.89000000000000001 -0.56047650305717767 0.98439999999999994 -0.69135091633756951 0.56047650305717789 #
-1474 coedge $-1 -1 -1 $-1 $1717 $1718 $1257 $1475 reversed $1529 $-1 #
-1475 edge $1719 233832 -1 $-1 $1720 0.89133229538426351 $1479 2.2502603582055301 $1474 $1721 forward @7 unknown T 0.98439999999999994 -0.90000000000000002 -0.5655385612538556 0.98439999999999994 -0.70011865832508635 0.56553856125385549 #
-1476 coedge $-1 -1 -1 $-1 $1507 $1258 $1718 $1722 reversed $168 $-1 #
-1477 coedge $-1 -1 -1 $-1 $1258 $1723 $1712 $1724 reversed $168 $-1 #
-1478 string_attrib-name_attrib-gen-attrib $-1 -1 $-1 $-1 $1259 2 1 1 1 1 1 1 1 1 1 1 1 1 1 0 1 1 1 @17 ATTRIB_XACIS_NAME @7 1:17886 #
-1479 vertex $-1 -1 -1 $-1 $1259 $1725 #
-1480 vertex $-1 -1 -1 $-1 $1259 $1726 #
-1481 straight-curve $-1 -1 -1 $-1 0.98439999999999994 -0.61428247677783077 -0.51598101873133784 0 0.86602540378443782 0.49999999999999978 I I #
-1482 string_attrib-name_attrib-gen-attrib $-1 -1 $-1 $-1 $1261 2 1 1 1 1 1 1 1 1 1 1 1 1 1 0 1 1 1 @17 ATTRIB_XACIS_NAME @7 1:17175 #
-1483 string_attrib-name_attrib-gen-attrib $-1 -1 $-1 $-1 $1265 2 1 1 1 1 1 1 1 1 1 1 1 1 1 0 1 1 1 @17 ATTRIB_XACIS_NAME @7 1:16785 #
-1484 face $1727 233449 -1 $-1 $1728 $1495 $4 $-1 $1729 forward single T 0.93849999999999989 -0.99999999999999967 -0.61608978008590987 1.1335000000000002 -0.78767593772673705 0.61608978008590976 T -0.069500000000000145 0.12550000000000022 0.90702756901473958 2.2345650845750535 #
-1485 loop $-1 -1 -1 $-1 $-1 $1730 $1265 T 0.93849999999999756 -0.99999999999999967 -0.6160897800859102 0.93850000000000033 -0.70011865832508635 0.61608978008590998 periphery $1486 T #
-1486 plane-surface $-1 -1 -1 $-1 0.93849999999999989 0 0.96959999999999957 -1 0 1.4608197692436258e-15 -1.1686558153949007e-15 0 -0.80000000000000004 forward_v I I I I #
-1487 coedge $-1 -1 -1 $-1 $1731 $1732 $1571 $1733 reversed $1266 $-1 #
-1488 coedge $-1 -1 -1 $-1 $1269 $1268 $1291 $1517 reversed $869 $-1 #
-1489 coedge $-1 -1 -1 $-1 $1313 $1462 $1268 $1490 forward $1248 $-1 #
-1490 edge $1734 233742 -1 $-1 $1735 0.89133229538426351 $1316 2.2502603582055301 $1268 $1736 forward @7 unknown T 1.1385000000000001 -0.90000000000000002 -0.56553856125385549 1.1385000000000001 -0.70011865832508635 0.56553856125385549 #
-1491 coedge $-1 -1 -1 $-1 $1737 $1738 $1270 $1492 forward $178 $-1 #
-1492 edge $1739 233740 -1 $-1 $1503 0.24642651674803256 $1497 0.34752895441214116 $1491 $1740 forward @7 unknown T 1.1334999999999995 -0.7876759377267375 0.56553856125385538 1.1335000000000002 -0.70011865832508646 0.61608978008590998 #
-1493 coedge $-1 -1 -1 $-1 $1741 $1271 $1276 $1508 reversed $1495 $-1 #
-1494 coedge $-1 -1 -1 $-1 $1271 $1741 $1737 $1742 reversed $1495 $-1 #
-1495 loop $-1 -1 -1 $-1 $-1 $1271 $1484 T 0.93849999999999989 -0.99999999999999967 -0.61608978008590987 1.1335000000000002 -0.78767593772673705 0.61608978008590976 periphery $1729 F #
-1496 string_attrib-name_attrib-gen-attrib $-1 -1 $-1 $-1 $1272 2 1 1 1 1 1 1 1 1 1 1 1 1 1 0 1 1 1 @17 ATTRIB_XACIS_NAME @7 1:18561 #
-1497 vertex $-1 -1 -1 $-1 $1742 $1743 #
-1498 ellipse-curve $-1 -1 -1 $-1 1.1335000000000002 0 0 1 0 -1.4608197692436258e-15 0 0 0.99999999999999967 1 I I #
-1499 coedge $-1 -1 -1 $-1 $1744 $1273 $1738 $1745 forward $1501 $-1 #
-1500 coedge $-1 -1 -1 $-1 $1273 $1744 $1275 $1506 forward $1501 $-1 #
-1501 loop $-1 -1 -1 $-1 $-1 $1499 $1528 T 1.0876000000000001 -0.90000000000000002 -0.5655385612538556 1.1335000000000002 -0.70011865832508635 0.5655385612538556 unknown #
-1502 string_attrib-name_attrib-gen-attrib $-1 -1 $-1 $-1 $1274 2 1 1 1 1 1 1 1 1 1 1 1 1 1 0 1 1 1 @17 ATTRIB_XACIS_NAME @7 1:17187 #
-1503 vertex $-1 -1 -1 $-1 $1745 $1746 #
-1504 ellipse-curve $-1 -1 -1 $-1 1.1335000000000002 0 -5.5511151231257827e-17 -1 0 1.4608197692436258e-15 0 0 0.90000000000000002 1 I I #
-1505 coedge $-1 -1 -1 $-1 $1538 $1275 $1747 $1748 reversed $168 $-1 #
-1506 edge $1749 233705 -1 $-1 $1750 -0.5484 $1279 -0.50249999999999995 $1275 $1751 forward @7 unknown T 1.0876000000000001 -0.70011865832508646 -0.5655385612538556 1.1335000000000002 -0.70011865832508646 -0.56553856125385549 #
-1507 coedge $-1 -1 -1 $-1 $1276 $1476 $1730 $1752 forward $168 $-1 #
-1508 edge $1753 233703 -1 $-1 $1754 -0.021699999999999713 $1278 0.17329999999999796 $1276 $1755 forward @7 unknown T 0.93850000000000022 -0.78767593772673705 -0.61608978008590987 1.133499999999998 -0.78767593772673705 -0.61608978008590976 #
-1509 point $-1 -1 -1 $-1 1.133499999999998 -0.78767593772673705 -0.61608978008590987 #
-1510 point $-1 -1 -1 $-1 1.1335000000000002 -0.70011865832508646 -0.56553856125385549 #
-1511 coedge $-1 -1 -1 $-1 $1699 $1287 $1531 $1756 reversed $1253 $-1 #
-1512 string_attrib-name_attrib-gen-attrib $-1 -1 $-1 $-1 $1288 2 1 1 1 1 1 1 1 1 1 1 1 1 1 0 1 1 1 @17 ATTRIB_XACIS_NAME @7 1:17874 #
-1513 vertex $-1 -1 -1 $-1 $1288 $1757 #
-1514 straight-curve $-1 -1 -1 $-1 1.3843999999999999 -0.61428247677783077 -0.51598101873133784 0 0.86602540378443782 0.49999999999999978 I I #
-1515 point $-1 -1 -1 $-1 1.3844000000000001 -0.70011865832508646 -0.5655385612538556 #
-1516 coedge $-1 -1 -1 $-1 $1758 $1291 $1462 $1697 reversed $178 $-1 #
-1517 edge $1759 233743 -1 $-1 $1295 -0.34752895441214127 $1735 -0.24642651674803268 $1291 $1760 forward @7 unknown T 1.1384999999999994 -0.7876759377267375 0.56553856125385549 1.1385000000000001 -0.70011865832508657 0.61608978008590998 #
-1518 coedge $-1 -1 -1 $-1 $1292 $1465 $1761 $1762 reversed $178 $-1 #
-1519 coedge $-1 -1 -1 $-1 $1306 $1297 $1292 $1520 forward $1307 $-1 #
-1520 edge $1763 233778 -1 $-1 $1300 -0.099115085045035425 $1764 -0.088990968651679478 $1519 $1765 forward @7 unknown T 1.2876000000000001 -0.70011865832508657 0.56047650305717756 1.2876000000000003 -0.69135091633756973 0.56553856125385549 #
-1521 string_attrib-name_attrib-gen-attrib $-1 -1 $-1 $-1 $1293 2 1 1 1 1 1 1 1 1 1 1 1 1 1 0 1 1 1 @17 ATTRIB_XACIS_NAME @7 1:18570 #
-1522 ellipse-curve $-1 -1 -1 $-1 1.1385000000000001 0 0 -1 0 1.4608197692436258e-15 0 0 0.99999999999999967 1 I I #
-1523 point $-1 -1 -1 $-1 1.1385000000000001 -0.78767593772673716 0.61608978008590976 #
-1524 string_attrib-name_attrib-gen-attrib $-1 -1 $-1 $-1 $1298 2 1 1 1 1 1 1 1 1 1 1 1 1 1 0 1 1 1 @17 ATTRIB_XACIS_NAME @7 1:17205 #
-1525 ellipse-curve $-1 -1 -1 $-1 1.2876000000000001 0 -5.5511151231257827e-17 1 0 0 0 0 0.90000000000000002 1 I I #
-1526 point $-1 -1 -1 $-1 1.2876000000000003 -0.70011865832508657 0.56553856125385549 #
-1527 string_attrib-name_attrib-gen-attrib $-1 -1 $-1 $-1 $1303 2 1 1 1 1 1 1 1 1 1 1 1 1 1 0 1 1 1 @17 ATTRIB_XACIS_NAME @7 1:16278 #
-1528 face $1766 233488 -1 $-1 $1565 $1501 $4 $-1 $450 reversed single T 1.0876000000000001 -0.90000000000000002 -0.5655385612538556 1.1335000000000002 -0.70011865832508635 0.5655385612538556 F #
-1529 loop $-1 -1 -1 $-1 $-1 $1717 $1303 T 0.93849999999999989 -0.90000000000000002 -0.5655385612538556 0.98440000000000005 -0.70011865832508635 0.5655385612538556 unknown #
-1530 coedge $-1 -1 -1 $-1 $1761 $1304 $1306 $1536 reversed $1532 $-1 #
-1531 coedge $-1 -1 -1 $-1 $1304 $1761 $1511 $1756 forward $1532 $-1 #
-1532 loop $-1 -1 -1 $-1 $-1 $1761 $1643 T 1.2876000000000001 -0.89000000000000001 -0.56047650305717778 1.3843999999999999 -0.69135091633756951 0.56047650305717789 periphery $1767 F #
-1533 pcurve $-1 -1 -1 $-1 0 forward { exppc nubs 1 open 2 
	-0.024199999999999999 1 0.072599999999999776 1 
	0.041737649063032282 2.2520262202918619 
	-0.061328790459965823 2.2520262202918619 
	0 
	0 
	cone 1.3452 0 -5.5511151231257827e-17 1 0 0 0 0 0.89000000000000001 1 I I 0 -1 0.93919999999999959 forward I I I I 
	} 0 0 #
-1534 string_attrib-name_attrib-gen-attrib $-1 -1 $-1 $-1 $1305 2 1 1 1 1 1 1 1 1 1 1 1 1 1 0 1 1 1 @17 ATTRIB_XACIS_NAME @7 1:17670 #
-1535 straight-curve $-1 -1 -1 $-1 1.3601999999999999 -0.69135091633756984 -0.56047650305717778 -1 -0 -0 I I #
-1536 edge $1768 233841 -1 $-1 $1764 0.88956643329793028 $1309 2.2520262202918619 $1530 $1769 forward @7 unknown T 1.2876000000000001 -0.89000000000000001 -0.56047650305717767 1.2876000000000001 -0.69135091633756951 0.56047650305717789 #
-1537 point $-1 -1 -1 $-1 1.2876000000000001 -0.69135091633756984 -0.56047650305717767 #
-1538 coedge $-1 -1 -1 $-1 $1312 $1505 $1770 $1771 reversed $168 $-1 #
-1539 coedge $-1 -1 -1 $-1 $1462 $1313 $1469 $1706 reversed $1248 $-1 #
-1540 pcurve $-1 -1 -1 $-1 0 forward { exppc nubs 1 open 2 
	-0.49750000000000005 1 -0.45160000000000022 1 
	1.4781729131175472 2.2502603582055301 
	1.4293015332197618 2.2502603582055301 
	0 
	0 
	cone 2.5267999999999997 0 -5.5511151231257827e-17 1 0 0 0 0 0.90000000000000002 1 I I 0 1 0.93919999999999959 reversed I I I I 
	} 0 0 #
-1541 string_attrib-name_attrib-gen-attrib $-1 -1 $-1 $-1 $1314 2 1 1 1 1 1 1 1 1 1 1 1 1 1 0 1 1 1 @17 ATTRIB_XACIS_NAME @7 1:17220 #
-1542 vertex $-1 -1 -1 $-1 $1470 $1772 #
-1543 point $-1 -1 -1 $-1 1.1385000000000001 -0.70011865832508646 -0.56553856125385549 #
-1544 string_attrib-name_attrib-gen-attrib $-1 -1 $-1 $-1 $1320 2 1 1 1 1 1 1 1 1 1 1 1 1 1 0 1 1 1 @17 ATTRIB_XACIS_NAME @7 1:16473 #
-1545 face $1773 233469 -1 $-1 $1133 $1774 $4 $-1 $1775 forward single T 0.88759999999999994 -0.90000000000000002 -0.5655385612538556 0.88760000000000017 -0.69135091633756951 0.56553856125385549 T -0.56553856125385571 0.56553856125385527 -0.25694674091072744 0.20864908366243051 #
-1546 loop $-1 -1 -1 $-1 $-1 $1747 $1320 T 1.0876000000000001 -0.90000000000000002 -0.5655385612538556 1.0876000000000001 -0.69135091633756951 0.56553856125385549 periphery $1547 F #
-1547 plane-surface $-1 -1 -1 $-1 1.0876000000000001 -0.90000000000000002 1.9943809916290128e-16 -1 -0 -0 0 0 1 forward_v I I I I #
-1548 coedge $-1 -1 -1 $-1 $1776 $1322 $1604 $1777 reversed $50 $-1 #
-1549 edge $1778 233649 -1 $-1 $1609 -0.089803398973853851 $1381 -0.079570873411450332 $1375 $1779 forward @7 unknown T 0.78439999999999999 -0.66705450163537761 0.59906772562628485 0.78439999999999999 -0.65819287455346254 0.60418398840748677 #
-1550 string_attrib-name_attrib-gen-attrib $-1 -1 $-1 $-1 $1323 2 1 1 1 1 1 1 1 1 1 1 1 1 1 0 1 1 1 @17 ATTRIB_XACIS_NAME @7 1:17781 #
-1551 straight-curve $-1 -1 -1 $-1 0.76019999999999999 -0.65819287455346254 0.59906772562628496 -1 0 0 I I #
-1552 coedge $-1 -1 -1 $-1 $1326 $1780 $1587 $1781 reversed $50 $-1 #
-1553 edge $1782 233673 -1 $-1 $1363 -0.089803398973853851 $1592 -0.079570873411450332 $1358 $1783 forward @7 unknown T 1.3843999999999999 -0.66705450163537761 0.59906772562628485 1.3843999999999999 -0.65819287455346254 0.60418398840748677 #
-1554 string_attrib-name_attrib-gen-attrib $-1 -1 $-1 $-1 $1327 2 1 1 1 1 1 1 1 1 1 1 1 1 1 0 1 1 1 @17 ATTRIB_XACIS_NAME @7 1:17052 #
-1555 coedge $-1 -1 -1 $-1 $1330 $1784 $1785 $1786 forward $178 $-1 #
-1556 coedge $-1 -1 -1 $-1 $1650 $1787 $1330 $1557 reversed $1427 $-1 #
-1557 edge $1788 233772 -1 $-1 $1789 -0.021699999999999935 $1562 0.1732999999999994 $1330 $1790 forward @7 unknown T 0.73850000000000016 -0.78767593772673716 0.61608978008590976 0.93349999999999955 -0.78767593772673705 0.61608978008590976 #
-1558 coedge $-1 -1 -1 $-1 $1343 $1331 $1787 $1791 reversed $1560 $-1 #
-1559 coedge $-1 -1 -1 $-1 $1331 $1343 $1333 $1564 reversed $1560 $-1 #
-1560 loop $-1 -1 -1 $-1 $-1 $1331 $1728 T 0.73849999999999782 -0.99999999999999967 -0.6160897800859102 0.73850000000000016 -0.70011865832508635 0.61608978008590998 periphery $1792 T #
-1561 string_attrib-name_attrib-gen-attrib $-1 -1 $-1 $-1 $1332 2 1 1 1 1 1 1 1 1 1 1 1 1 1 0 1 1 1 @17 ATTRIB_XACIS_NAME @7 1:18417 #
-1562 vertex $-1 -1 -1 $-1 $1557 $1793 #
-1563 straight-curve $-1 -1 -1 $-1 0.73849999999999927 -0.48670703465517906 0.44232530287983923 -7.3040988462181386e-16 0.86602540378443926 -0.50000000000000067 I I #
-1564 edge $1794 233755 -1 $-1 $1336 0.89133229538426351 $1346 2.2502603582055301 $1559 $1795 forward @7 unknown T 0.73850000000000016 -0.90000000000000002 -0.56553856125385549 0.73850000000000016 -0.70011865832508635 0.56553856125385549 #
-1565 face $1796 233489 -1 $-1 $1797 $1334 $4 $-1 $450 reversed single T 0.73850000000000016 -0.90000000000000002 -0.5655385612538556 0.78440000000000021 -0.70011865832508635 0.5655385612538556 F #
-1566 point $-1 -1 -1 $-1 0.73850000000000016 -0.70011865832508657 0.56553856125385549 #
-1567 string_attrib-name_attrib-gen-attrib $-1 -1 $-1 $-1 $1341 2 1 1 1 1 1 1 1 1 1 1 1 1 1 0 1 1 1 @17 ATTRIB_XACIS_NAME @7 1:16446 #
-1568 face $1798 233472 -1 $-1 $1799 $1449 $4 $-1 $1053 forward single T 1.1843999999999999 -0.66705450163537761 -0.90000000000000013 1.1843999999999999 0 -0.59906772562628463 F #
-1569 loop $-1 -1 -1 $-1 $-1 $1713 $1341 T 0.88759999999999994 -0.89000000000000001 -0.56047650305717778 0.98440000000000016 -0.69135091633756951 0.56047650305717789 periphery $1570 F #
-1570 cone-surface $-1 -1 -1 $-1 0.94520000000000004 0 -5.5511151231257827e-17 1 0 0 0 0 0.89000000000000001 1 I I 0 -1 0.93919999999999959 forward I I I I #
-1571 coedge $-1 -1 -1 $-1 $1800 $1342 $1487 $1733 forward $168 $-1 #
-1572 coedge $-1 -1 -1 $-1 $1787 $1650 $1342 $1573 reversed $1427 $-1 #
-1573 edge $1801 233695 -1 $-1 $1575 -0.021699999999999935 $1802 0.17329999999999762 $1342 $1803 forward @7 unknown T 0.73850000000000016 -0.78767593772673705 -0.61608978008590987 0.93349999999999778 -0.78767593772673705 -0.61608978008590976 #
-1574 string_attrib-name_attrib-gen-attrib $-1 -1 $-1 $-1 $1344 2 1 1 1 1 1 1 1 1 1 1 1 1 1 0 1 1 1 @17 ATTRIB_XACIS_NAME @7 1:18054 #
-1575 vertex $-1 -1 -1 $-1 $1573 $1804 #
-1576 straight-curve $-1 -1 -1 $-1 0.73849999999999838 -0.066857918900482594 -0.19992530287983884 -7.3040988462181386e-16 -0.86602540378443926 -0.50000000000000067 I I #
-1577 point $-1 -1 -1 $-1 0.73850000000000016 -0.70011865832508646 -0.56553856125385549 #
-1578 coedge $-1 -1 -1 $-1 $1805 $1349 $1806 $1807 reversed $15 $-1 #
-1579 coedge $-1 -1 -1 $-1 $1808 $1809 $1349 $1580 forward $1810 $-1 #
-1580 edge $1811 233605 -1 $-1 $1812 -0.022950000000001358 $1585 0.022950000000000026 $1579 $1813 forward @7 unknown T 1.2876000000000001 0 0.89999999999999991 1.3335000000000015 0 0.89999999999999991 #
-1581 coedge $-1 -1 -1 $-1 $1814 $1350 $1353 $1588 forward $1583 $-1 #
-1582 coedge $-1 -1 -1 $-1 $1350 $1814 $1808 $1815 reversed $1583 $-1 #
-1583 loop $-1 -1 -1 $-1 $-1 $1350 $1816 T 1.2876000000000001 -0.66705450163537761 0.59906772562628463 1.2876000000000001 0 0.89999999999999991 unknown #
-1584 string_attrib-name_attrib-gen-attrib $-1 -1 $-1 $-1 $1351 2 1 1 1 1 1 1 1 1 1 1 1 1 1 0 1 1 1 @17 ATTRIB_XACIS_NAME @6 2:1085 #
-1585 vertex $-1 -1 -1 $-1 $1351 $1817 #
-1586 straight-curve $-1 -1 -1 $-1 1.2876000000000001 0 -1.1041923455807526e-16 0 0 -1 I I #
-1587 coedge $-1 -1 -1 $-1 $1353 $1352 $1552 $1781 forward $1354 $1818 #
-1588 edge $1819 233881 -1 $-1 $1356 0 $1820 0.83239050601679687 $1353 $1641 forward @7 unknown T 1.2876000000000001 -0.65819287455346254 0.59906772562628496 1.2876000000000001 0 0.8899999999999999 #
-1589 face $1821 233519 -1 $-1 $1395 $1354 $4 $-1 $1644 forward single T 1.2876000000000001 -0.65819287455346254 0.59906772562628496 1.3843999999999999 0 0.8899999999999999 F #
-1590 point $-1 -1 -1 $-1 1.2876000000000001 0 0.8899999999999999 #
-1591 string_attrib-name_attrib-gen-attrib $-1 -1 $-1 $-1 $1359 2 1 1 1 1 1 1 1 1 1 1 1 1 1 0 1 1 1 @17 ATTRIB_XACIS_NAME @6 2:1474 #
-1592 vertex $-1 -1 -1 $-1 $1553 $1822 #
-1593 string_attrib-name_attrib-gen-attrib $-1 -1 $-1 $-1 $1360 2 1 1 1 1 1 1 1 1 1 1 1 1 1 0 1 1 1 @17 ATTRIB_XACIS_NAME @5 2:470 #
-1594 point $-1 -1 -1 $-1 1.3843999999999999 -0.66705450163537761 0.60418398840748677 #
-1595 coedge $-1 -1 -1 $-1 $1366 $1823 $1824 $1825 reversed $15 $-1 #
-1596 coedge $-1 -1 -1 $-1 $1826 $1827 $1366 $1597 forward $1828 $-1 #
-1597 edge $1829 233623 -1 $-1 $1602 -0.069499999999998646 $1830 0.12550000000000111 $1596 $1831 forward @7 unknown T 0.7385000000000016 0 0.99999999999999967 0.93350000000000144 0 0.99999999999999967 #
-1598 coedge $-1 -1 -1 $-1 $1832 $1367 $1827 $1833 reversed $1600 $-1 #
-1599 coedge $-1 -1 -1 $-1 $1367 $1832 $1369 $1605 reversed $1600 $-1 #
-1600 loop $-1 -1 -1 $-1 $-1 $1367 $1834 T 0.73849999999999949 -0.75544257269840687 0.60418398840748655 0.7385000000000016 0 0.99999999999999967 unknown #
-1601 string_attrib-name_attrib-gen-attrib $-1 -1 $-1 $-1 $1368 2 1 1 1 1 1 1 1 1 1 1 1 1 1 0 1 1 1 @17 ATTRIB_XACIS_NAME @6 2:1088 #
-1602 vertex $-1 -1 -1 $-1 $1368 $1835 #
-1603 straight-curve $-1 -1 -1 $-1 0.73849999999999949 0 0.48479999999999923 1.4608197692436258e-15 -0 1 I I #
-1604 coedge $-1 -1 -1 $-1 $1370 $1369 $1548 $1777 forward $1371 $-1 #
-1605 edge $1836 233883 -1 $-1 $1373 0 $1837 0.83481401285155954 $1599 $1629 forward @7 unknown T 0.73849999999999993 -0.66705450163537761 0.60418398840748666 0.73850000000000149 0 0.89999999999999991 #
-1606 face $1838 233521 -1 $-1 $1816 $1371 $4 $-1 $450 reversed single T 0.73849999999999993 -0.66705450163537772 0.60418398840748666 0.78440000000000021 0 0.89999999999999991 F #
-1607 point $-1 -1 -1 $-1 0.73850000000000149 0 0.89999999999999991 #
-1608 string_attrib-name_attrib-gen-attrib $-1 -1 $-1 $-1 $1376 2 1 1 1 1 1 1 1 1 1 1 1 1 1 0 1 1 1 @17 ATTRIB_XACIS_NAME @6 2:1487 #
-1609 vertex $-1 -1 -1 $-1 $1549 $1839 #
-1610 string_attrib-name_attrib-gen-attrib $-1 -1 $-1 $-1 $1377 2 1 1 1 1 1 1 1 1 1 1 1 1 1 0 1 1 1 @17 ATTRIB_XACIS_NAME @5 2:483 #
-1611 point $-1 -1 -1 $-1 0.78439999999999999 -0.65819287455346254 0.59906772562628496 #
-1612 coedge $-1 -1 -1 $-1 $1840 $1384 $1841 $1842 reversed $10 $-1 #
-1613 coedge $-1 -1 -1 $-1 $1843 $1844 $1384 $1614 forward $1845 $-1 #
-1614 edge $1846 233566 -1 $-1 $1847 1.3847999999999994 $1619 1.4847999999999988 $1613 $1848 forward @7 unknown T 0.93349999999999711 0 -0.99999999999999967 0.93349999999999866 0 -0.90000000000000013 #
-1615 coedge $-1 -1 -1 $-1 $1849 $1385 $1388 $1622 forward $1617 $-1 #
-1616 coedge $-1 -1 -1 $-1 $1385 $1849 $1843 $1850 forward $1617 $-1 #
-1617 loop $-1 -1 -1 $-1 $-1 $1385 $1851 T 0.73849999999999871 -0.75544257269840709 -0.99999999999999967 0.9335 0 -0.65521486502887827 unknown #
-1618 string_attrib-name_attrib-gen-attrib $-1 -1 $-1 $-1 $1386 2 1 1 1 1 1 1 1 1 1 1 1 1 1 0 1 1 1 @17 ATTRIB_XACIS_NAME @6 2:1211 #
-1619 vertex $-1 -1 -1 $-1 $1386 $1852 #
-1620 straight-curve $-1 -1 -1 $-1 0.80800000000000027 0 -0.99999999999999967 -0.99999999999999967 0 -0 I I #
-1621 coedge $-1 -1 -1 $-1 $1388 $1387 $1853 $1854 reversed $1389 $-1 #
-1622 edge $1855 233885 -1 $-1 $1391 -3.1415926535897931 $1856 -2.2852633349187359 $1615 $1857 forward @7 unknown T 0.73849999999999871 -0.75544257269840709 -0.99999999999999967 0.73850000000000016 0 -0.65521486502887827 #
-1623 face $1858 233523 -1 $-1 $1834 $1389 $4 $-1 $1859 reversed single T 0.73849999999999727 -0.75544257269840775 -0.99999999999999978 0.73850000000000016 0 -0.60418398840748666 F #
-1624 point $-1 -1 -1 $-1 0.73849999999999871 0 -0.99999999999999967 #
-1625 coedge $-1 -1 -1 $-1 $1397 $1853 $1393 $1626 reversed $255 $-1 #
-1626 edge $1860 233820 -1 $-1 $1400 0.85160000000000013 $1628 0.89750000000000019 $1625 $1861 forward @7 unknown T 0.73849999999999993 -0.66705450163537772 -0.60418398840748677 0.78439999999999999 -0.66705450163537761 -0.60418398840748677 #
-1627 string_attrib-name_attrib-gen-attrib $-1 -1 $-1 $-1 $1394 2 1 1 1 1 1 1 1 1 1 1 1 1 1 0 1 1 1 @17 ATTRIB_XACIS_NAME @6 2:1510 #
-1628 vertex $-1 -1 -1 $-1 $1394 $1862 #
-1629 ellipse-curve $-1 -1 -1 $-1 0.73850000000000016 0 -5.5511151231257827e-17 1 0 -1.4608197692436258e-15 0 0 0.90000000000000002 1 I I #
-1630 string_attrib-name_attrib-gen-attrib $-1 -1 $-1 $-1 $1395 2 1 1 1 1 1 1 1 1 1 1 1 1 1 0 1 1 1 @17 ATTRIB_XACIS_NAME @5 2:506 #
-1631 string_attrib-name_attrib-gen-attrib $-1 -1 $-1 $-1 $1398 2 1 1 1 1 1 1 1 1 1 1 1 1 1 0 1 1 1 @17 ATTRIB_XACIS_NAME @7 1:17793 #
-1632 straight-curve $-1 -1 -1 $-1 0.78439999999999999 -0.58928247677783074 -0.55928228892055976 0 -0.86602540378443782 -0.49999999999999978 I I #
-1633 point $-1 -1 -1 $-1 0.78439999999999999 -0.66705450163537761 -0.60418398840748677 #
-1634 coedge $-1 -1 -1 $-1 $1408 $1407 $1863 $1864 forward $1409 $-1 #
-1635 point $-1 -1 -1 $-1 1.2876000000000001 0 -0.90000000000000013 #
-1636 coedge $-1 -1 -1 $-1 $1863 $1417 $1413 $1637 reversed $255 $-1 #
-1637 edge $1865 233801 -1 $-1 $1640 -0.024199999999999777 $1420 0.072599999999999998 $1413 $1866 forward @7 unknown T 1.2876000000000001 -0.65819287455346265 -0.59906772562628496 1.3843999999999999 -0.65819287455346254 -0.59906772562628496 #
-1638 pcurve $-1 -1 -1 $-1 0 forward { exppc nubs 1 open 2 
	-0.024199999999999777 1 0.072599999999999998 1 
	-0.061328790459965823 2.3092021475729956 
	0.041737649063032282 2.3092021475729956 
	0 
	0 
	cone 1.3452 0 -5.5511151231257827e-17 1 0 0 0 0 0.89000000000000001 1 I I 0 -1 0.93919999999999959 forward I I I I 
	} 0 -6.2831853071795862 #
-1639 string_attrib-name_attrib-gen-attrib $-1 -1 $-1 $-1 $1414 2 1 1 1 1 1 1 1 1 1 1 1 1 1 0 1 1 1 @17 ATTRIB_XACIS_NAME @6 2:1497 #
-1640 vertex $-1 -1 -1 $-1 $1414 $1867 #
-1641 ellipse-curve $-1 -1 -1 $-1 1.2876000000000001 0 -5.5511151231257827e-17 1 0 0 0 0 0.89000000000000001 1 I I #
-1642 string_attrib-name_attrib-gen-attrib $-1 -1 $-1 $-1 $1415 2 1 1 1 1 1 1 1 1 1 1 1 1 1 0 1 1 1 @17 ATTRIB_XACIS_NAME @5 2:490 #
-1643 face $1868 233479 -1 $-1 $244 $1532 $4 $-1 $1767 forward single T 1.2876000000000001 -0.89000000000000001 -0.56047650305717778 1.3843999999999999 -0.69135091633756951 0.56047650305717789 T -0.061328790459965823 0.041737649063032282 0.88956643329793028 2.2520262202918619 #
-1644 cone-surface $-1 -1 -1 $-1 1.3452 0 -5.5511151231257827e-17 1 0 0 0 0 0.89000000000000001 1 I I 0 -1 0.93919999999999959 forward I I I I #
-1645 string_attrib-name_attrib-gen-attrib $-1 -1 $-1 $-1 $1418 2 1 1 1 1 1 1 1 1 1 1 1 1 1 0 1 1 1 @17 ATTRIB_XACIS_NAME @7 1:17697 #
-1646 straight-curve $-1 -1 -1 $-1 1.3843999999999999 -0.58928247677783074 -0.55928228892055976 0 -0.86602540378443782 -0.49999999999999978 I I #
-1647 point $-1 -1 -1 $-1 1.3843999999999999 -0.65819287455346254 -0.59906772562628496 #
-1648 string_attrib-name_attrib-gen-attrib $-1 -1 $-1 $-1 $1423 2 1 1 1 1 1 1 1 1 1 1 1 1 1 0 1 1 1 @17 ATTRIB_XACIS_NAME @5 2:516 #
-1649 plane-surface $-1 -1 -1 $-1 1.2876000000000001 0.90000000000000002 -2.2083846911615051e-16 -1 0 0 0 0 1 forward_v I I I I #
-1650 coedge $-1 -1 -1 $-1 $1572 $1556 $1731 $1869 forward $1427 $-1 #
-1651 coedge $-1 -1 -1 $-1 $1870 $1429 $1430 $1654 forward $1228 $-1 #
-1652 coedge $-1 -1 -1 $-1 $1429 $1870 $1432 $1659 forward $1228 $-1 #
-1653 edge $1871 233581 -1 $-1 $1661 -0.12549999999999856 $1656 0.069500000000001422 $1429 $1872 forward @7 unknown T 1.1384999999999985 0 -0.99999999999999967 1.3334999999999986 0 -0.99999999999999967 #
-1654 edge $1873 233770 -1 $-1 $1656 -3.1415926535897931 $1874 -2.2852633349187359 $1651 $1875 forward @7 unknown T 1.1384999999999985 -0.75544257269840709 -0.99999999999999967 1.1385000000000001 0 -0.65521486502887827 #
-1655 string_attrib-name_attrib-gen-attrib $-1 -1 $-1 $-1 $1431 2 1 1 1 1 1 1 1 1 1 1 1 1 1 0 1 1 1 @17 ATTRIB_XACIS_NAME @6 2:1232 #
-1656 vertex $-1 -1 -1 $-1 $1653 $1876 #
-1657 straight-curve $-1 -1 -1 $-1 1.1384999999999994 0 0.48479999999999895 1.4608197692436258e-15 -0 1 I I #
-1658 coedge $-1 -1 -1 $-1 $1433 $1432 $1877 $1878 reversed $1038 $-1 #
-1659 edge $1879 233764 -1 $-1 $1880 2.2852633349187359 $1661 3.1415926535897931 $1652 $1881 forward @7 unknown T 1.3334999999999977 -0.75544257269840709 -0.99999999999999967 1.3335000000000001 0 -0.65521486502887827 #
-1660 string_attrib-name_attrib-gen-attrib $-1 -1 $-1 $-1 $1434 2 1 1 1 1 1 1 1 1 1 1 1 1 1 0 1 1 1 @17 ATTRIB_XACIS_NAME @6 2:1220 #
-1661 vertex $-1 -1 -1 $-1 $1434 $1882 #
-1662 straight-curve $-1 -1 -1 $-1 1.3334999999999995 0 0.48479999999999879 -1.4608197692436258e-15 0 -1 I I #
-1663 coedge $-1 -1 -1 $-1 $1436 $1435 $1883 $1884 forward $1041 $1885 #
-1664 coedge $-1 -1 -1 $-1 $1886 $1887 $1435 $1665 reversed $1888 $-1 #
-1665 edge $1889 233857 -1 $-1 $1672 -3.1415926535897931 $1890 -2.3067786407382336 $1664 $1891 forward @7 unknown T 1.1334999999999988 -0.66705450163537761 -0.90000000000000013 1.1335000000000002 0 -0.60418398840748666 #
-1666 coedge $-1 -1 -1 $-1 $1892 $1893 $1436 $1667 reversed $1894 $-1 #
-1667 edge $1895 233848 -1 $-1 $1896 2.3067786407382336 $1671 3.1415926535897931 $1436 $1897 forward @7 unknown T 1.0876000000000001 -0.66705450163537761 -0.90000000000000013 1.0876000000000001 0 -0.60418398840748666 #
-1668 coedge $-1 -1 -1 $-1 $1458 $1437 $1893 $1898 reversed $10 $-1 #
-1669 coedge $-1 -1 -1 $-1 $1437 $1899 $1886 $1900 reversed $10 $-1 #
-1670 string_attrib-name_attrib-gen-attrib $-1 -1 $-1 $-1 $1438 2 1 1 1 1 1 1 1 1 1 1 1 1 1 0 1 1 1 @17 ATTRIB_XACIS_NAME @6 2:1262 #
-1671 vertex $-1 -1 -1 $-1 $1898 $1901 #
-1672 vertex $-1 -1 -1 $-1 $1438 $1902 #
-1673 straight-curve $-1 -1 -1 $-1 1.1105500000000001 0 -0.90000000000000013 1 0 0 I I #
-1674 coedge $-1 -1 -1 $-1 $1877 $1863 $1439 $1675 reversed $255 $-1 #
-1675 edge $1903 233803 -1 $-1 $1677 0.30249999999999999 $1680 0.34840000000000004 $1674 $1686 forward @7 unknown T 1.2876000000000001 -0.66705450163537772 -0.60418398840748677 1.3335000000000001 -0.66705450163537761 -0.60418398840748677 #
-1676 string_attrib-name_attrib-gen-attrib $-1 -1 $-1 $-1 $1440 2 1 1 1 1 1 1 1 1 1 1 1 1 1 0 1 1 1 @17 ATTRIB_XACIS_NAME @6 2:1555 #
-1677 vertex $-1 -1 -1 $-1 $1675 $1904 #
-1678 ellipse-curve $-1 -1 -1 $-1 1.3335000000000001 0 -5.5511151231257827e-17 -1 0 1.4608197692436258e-15 0 0 0.90000000000000002 1 I I #
-1679 string_attrib-name_attrib-gen-attrib $-1 -1 $-1 $-1 $1441 2 1 1 1 1 1 1 1 1 1 1 1 1 1 0 1 1 1 @17 ATTRIB_XACIS_NAME @6 2:1523 #
-1680 vertex $-1 -1 -1 $-1 $1864 $1905 #
-1681 ellipse-curve $-1 -1 -1 $-1 1.2876000000000001 0 -5.5511151231257827e-17 1 0 0 0 0 0.90000000000000002 1 I I #
-1682 point $-1 -1 -1 $-1 1.3334999999999988 0 -0.90000000000000013 #
-1683 coedge $-1 -1 -1 $-1 $1906 $1445 $1448 $1688 reversed $255 $-1 #
-1684 coedge $-1 -1 -1 $-1 $1445 $1907 $1453 $1690 forward $255 $-1 #
-1685 string_attrib-name_attrib-gen-attrib $-1 -1 $-1 $-1 $1446 2 1 1 1 1 1 1 1 1 1 1 1 1 1 0 1 1 1 @17 ATTRIB_XACIS_NAME @7 1:17022 #
-1686 straight-curve $-1 -1 -1 $-1 1.6360000000000001 -0.66705450163537772 -0.60418398840748677 -1 0 0 I I #
-1687 coedge $-1 -1 -1 $-1 $1448 $1447 $1908 $1909 reversed $1449 $-1 #
-1688 edge $1910 233805 -1 $-1 $1911 0.07957087341145043 $1451 0.089803398973853948 $1448 $1912 forward @7 unknown T 1.1843999999999999 -0.66705450163537761 -0.60418398840748677 1.1843999999999999 -0.65819287455346243 -0.59906772562628496 #
-1689 point $-1 -1 -1 $-1 1.1843999999999999 -0.66705450163537761 -0.60418398840748677 #
-1690 edge $1913 233769 -1 $-1 $1874 -0.82397658391963535 $1455 -0.72191483067685169 $1684 $1914 forward @7 unknown T 1.1384999999999976 -0.75544257269840798 -0.65521486502887893 1.1385000000000001 -0.66705450163537772 -0.60418398840748677 #
-1691 point $-1 -1 -1 $-1 1.1385000000000001 -0.66705450163537772 -0.60418398840748677 #
-1692 coedge $-1 -1 -1 $-1 $1915 $1908 $1458 $1693 forward $1916 $-1 #
-1693 edge $1917 233577 -1 $-1 $1695 -0.039199999999999902 $1918 0.057599999999999874 $1692 $1919 forward @7 unknown T 1.0876000000000001 0 -0.89000000000000012 1.1843999999999999 0 -0.89000000000000012 #
-1694 string_attrib-name_attrib-gen-attrib $-1 -1 $-1 $-1 $1459 2 1 1 1 1 1 1 1 1 1 1 1 1 1 0 1 1 1 @17 ATTRIB_XACIS_NAME @6 2:1244 #
-1695 vertex $-1 -1 -1 $-1 $1459 $1920 #
-1696 straight-curve $-1 -1 -1 $-1 1.1843999999999999 0 9.9719049581450638e-17 0 0 1 I I #
-1697 edge $1921 233780 -1 $-1 $1922 0.45160000000000022 $1735 0.49750000000000005 $1516 $1301 forward @7 unknown T 1.1385000000000001 -0.70011865832508657 0.56553856125385549 1.1843999999999999 -0.70011865832508646 0.5655385612538556 #
-1698 pcurve $-1 -1 -1 $-1 0 forward { exppc nubs 1 open 2 
	0.45160000000000022 1 0.49750000000000005 1 
	1.4293015332197618 0.89133229538426306 
	1.4781729131175472 0.89133229538426306 
	0 
	0 
	cone 2.5267999999999997 0 -5.5511151231257827e-17 1 0 0 0 0 0.90000000000000002 1 I I 0 1 0.93919999999999959 reversed I I I I 
	} 0 0 #
-1699 coedge $-1 -1 -1 $-1 $1463 $1511 $1465 $1701 forward $1253 $-1 #
-1700 string_attrib-name_attrib-gen-attrib $-1 -1 $-1 $-1 $1464 2 1 1 1 1 1 1 1 1 1 1 1 1 1 0 1 1 1 @17 ATTRIB_XACIS_NAME @7 1:17247 #
-1701 edge $1923 233776 -1 $-1 $1924 0.088990968651679478 $1467 0.099115085045035425 $1699 $1925 forward @7 unknown T 1.3843999999999999 -0.70011865832508657 0.56047650305717756 1.3844000000000001 -0.69135091633756973 0.56553856125385549 #
-1702 point $-1 -1 -1 $-1 1.3844000000000001 -0.70011865832508657 0.56553856125385549 #
-1703 coedge $-1 -1 -1 $-1 $1469 $1468 $1758 $1926 forward $1052 $-1 #
-1704 coedge $-1 -1 -1 $-1 $1770 $1927 $1468 $1705 forward $1928 $-1 #
-1705 edge $1929 233833 -1 $-1 $1930 0.88956643329793073 $1708 2.2520262202918619 $1704 $1931 forward @7 unknown T 1.1843999999999999 -0.89000000000000001 -0.56047650305717767 1.1843999999999999 -0.69135091633756951 0.56047650305717789 #
-1706 edge $1932 233834 -1 $-1 $1922 0.89133229538426351 $1542 2.2502603582055301 $1539 $1452 forward @7 unknown T 1.1843999999999999 -0.90000000000000002 -0.5655385612538556 1.1843999999999999 -0.70011865832508635 0.56553856125385549 #
-1707 string_attrib-name_attrib-gen-attrib $-1 -1 $-1 $-1 $1470 2 1 1 1 1 1 1 1 1 1 1 1 1 1 0 1 1 1 @17 ATTRIB_XACIS_NAME @7 1:17880 #
-1708 vertex $-1 -1 -1 $-1 $1470 $1933 #
-1709 straight-curve $-1 -1 -1 $-1 1.1843999999999999 -0.61428247677783077 -0.51598101873133784 0 0.86602540378443782 0.49999999999999978 I I #
-1710 coedge $-1 -1 -1 $-1 $1934 $1935 $1471 $1711 reversed $178 $-1 #
-1711 edge $1936 233786 -1 $-1 $1715 0.088990968651679478 $1720 0.099115085045035425 $1471 $1937 forward @7 unknown T 0.98439999999999994 -0.70011865832508657 0.56047650305717756 0.98439999999999994 -0.69135091633756973 0.56553856125385549 #
-1712 coedge $-1 -1 -1 $-1 $1938 $1472 $1477 $1724 forward $1569 $1939 #
-1713 coedge $-1 -1 -1 $-1 $1472 $1938 $1934 $1940 forward $1569 $1941 #
-1714 string_attrib-name_attrib-gen-attrib $-1 -1 $-1 $-1 $1473 2 1 1 1 1 1 1 1 1 1 1 1 1 1 0 1 1 1 @17 ATTRIB_XACIS_NAME @7 1:17739 #
-1715 vertex $-1 -1 -1 $-1 $1473 $1942 #
-1716 ellipse-curve $-1 -1 -1 $-1 0.98439999999999994 0 -5.5511151231257827e-17 1 0 0 0 0 0.89000000000000001 1 I I #
-1717 coedge $-1 -1 -1 $-1 $1943 $1474 $1935 $1944 forward $1529 $-1 #
-1718 coedge $-1 -1 -1 $-1 $1474 $1943 $1476 $1722 forward $1529 $-1 #
-1719 string_attrib-name_attrib-gen-attrib $-1 -1 $-1 $-1 $1475 2 1 1 1 1 1 1 1 1 1 1 1 1 1 0 1 1 1 @17 ATTRIB_XACIS_NAME @7 1:17199 #
-1720 vertex $-1 -1 -1 $-1 $1944 $1945 #
-1721 ellipse-curve $-1 -1 -1 $-1 0.98439999999999994 0 -5.5511151231257827e-17 1 0 0 0 0 0.90000000000000002 1 I I #
-1722 edge $1946 233701 -1 $-1 $1947 -0.69750000000000023 $1479 -0.65160000000000007 $1476 $1751 forward @7 unknown T 0.93849999999999989 -0.70011865832508646 -0.5655385612538556 0.98440000000000005 -0.70011865832508646 -0.56553856125385549 #
-1723 coedge $-1 -1 -1 $-1 $1477 $1800 $1948 $1949 reversed $168 $-1 #
-1724 edge $1950 233699 -1 $-1 $1480 -0.024200000000000221 $1951 0.072599999999999665 $1712 $1952 forward @7 unknown T 0.88760000000000017 -0.69135091633756984 -0.56047650305717778 0.98440000000000016 -0.69135091633756984 -0.56047650305717767 #
-1725 point $-1 -1 -1 $-1 0.98439999999999994 -0.70011865832508646 -0.5655385612538556 #
-1726 point $-1 -1 -1 $-1 0.98439999999999994 -0.69135091633756984 -0.56047650305717767 #
-1727 string_attrib-name_attrib-gen-attrib $-1 -1 $-1 $-1 $1484 2 1 1 1 1 1 1 1 1 1 1 1 1 1 0 1 1 1 @17 ATTRIB_XACIS_NAME @7 1:16782 #
-1728 face $1953 233450 -1 $-1 $424 $1560 $4 $-1 $1792 reversed single T 0.73849999999999782 -0.99999999999999967 -0.6160897800859102 0.73850000000000016 -0.70011865832508635 0.61608978008590998 T 0.441887774892612 1.9821122251073873 0.87514832290635791 1.586947042723619 #
-1729 cone-surface $-1 -1 -1 $-1 1.008 0 0 1 0 0 0 0 0.99999999999999967 1 I I 0 -1 0.99999999999999967 forward I I I I #
-1730 coedge $-1 -1 -1 $-1 $1954 $1955 $1507 $1752 reversed $1485 $-1 #
-1731 coedge $-1 -1 -1 $-1 $1785 $1487 $1650 $1869 reversed $1266 $-1 #
-1732 coedge $-1 -1 -1 $-1 $1487 $1785 $1956 $1957 reversed $1266 $-1 #
-1733 edge $1958 233696 -1 $-1 $1802 -0.83232895441214172 $1959 -0.73122651674803307 $1571 $1960 forward @7 unknown T 0.93349999999999766 -0.78767593772673794 -0.6160897800859102 0.9335 -0.70011865832508646 -0.56553856125385549 #
-1734 string_attrib-name_attrib-gen-attrib $-1 -1 $-1 $-1 $1490 2 1 1 1 1 1 1 1 1 1 1 1 1 1 0 1 1 1 @17 ATTRIB_XACIS_NAME @7 1:17217 #
-1735 vertex $-1 -1 -1 $-1 $1697 $1961 #
-1736 ellipse-curve $-1 -1 -1 $-1 1.1385000000000001 0 -5.5511151231257827e-17 1 0 -1.4608197692436258e-15 0 0 0.90000000000000002 1 I I #
-1737 coedge $-1 -1 -1 $-1 $1962 $1491 $1494 $1742 forward $178 $-1 #
-1738 coedge $-1 -1 -1 $-1 $1491 $1963 $1499 $1745 reversed $178 $-1 #
-1739 string_attrib-name_attrib-gen-attrib $-1 -1 $-1 $-1 $1492 2 1 1 1 1 1 1 1 1 1 1 1 1 1 0 1 1 1 @17 ATTRIB_XACIS_NAME @7 1:18402 #
-1740 straight-curve $-1 -1 -1 $-1 1.1334999999999993 -0.48670703465517889 0.44232530287983912 7.3040988462181386e-16 -0.86602540378443926 0.50000000000000067 I I #
-1741 coedge $-1 -1 -1 $-1 $1494 $1493 $1955 $1964 forward $1495 $-1 #
-1742 edge $1965 233752 -1 $-1 $1497 -0.021700000000000046 $1966 0.1732999999999994 $1737 $1967 forward @7 unknown T 0.93850000000000033 -0.78767593772673716 0.61608978008590976 1.1334999999999997 -0.78767593772673705 0.61608978008590976 #
-1743 point $-1 -1 -1 $-1 1.1334999999999997 -0.78767593772673705 0.61608978008590976 #
-1744 coedge $-1 -1 -1 $-1 $1500 $1499 $1968 $1969 forward $1501 $-1 #
-1745 edge $1970 233784 -1 $-1 $1503 0.50249999999999995 $1971 0.5484 $1738 $1972 forward @7 unknown T 1.0876000000000001 -0.70011865832508657 0.56553856125385538 1.1335000000000002 -0.70011865832508646 0.5655385612538556 #
-1746 point $-1 -1 -1 $-1 1.1335000000000002 -0.70011865832508646 0.56553856125385538 #
-1747 coedge $-1 -1 -1 $-1 $1968 $1973 $1505 $1748 forward $1546 $-1 #
-1748 edge $1974 233706 -1 $-1 $1975 0.088990968651679575 $1750 0.099115085045035398 $1747 $1976 forward @7 unknown T 1.0876000000000001 -0.70011865832508646 -0.5655385612538556 1.0876000000000001 -0.69135091633756984 -0.56047650305717756 #
-1749 string_attrib-name_attrib-gen-attrib $-1 -1 $-1 $-1 $1506 2 1 1 1 1 1 1 1 1 1 1 1 1 1 0 1 1 1 @17 ATTRIB_XACIS_NAME @7 1:17184 #
-1750 vertex $-1 -1 -1 $-1 $1506 $1977 #
-1751 straight-curve $-1 -1 -1 $-1 1.6360000000000001 -0.70011865832508646 -0.5655385612538556 1 0 0 I I #
-1752 edge $1978 233702 -1 $-1 $1947 0.73122651674803307 $1754 0.83232895441214172 $1507 $1979 forward @7 unknown T 0.93849999999999756 -0.78767593772673794 -0.6160897800859102 0.93850000000000033 -0.70011865832508646 -0.56553856125385549 #
-1753 string_attrib-name_attrib-gen-attrib $-1 -1 $-1 $-1 $1508 2 1 1 1 1 1 1 1 1 1 1 1 1 1 0 1 1 1 @17 ATTRIB_XACIS_NAME @7 1:18066 #
-1754 vertex $-1 -1 -1 $-1 $1508 $1980 #
-1755 straight-curve $-1 -1 -1 $-1 0.96019999999999994 -0.78767593772673705 -0.61608978008590987 0.99999999999999933 0 0 I I #
-1756 edge $1981 233835 -1 $-1 $1924 0.88956643329793073 $1513 2.2520262202918619 $1531 $1421 forward @7 unknown T 1.3843999999999999 -0.89000000000000001 -0.56047650305717767 1.3843999999999999 -0.69135091633756951 0.56047650305717789 #
-1757 point $-1 -1 -1 $-1 1.3843999999999999 -0.69135091633756984 -0.56047650305717767 #
-1758 coedge $-1 -1 -1 $-1 $1982 $1516 $1703 $1926 reversed $178 $-1 #
-1759 string_attrib-name_attrib-gen-attrib $-1 -1 $-1 $-1 $1517 2 1 1 1 1 1 1 1 1 1 1 1 1 1 0 1 1 1 @17 ATTRIB_XACIS_NAME @7 1:18399 #
-1760 straight-curve $-1 -1 -1 $-1 1.1384999999999992 -0.48670703465517889 0.44232530287983912 -7.3040988462181386e-16 0.86602540378443926 -0.50000000000000067 I I #
-1761 coedge $-1 -1 -1 $-1 $1531 $1530 $1518 $1762 forward $1532 $1983 #
-1762 edge $1984 233777 -1 $-1 $1764 -0.024199999999999777 $1924 0.072599999999999998 $1761 $1985 forward @7 unknown T 1.2876000000000001 -0.69135091633756973 0.56047650305717767 1.3843999999999999 -0.69135091633756973 0.56047650305717778 #
-1763 string_attrib-name_attrib-gen-attrib $-1 -1 $-1 $-1 $1520 2 1 1 1 1 1 1 1 1 1 1 1 1 1 0 1 1 1 @17 ATTRIB_XACIS_NAME @7 1:17823 #
-1764 vertex $-1 -1 -1 $-1 $1536 $1986 #
-1765 straight-curve $-1 -1 -1 $-1 1.2876000000000001 -0.61428247677783077 0.51598101873133784 0 0.86602540378443782 -0.49999999999999978 I I #
-1766 string_attrib-name_attrib-gen-attrib $-1 -1 $-1 $-1 $1528 2 1 1 1 1 1 1 1 1 1 1 1 1 1 0 1 1 1 @17 ATTRIB_XACIS_NAME @7 1:16275 #
-1767 cone-surface $-1 -1 -1 $-1 1.3452 0 -5.5511151231257827e-17 1 0 0 0 0 0.89000000000000001 1 I I 0 -1 0.93919999999999959 forward I I I I #
-1768 string_attrib-name_attrib-gen-attrib $-1 -1 $-1 $-1 $1536 2 1 1 1 1 1 1 1 1 1 1 1 1 1 0 1 1 1 @17 ATTRIB_XACIS_NAME @7 1:17673 #
-1769 ellipse-curve $-1 -1 -1 $-1 1.2876000000000001 0 -5.5511151231257827e-17 1 0 0 0 0 0.89000000000000001 1 I I #
-1770 coedge $-1 -1 -1 $-1 $1987 $1704 $1538 $1771 forward $1928 $1988 #
-1771 edge $1989 233707 -1 $-1 $1708 -0.024199999999999777 $1975 0.072599999999999998 $1770 $1990 forward @7 unknown T 1.0876000000000001 -0.69135091633756984 -0.56047650305717778 1.1843999999999999 -0.69135091633756984 -0.56047650305717767 #
-1772 point $-1 -1 -1 $-1 1.1843999999999999 -0.70011865832508646 -0.5655385612538556 #
-1773 string_attrib-name_attrib-gen-attrib $-1 -1 $-1 $-1 $1545 2 1 1 1 1 1 1 1 1 1 1 1 1 1 0 1 1 1 @17 ATTRIB_XACIS_NAME @7 1:16470 #
-1774 loop $-1 -1 -1 $-1 $-1 $1948 $1545 T 0.88759999999999994 -0.90000000000000002 -0.5655385612538556 0.88760000000000017 -0.69135091633756951 0.56553856125385549 periphery $1775 F #
-1775 plane-surface $-1 -1 -1 $-1 0.88759999999999994 -0.90000000000000002 1.9943809916290128e-16 -1 -0 -0 0 0 1 forward_v I I I I #
-1776 coedge $-1 -1 -1 $-1 $1991 $1548 $1832 $1992 forward $50 $-1 #
-1777 edge $1993 233650 -1 $-1 $1837 -0.89750000000000019 $1609 -0.85160000000000013 $1548 $1994 forward @7 unknown T 0.73849999999999993 -0.66705450163537772 0.60418398840748677 0.78439999999999999 -0.66705450163537761 0.60418398840748677 #
-1778 string_attrib-name_attrib-gen-attrib $-1 -1 $-1 $-1 $1549 2 1 1 1 1 1 1 1 1 1 1 1 1 1 0 1 1 1 @17 ATTRIB_XACIS_NAME @7 1:17790 #
-1779 straight-curve $-1 -1 -1 $-1 0.78439999999999999 -0.58928247677783085 0.55928228892055976 0 0.86602540378443782 -0.49999999999999978 I I #
-1780 coedge $-1 -1 -1 $-1 $1552 $1995 $1814 $1996 reversed $50 $-1 #
-1781 edge $1997 233672 -1 $-1 $1592 -0.072599999999999998 $1820 0.024199999999999777 $1587 $1998 forward @7 unknown T 1.2876000000000001 -0.65819287455346254 0.59906772562628496 1.3843999999999999 -0.65819287455346254 0.59906772562628496 #
-1782 string_attrib-name_attrib-gen-attrib $-1 -1 $-1 $-1 $1553 2 1 1 1 1 1 1 1 1 1 1 1 1 1 0 1 1 1 @17 ATTRIB_XACIS_NAME @7 1:17694 #
-1783 straight-curve $-1 -1 -1 $-1 1.3843999999999999 -0.58928247677783085 0.55928228892055976 0 0.86602540378443782 -0.49999999999999978 I I #
-1784 coedge $-1 -1 -1 $-1 $1555 $1999 $2000 $2001 reversed $178 $-1 #
-1785 coedge $-1 -1 -1 $-1 $1732 $1731 $1555 $1786 reversed $1266 $-1 #
-1786 edge $2002 233747 -1 $-1 $2003 0.24642651674803245 $1789 0.34752895441214104 $1555 $2004 forward @7 unknown T 0.93349999999999955 -0.78767593772673739 0.56553856125385538 0.9335 -0.70011865832508646 0.61608978008590998 #
-1787 coedge $-1 -1 -1 $-1 $1556 $1572 $1558 $1791 forward $1427 $-1 #
-1788 string_attrib-name_attrib-gen-attrib $-1 -1 $-1 $-1 $1557 2 1 1 1 1 1 1 1 1 1 1 1 1 1 0 1 1 1 @17 ATTRIB_XACIS_NAME @7 1:18414 #
-1789 vertex $-1 -1 -1 $-1 $1557 $2005 #
-1790 straight-curve $-1 -1 -1 $-1 0.9117999999999995 -0.78767593772673705 0.61608978008590976 -0.99999999999999933 0 0 I I #
-1791 edge $2006 233754 -1 $-1 $1575 -2.2345650845750535 $1562 -0.9070275690147398 $1787 $2007 forward @7 unknown T 0.73850000000000016 -0.99999999999999967 -0.61608978008590976 0.73850000000000016 -0.78767593772673705 0.61608978008590976 #
-1792 plane-surface $-1 -1 -1 $-1 0.73850000000000016 0 0.96959999999999957 -1 0 1.4608197692436258e-15 -1.1686558153949007e-15 0 -0.80000000000000004 forward_v I I I I #
-1793 point $-1 -1 -1 $-1 0.73850000000000016 -0.78767593772673716 0.61608978008590976 #
-1794 string_attrib-name_attrib-gen-attrib $-1 -1 $-1 $-1 $1564 2 1 1 1 1 1 1 1 1 1 1 1 1 1 0 1 1 1 @17 ATTRIB_XACIS_NAME @7 1:17169 #
-1795 ellipse-curve $-1 -1 -1 $-1 0.73850000000000016 0 -5.5511151231257827e-17 1 0 -1.4608197692436258e-15 0 0 0.90000000000000002 1 I I #
-1796 string_attrib-name_attrib-gen-attrib $-1 -1 $-1 $-1 $1565 2 1 1 1 1 1 1 1 1 1 1 1 1 1 0 1 1 1 @17 ATTRIB_XACIS_NAME @7 1:16272 #
-1797 face $2008 233490 -1 $-1 $1023 $2009 $4 $-1 $450 reversed single T 0.88759999999999994 -0.90000000000000002 -0.5655385612538556 0.9335 -0.70011865832508635 0.5655385612538556 F #
-1798 string_attrib-name_attrib-gen-attrib $-1 -1 $-1 $-1 $1568 2 1 1 1 1 1 1 1 1 1 1 1 1 1 0 1 1 1 @17 ATTRIB_XACIS_NAME @5 2:672 #
-1799 face $2010 233473 -1 $-1 $2011 $1894 $4 $-1 $2012 forward single T 1.0876000000000001 -0.66705450163537761 -0.90000000000000013 1.0876000000000001 0 -0.59906772562628463 F #
-1800 coedge $-1 -1 -1 $-1 $1723 $1571 $2013 $2014 reversed $168 $-1 #
-1801 string_attrib-name_attrib-gen-attrib $-1 -1 $-1 $-1 $1573 2 1 1 1 1 1 1 1 1 1 1 1 1 1 0 1 1 1 @17 ATTRIB_XACIS_NAME @7 1:18057 #
-1802 vertex $-1 -1 -1 $-1 $1573 $2015 #
-1803 straight-curve $-1 -1 -1 $-1 0.76020000000000021 -0.78767593772673705 -0.61608978008590987 0.99999999999999933 0 0 I I #
-1804 point $-1 -1 -1 $-1 0.73850000000000016 -0.78767593772673705 -0.61608978008590976 #
-1805 coedge $-1 -1 -1 $-1 $2016 $1578 $2017 $2018 reversed $15 $-1 #
-1806 coedge $-1 -1 -1 $-1 $2019 $2020 $1578 $1807 forward $2021 $-1 #
-1807 edge $2022 233606 -1 $-1 $2023 -0.51520000000000088 $1812 -0.41520000000000112 $1806 $2024 forward @7 unknown T 1.3335000000000001 0 0.89999999999999991 1.3335000000000017 0 0.99999999999999967 #
-1808 coedge $-1 -1 -1 $-1 $2025 $1579 $1582 $1815 forward $1810 $-1 #
-1809 coedge $-1 -1 -1 $-1 $1579 $2025 $2019 $2026 forward $1810 $-1 #
-1810 loop $-1 -1 -1 $-1 $-1 $1579 $2027 T 1.2876000000000001 -0.66705450163537772 0.60418398840748666 1.3335000000000015 0 0.89999999999999991 unknown #
-1811 string_attrib-name_attrib-gen-attrib $-1 -1 $-1 $-1 $1580 2 1 1 1 1 1 1 1 1 1 1 1 1 1 0 1 1 1 @17 ATTRIB_XACIS_NAME @6 2:1091 #
-1812 vertex $-1 -1 -1 $-1 $1580 $2028 #
-1813 straight-curve $-1 -1 -1 $-1 1.3105500000000001 0 0.89999999999999991 -1 -0 -0 I I #
-1814 coedge $-1 -1 -1 $-1 $1582 $1581 $1780 $1996 forward $1583 $-1 #
-1815 edge $2029 233884 -1 $-1 $1585 0 $2030 0.83481401285155954 $1808 $1681 forward @7 unknown T 1.2876000000000001 -0.66705450163537761 0.60418398840748666 1.2876000000000001 0 0.89999999999999991 #
-1816 face $2031 233522 -1 $-1 $1623 $1583 $4 $-1 $1649 forward single T 1.2876000000000001 -0.66705450163537761 0.59906772562628463 1.2876000000000001 0 0.89999999999999991 F #
-1817 point $-1 -1 -1 $-1 1.2876000000000001 0 0.89999999999999991 #
-1818 pcurve $-1 -1 -1 $-1 0 forward { exppc nubs 1 open 2 
	-0.072599999999999998 1 0.024199999999999777 1 
	0.041737649063032282 0.83239050601679687 
	-0.061328790459965823 0.83239050601679687 
	0 
	0 
	cone 1.3452 0 -5.5511151231257827e-17 1 0 0 0 0 0.89000000000000001 1 I I 0 -1 0.93919999999999959 forward I I I I 
	} 0 0 #
-1819 string_attrib-name_attrib-gen-attrib $-1 -1 $-1 $-1 $1588 2 1 1 1 1 1 1 1 1 1 1 1 1 1 0 1 1 1 @17 ATTRIB_XACIS_NAME @6 2:1500 #
-1820 vertex $-1 -1 -1 $-1 $1996 $2032 #
-1821 string_attrib-name_attrib-gen-attrib $-1 -1 $-1 $-1 $1589 2 1 1 1 1 1 1 1 1 1 1 1 1 1 0 1 1 1 @17 ATTRIB_XACIS_NAME @5 2:496 #
-1822 point $-1 -1 -1 $-1 1.3843999999999999 -0.65819287455346254 0.59906772562628496 #
-1823 coedge $-1 -1 -1 $-1 $1595 $2033 $2034 $2035 reversed $15 $-1 #
-1824 coedge $-1 -1 -1 $-1 $2036 $2037 $1595 $1825 forward $2038 $-1 #
-1825 edge $2039 233622 -1 $-1 $1830 -0.51520000000000055 $2040 -0.41520000000000079 $1824 $2041 forward @7 unknown T 0.93349999999999989 0 0.89999999999999991 0.93350000000000144 0 0.99999999999999967 #
-1826 coedge $-1 -1 -1 $-1 $2042 $1596 $2037 $2043 forward $1828 $-1 #
-1827 coedge $-1 -1 -1 $-1 $1596 $2042 $1598 $1833 forward $1828 $-1 #
-1828 loop $-1 -1 -1 $-1 $-1 $1596 $2044 T 0.73850000000000016 -0.75544257269840698 0.65521486502887838 0.93350000000000144 0 0.99999999999999967 unknown #
-1829 string_attrib-name_attrib-gen-attrib $-1 -1 $-1 $-1 $1597 2 1 1 1 1 1 1 1 1 1 1 1 1 1 0 1 1 1 @17 ATTRIB_XACIS_NAME @6 2:1094 #
-1830 vertex $-1 -1 -1 $-1 $1597 $2045 #
-1831 straight-curve $-1 -1 -1 $-1 0.80800000000000027 0 0.99999999999999967 0.99999999999999967 -0 -0 I I #
-1832 coedge $-1 -1 -1 $-1 $1599 $1598 $1776 $1992 reversed $1600 $-1 #
-1833 edge $2046 233886 -1 $-1 $2047 -0.85632931867105722 $1602 0 $1827 $1857 forward @7 unknown T 0.73850000000000016 -0.75544257269840687 0.65521486502887838 0.7385000000000016 0 0.99999999999999967 #
-1834 face $2048 233524 -1 $-1 $2027 $1600 $4 $-1 $1859 reversed single T 0.73849999999999949 -0.75544257269840687 0.60418398840748655 0.7385000000000016 0 0.99999999999999967 F #
-1835 point $-1 -1 -1 $-1 0.7385000000000016 0 0.99999999999999967 #
-1836 string_attrib-name_attrib-gen-attrib $-1 -1 $-1 $-1 $1605 2 1 1 1 1 1 1 1 1 1 1 1 1 1 0 1 1 1 @17 ATTRIB_XACIS_NAME @6 2:1513 #
-1837 vertex $-1 -1 -1 $-1 $1777 $2049 #
-1838 string_attrib-name_attrib-gen-attrib $-1 -1 $-1 $-1 $1606 2 1 1 1 1 1 1 1 1 1 1 1 1 1 0 1 1 1 @17 ATTRIB_XACIS_NAME @5 2:509 #
-1839 point $-1 -1 -1 $-1 0.78439999999999999 -0.66705450163537761 0.60418398840748677 #
-1840 coedge $-1 -1 -1 $-1 $2050 $1612 $2051 $2052 reversed $10 $-1 #
-1841 coedge $-1 -1 -1 $-1 $2053 $2054 $1612 $1842 forward $2055 $-1 #
-1842 edge $2056 233567 -1 $-1 $2057 -0.022950000000000248 $1847 0.022949999999998472 $1841 $2058 forward @7 unknown T 0.88759999999999994 0 -0.90000000000000013 0.93349999999999866 0 -0.90000000000000013 #
-1843 coedge $-1 -1 -1 $-1 $2059 $1613 $1616 $1850 reversed $1845 $-1 #
-1844 coedge $-1 -1 -1 $-1 $1613 $2059 $2053 $2060 reversed $1845 $-1 #
-1845 loop $-1 -1 -1 $-1 $-1 $1613 $2061 T 0.93349999999999711 -0.75544257269840709 -0.99999999999999967 0.93350000000000022 0 -0.60418398840748644 unknown #
-1846 string_attrib-name_attrib-gen-attrib $-1 -1 $-1 $-1 $1614 2 1 1 1 1 1 1 1 1 1 1 1 1 1 0 1 1 1 @17 ATTRIB_XACIS_NAME @6 2:1217 #
-1847 vertex $-1 -1 -1 $-1 $1614 $2062 #
-1848 straight-curve $-1 -1 -1 $-1 0.93349999999999933 0 0.48479999999999912 -1.4608197692436258e-15 0 -1 I I #
-1849 coedge $-1 -1 -1 $-1 $1616 $1615 $2063 $2064 reversed $1617 $2065 #
-1850 edge $2066 233888 -1 $-1 $2067 2.2852633349187359 $1619 3.1415926535897931 $1616 $2068 forward @7 unknown T 0.93349999999999778 -0.75544257269840709 -0.99999999999999967 0.9335 0 -0.65521486502887827 #
-1851 face $2069 233526 -1 $-1 $2044 $1617 $4 $-1 $2070 forward single T 0.73849999999999871 -0.75544257269840709 -0.99999999999999967 0.9335 0 -0.65521486502887827 F #
-1852 point $-1 -1 -1 $-1 0.93349999999999855 0 -0.99999999999999967 #
-1853 coedge $-1 -1 -1 $-1 $1625 $2063 $1621 $1854 forward $255 $-1 #
-1854 edge $2071 233819 -1 $-1 $1856 -0.82397658391963535 $1628 -0.72191483067685192 $1853 $2072 forward @7 unknown T 0.73849999999999782 -0.75544257269840775 -0.65521486502887893 0.73850000000000016 -0.66705450163537772 -0.60418398840748677 #
-1855 string_attrib-name_attrib-gen-attrib $-1 -1 $-1 $-1 $1622 2 1 1 1 1 1 1 1 1 1 1 1 1 1 0 1 1 1 @17 ATTRIB_XACIS_NAME @6 2:1542 #
-1856 vertex $-1 -1 -1 $-1 $2064 $2073 #
-1857 ellipse-curve $-1 -1 -1 $-1 0.73850000000000016 0 0 -1 0 1.4608197692436258e-15 0 0 0.99999999999999967 1 I I #
-1858 string_attrib-name_attrib-gen-attrib $-1 -1 $-1 $-1 $1623 2 1 1 1 1 1 1 1 1 1 1 1 1 1 0 1 1 1 @17 ATTRIB_XACIS_NAME @5 2:532 #
-1859 plane-surface $-1 -1 -1 $-1 0.73850000000000016 0 0.96959999999999957 -1 0 1.4608197692436258e-15 -1.1686558153949007e-15 0 -0.80000000000000004 forward_v I I I I #
-1860 string_attrib-name_attrib-gen-attrib $-1 -1 $-1 $-1 $1626 2 1 1 1 1 1 1 1 1 1 1 1 1 1 0 1 1 1 @17 ATTRIB_XACIS_NAME @7 1:16974 #
-1861 straight-curve $-1 -1 -1 $-1 1.6360000000000001 -0.66705450163537772 -0.60418398840748677 -1 0 0 I I #
-1862 point $-1 -1 -1 $-1 0.73849999999999993 -0.66705450163537772 -0.60418398840748677 #
-1863 coedge $-1 -1 -1 $-1 $1674 $1636 $1634 $1864 reversed $255 $-1 #
-1864 edge $2074 233802 -1 $-1 $1680 -0.86922626237984857 $1640 -0.85899373681744506 $1634 $2075 forward @7 unknown T 1.2876000000000001 -0.66705450163537761 -0.60418398840748677 1.2876000000000001 -0.65819287455346198 -0.59906772562628463 #
-1865 string_attrib-name_attrib-gen-attrib $-1 -1 $-1 $-1 $1637 2 1 1 1 1 1 1 1 1 1 1 1 1 1 0 1 1 1 @17 ATTRIB_XACIS_NAME @7 1:17682 #
-1866 straight-curve $-1 -1 -1 $-1 1.3117999999999999 -0.65819287455346265 -0.59906772562628496 1 0 0 I I #
-1867 point $-1 -1 -1 $-1 1.2876000000000001 -0.65819287455346254 -0.59906772562628496 #
-1868 string_attrib-name_attrib-gen-attrib $-1 -1 $-1 $-1 $1643 2 1 1 1 1 1 1 1 1 1 1 1 1 1 0 1 1 1 @17 ATTRIB_XACIS_NAME @7 1:16422 #
-1869 edge $2076 233746 -1 $-1 $1789 0.9070275690147398 $1802 2.2345650845750535 $1650 $2077 forward @7 unknown T 0.93349999999999778 -0.99999999999999967 -0.61608978008590987 0.9335 -0.78767593772673705 0.61608978008590976 #
-1870 coedge $-1 -1 -1 $-1 $1652 $1651 $1907 $2078 reversed $1228 $2079 #
-1871 string_attrib-name_attrib-gen-attrib $-1 -1 $-1 $-1 $1653 2 1 1 1 1 1 1 1 1 1 1 1 1 1 0 1 1 1 @17 ATTRIB_XACIS_NAME @6 2:1226 #
-1872 straight-curve $-1 -1 -1 $-1 1.208 0 -0.99999999999999967 -0.99999999999999967 0 -0 I I #
-1873 string_attrib-name_attrib-gen-attrib $-1 -1 $-1 $-1 $1654 2 1 1 1 1 1 1 1 1 1 1 1 1 1 0 1 1 1 @17 ATTRIB_XACIS_NAME @6 2:1607 #
-1874 vertex $-1 -1 -1 $-1 $2078 $2080 #
-1875 ellipse-curve $-1 -1 -1 $-1 1.1385000000000001 0 0 -1 0 1.4608197692436258e-15 0 0 0.99999999999999967 1 I I #
-1876 point $-1 -1 -1 $-1 1.1384999999999985 0 -0.99999999999999967 #
-1877 coedge $-1 -1 -1 $-1 $1907 $1674 $1658 $1878 forward $255 $-1 #
-1878 edge $2081 233765 -1 $-1 $1677 0.72191483067685125 $1880 0.8239765839196348 $1877 $2082 forward @7 unknown T 1.3334999999999977 -0.75544257269840698 -0.65521486502887849 1.3335000000000001 -0.66705450163537694 -0.60418398840748644 #
-1879 string_attrib-name_attrib-gen-attrib $-1 -1 $-1 $-1 $1659 2 1 1 1 1 1 1 1 1 1 1 1 1 1 0 1 1 1 @17 ATTRIB_XACIS_NAME @6 2:1575 #
-1880 vertex $-1 -1 -1 $-1 $2078 $2083 #
-1881 ellipse-curve $-1 -1 -1 $-1 1.3335000000000001 0 0 1 0 -1.4608197692436258e-15 0 0 0.99999999999999967 1 I I #
-1882 point $-1 -1 -1 $-1 1.3334999999999986 0 -0.99999999999999967 #
-1883 coedge $-1 -1 -1 $-1 $2084 $2085 $1663 $1884 reversed $255 $-1 #
-1884 edge $2086 233808 -1 $-1 $1890 0.50249999999999995 $1896 0.5484 $1883 $2087 forward @7 unknown T 1.0876000000000001 -0.66705450163537772 -0.60418398840748677 1.1335000000000002 -0.66705450163537761 -0.60418398840748677 #
-1885 pcurve $-1 -1 -1 $-1 0 forward { exppc nubs 1 open 2 
	0.50249999999999995 1 0.5484 1 
	1.4834965928449746 2.3067786407382336 
	1.5323679727427599 2.3067786407382336 
	0 
	0 
	cone 2.5267999999999997 0 -5.5511151231257827e-17 1 0 0 0 0 0.90000000000000002 1 I I 0 1 0.93919999999999959 reversed I I I I 
	} 0 0 #
-1886 coedge $-1 -1 -1 $-1 $2088 $1664 $1669 $1900 forward $1888 $-1 #
-1887 coedge $-1 -1 -1 $-1 $1664 $2088 $2084 $2089 reversed $1888 $-1 #
-1888 loop $-1 -1 -1 $-1 $-1 $1886 $2090 T 1.1334999999999973 -0.75544257269840709 -0.99999999999999967 1.1335000000000002 0 -0.60418398840748655 unknown #
-1889 string_attrib-name_attrib-gen-attrib $-1 -1 $-1 $-1 $1665 2 1 1 1 1 1 1 1 1 1 1 1 1 1 0 1 1 1 @17 ATTRIB_XACIS_NAME @6 2:1763 #
-1890 vertex $-1 -1 -1 $-1 $1884 $2091 #
-1891 ellipse-curve $-1 -1 -1 $-1 1.1335000000000002 0 -5.5511151231257827e-17 -1 0 1.4608197692436258e-15 0 0 0.90000000000000002 1 I I #
-1892 coedge $-1 -1 -1 $-1 $2092 $1666 $2085 $2093 forward $1894 $-1 #
-1893 coedge $-1 -1 -1 $-1 $1666 $2092 $1668 $1898 forward $1894 $-1 #
-1894 loop $-1 -1 -1 $-1 $-1 $1893 $1799 T 1.0876000000000001 -0.66705450163537761 -0.90000000000000013 1.0876000000000001 0 -0.59906772562628463 unknown #
-1895 string_attrib-name_attrib-gen-attrib $-1 -1 $-1 $-1 $1667 2 1 1 1 1 1 1 1 1 1 1 1 1 1 0 1 1 1 @17 ATTRIB_XACIS_NAME @6 2:1731 #
-1896 vertex $-1 -1 -1 $-1 $2093 $2094 #
-1897 ellipse-curve $-1 -1 -1 $-1 1.0876000000000001 0 -5.5511151231257827e-17 1 0 0 0 0 0.90000000000000002 1 I I #
-1898 edge $2095 233576 -1 $-1 $1918 0.89000000000000001 $1671 0.90000000000000002 $1893 $2096 forward @7 unknown T 1.0876000000000001 0 -0.90000000000000013 1.0876000000000001 0 -0.89000000000000012 #
-1899 coedge $-1 -1 -1 $-1 $1669 $2097 $2098 $2099 reversed $10 $-1 #
-1900 edge $2100 233574 -1 $-1 $1672 1.3847999999999991 $2101 1.4847999999999986 $1886 $2102 forward @7 unknown T 1.1334999999999973 0 -0.99999999999999967 1.1334999999999988 0 -0.90000000000000013 #
-1901 point $-1 -1 -1 $-1 1.0876000000000001 0 -0.90000000000000013 #
-1902 point $-1 -1 -1 $-1 1.1334999999999988 0 -0.90000000000000013 #
-1903 string_attrib-name_attrib-gen-attrib $-1 -1 $-1 $-1 $1675 2 1 1 1 1 1 1 1 1 1 1 1 1 1 0 1 1 1 @17 ATTRIB_XACIS_NAME @7 1:17010 #
-1904 point $-1 -1 -1 $-1 1.3335000000000001 -0.66705450163537761 -0.60418398840748677 #
-1905 point $-1 -1 -1 $-1 1.2876000000000001 -0.66705450163537761 -0.60418398840748677 #
-1906 coedge $-1 -1 -1 $-1 $2085 $1683 $2103 $2104 reversed $255 $-1 #
-1907 coedge $-1 -1 -1 $-1 $1684 $1877 $1870 $2078 forward $255 $-1 #
-1908 coedge $-1 -1 -1 $-1 $1692 $2103 $1687 $1909 forward $1916 $-1 #
-1909 edge $2105 233846 -1 $-1 $1911 2.3092021475729956 $1695 3.1415926535897931 $1908 $1931 forward @7 unknown T 1.1843999999999999 -0.65819287455346287 -0.89000000000000012 1.1843999999999999 0 -0.59906772562628463 #
-1910 string_attrib-name_attrib-gen-attrib $-1 -1 $-1 $-1 $1688 2 1 1 1 1 1 1 1 1 1 1 1 1 1 0 1 1 1 @17 ATTRIB_XACIS_NAME @7 1:17733 #
-1911 vertex $-1 -1 -1 $-1 $1909 $2106 #
-1912 straight-curve $-1 -1 -1 $-1 1.1843999999999999 -0.58928247677783074 -0.55928228892055976 0 -0.86602540378443782 -0.49999999999999978 I I #
-1913 string_attrib-name_attrib-gen-attrib $-1 -1 $-1 $-1 $1690 2 1 1 1 1 1 1 1 1 1 1 1 1 1 0 1 1 1 @17 ATTRIB_XACIS_NAME @7 1:18303 #
-1914 straight-curve $-1 -1 -1 $-1 1.1384999999999983 -0.041857918900482793 -0.24322657306906073 7.3040988462181386e-16 0.86602540378443926 0.50000000000000067 I I #
-1915 coedge $-1 -1 -1 $-1 $2103 $1692 $2092 $2107 reversed $1916 $-1 #
-1916 loop $-1 -1 -1 $-1 $-1 $1692 $2011 T 1.0876000000000001 -0.65819287455346287 -0.89000000000000012 1.1843999999999999 0 -0.59906772562628463 unknown #
-1917 string_attrib-name_attrib-gen-attrib $-1 -1 $-1 $-1 $1693 2 1 1 1 1 1 1 1 1 1 1 1 1 1 0 1 1 1 @17 ATTRIB_XACIS_NAME @6 2:1250 #
-1918 vertex $-1 -1 -1 $-1 $1693 $2108 #
-1919 straight-curve $-1 -1 -1 $-1 1.1452 0 -0.89000000000000012 -1 0 -0 I I #
-1920 point $-1 -1 -1 $-1 1.1843999999999999 0 -0.89000000000000012 #
-1921 string_attrib-name_attrib-gen-attrib $-1 -1 $-1 $-1 $1697 2 1 1 1 1 1 1 1 1 1 1 1 1 1 0 1 1 1 @17 ATTRIB_XACIS_NAME @7 1:17214 #
-1922 vertex $-1 -1 -1 $-1 $1697 $2109 #
-1923 string_attrib-name_attrib-gen-attrib $-1 -1 $-1 $-1 $1701 2 1 1 1 1 1 1 1 1 1 1 1 1 1 0 1 1 1 @17 ATTRIB_XACIS_NAME @7 1:17877 #
-1924 vertex $-1 -1 -1 $-1 $1756 $2110 #
-1925 straight-curve $-1 -1 -1 $-1 1.3843999999999999 -0.61428247677783077 0.51598101873133784 0 -0.86602540378443782 0.49999999999999978 I I #
-1926 edge $2111 233781 -1 $-1 $1930 0.088990968651679478 $1922 0.099115085045035425 $1703 $2112 forward @7 unknown T 1.1843999999999999 -0.70011865832508657 0.56047650305717756 1.1843999999999999 -0.69135091633756973 0.56553856125385549 #
-1927 coedge $-1 -1 -1 $-1 $1704 $1987 $1982 $2113 forward $1928 $2114 #
-1928 loop $-1 -1 -1 $-1 $-1 $1927 $2115 T 1.0876000000000001 -0.89000000000000001 -0.56047650305717778 1.1843999999999999 -0.69135091633756951 0.56047650305717789 periphery $2116 F #
-1929 string_attrib-name_attrib-gen-attrib $-1 -1 $-1 $-1 $1705 2 1 1 1 1 1 1 1 1 1 1 1 1 1 0 1 1 1 @17 ATTRIB_XACIS_NAME @7 1:17703 #
-1930 vertex $-1 -1 -1 $-1 $1705 $2117 #
-1931 ellipse-curve $-1 -1 -1 $-1 1.1843999999999999 0 -5.5511151231257827e-17 1 0 0 0 0 0.89000000000000001 1 I I #
-1932 string_attrib-name_attrib-gen-attrib $-1 -1 $-1 $-1 $1706 2 1 1 1 1 1 1 1 1 1 1 1 1 1 0 1 1 1 @17 ATTRIB_XACIS_NAME @7 1:17223 #
-1933 point $-1 -1 -1 $-1 1.1843999999999999 -0.69135091633756984 -0.56047650305717767 #
-1934 coedge $-1 -1 -1 $-1 $1999 $1710 $1713 $1940 reversed $178 $-1 #
-1935 coedge $-1 -1 -1 $-1 $1710 $1962 $1717 $1944 reversed $178 $-1 #
-1936 string_attrib-name_attrib-gen-attrib $-1 -1 $-1 $-1 $1711 2 1 1 1 1 1 1 1 1 1 1 1 1 1 0 1 1 1 @17 ATTRIB_XACIS_NAME @7 1:17889 #
-1937 straight-curve $-1 -1 -1 $-1 0.98439999999999994 -0.61428247677783077 0.51598101873133784 0 -0.86602540378443782 0.49999999999999978 I I #
-1938 coedge $-1 -1 -1 $-1 $1713 $1712 $2118 $2119 reversed $1569 $-1 #
-1939 pcurve $-1 -1 -1 $-1 0 forward { exppc nubs 1 open 2 
	-0.024200000000000221 1 0.072599999999999665 1 
	0.0417376490630324 2.2520262202918619 
	-0.061328790459965823 2.2520262202918619 
	0 
	0 
	cone 0.94520000000000004 0 -5.5511151231257827e-17 1 0 0 0 0 0.89000000000000001 1 I I 0 -1 0.93919999999999959 forward I I I I 
	} 0 0 #
-1940 edge $2120 233787 -1 $-1 $2121 -0.024199999999999555 $1715 0.072600000000000331 $1713 $2122 forward @7 unknown T 0.88760000000000017 -0.69135091633756973 0.56047650305717767 0.98440000000000005 -0.69135091633756973 0.56047650305717778 #
-1941 pcurve $-1 -1 -1 $-1 0 forward { exppc nubs 1 open 2 
	-0.024199999999999555 1 0.072600000000000331 1 
	-0.061328790459965823 0.8895664332979305 
	0.0417376490630324 0.8895664332979305 
	0 
	0 
	cone 0.94520000000000004 0 -5.5511151231257827e-17 1 0 0 0 0 0.89000000000000001 1 I I 0 -1 0.93919999999999959 forward I I I I 
	} 0 0 #
-1942 point $-1 -1 -1 $-1 0.98439999999999994 -0.69135091633756973 0.56047650305717767 #
-1943 coedge $-1 -1 -1 $-1 $1718 $1717 $1954 $2123 forward $1529 $-1 #
-1944 edge $2124 233785 -1 $-1 $1720 0.65160000000000007 $2125 0.69750000000000023 $1935 $1972 forward @7 unknown T 0.93849999999999989 -0.70011865832508657 0.56553856125385549 0.98440000000000005 -0.70011865832508646 0.5655385612538556 #
-1945 point $-1 -1 -1 $-1 0.98439999999999994 -0.70011865832508657 0.56553856125385549 #
-1946 string_attrib-name_attrib-gen-attrib $-1 -1 $-1 $-1 $1722 2 1 1 1 1 1 1 1 1 1 1 1 1 1 0 1 1 1 @17 ATTRIB_XACIS_NAME @7 1:17196 #
-1947 vertex $-1 -1 -1 $-1 $1722 $2126 #
-1948 coedge $-1 -1 -1 $-1 $2127 $2118 $1723 $1949 forward $1774 $-1 #
-1949 edge $2128 233698 -1 $-1 $1951 0.088990968651679575 $2129 0.099115085045035398 $1948 $2130 forward @7 unknown T 0.88759999999999994 -0.70011865832508646 -0.5655385612538556 0.88760000000000017 -0.69135091633756984 -0.56047650305717756 #
-1950 string_attrib-name_attrib-gen-attrib $-1 -1 $-1 $-1 $1724 2 1 1 1 1 1 1 1 1 1 1 1 1 1 0 1 1 1 @17 ATTRIB_XACIS_NAME @7 1:17742 #
-1951 vertex $-1 -1 -1 $-1 $1724 $2131 #
-1952 straight-curve $-1 -1 -1 $-1 0.96019999999999994 -0.69135091633756984 -0.56047650305717778 -1 -0 -0 I I #
-1953 string_attrib-name_attrib-gen-attrib $-1 -1 $-1 $-1 $1728 2 1 1 1 1 1 1 1 1 1 1 1 1 1 0 1 1 1 @17 ATTRIB_XACIS_NAME @7 1:16779 #
-1954 coedge $-1 -1 -1 $-1 $2132 $1730 $1943 $2123 reversed $1485 $-1 #
-1955 coedge $-1 -1 -1 $-1 $1730 $2132 $1741 $1964 reversed $1485 $-1 #
-1956 coedge $-1 -1 -1 $-1 $2000 $2013 $1732 $1957 forward $2009 $-1 #
-1957 edge $2133 233748 -1 $-1 $1959 -2.2502603582055301 $2003 -0.89133229538426328 $1732 $2134 forward @7 unknown T 0.9335 -0.90000000000000002 -0.56553856125385549 0.9335 -0.70011865832508635 0.56553856125385549 #
-1958 string_attrib-name_attrib-gen-attrib $-1 -1 $-1 $-1 $1733 2 1 1 1 1 1 1 1 1 1 1 1 1 1 0 1 1 1 @17 ATTRIB_XACIS_NAME @7 1:18060 #
-1959 vertex $-1 -1 -1 $-1 $1957 $2135 #
-1960 straight-curve $-1 -1 -1 $-1 0.93349999999999822 -0.066857918900482705 -0.19992530287983884 7.3040988462181386e-16 0.86602540378443926 0.50000000000000067 I I #
-1961 point $-1 -1 -1 $-1 1.1385000000000001 -0.70011865832508657 0.56553856125385549 #
-1962 coedge $-1 -1 -1 $-1 $1935 $1737 $2132 $2136 forward $178 $-1 #
-1963 coedge $-1 -1 -1 $-1 $1738 $1982 $2137 $2138 reversed $178 $-1 #
-1964 edge $2139 233751 -1 $-1 $1754 -2.2345650845750535 $1966 -0.9070275690147398 $1741 $2140 forward @7 unknown T 0.93849999999999989 -0.99999999999999967 -0.61608978008590976 0.93850000000000033 -0.78767593772673705 0.61608978008590976 #
-1965 string_attrib-name_attrib-gen-attrib $-1 -1 $-1 $-1 $1742 2 1 1 1 1 1 1 1 1 1 1 1 1 1 0 1 1 1 @17 ATTRIB_XACIS_NAME @7 1:18405 #
-1966 vertex $-1 -1 -1 $-1 $1742 $2141 #
-1967 straight-curve $-1 -1 -1 $-1 1.1117999999999997 -0.78767593772673705 0.61608978008590976 -0.99999999999999933 0 0 I I #
-1968 coedge $-1 -1 -1 $-1 $2137 $1747 $1744 $1969 reversed $1546 $-1 #
-1969 edge $2142 233842 -1 $-1 $1971 0.89133229538426351 $1750 2.2502603582055301 $1744 $2143 forward @7 unknown T 1.0876000000000001 -0.90000000000000002 -0.5655385612538556 1.0876000000000001 -0.70011865832508635 0.56553856125385549 #
-1970 string_attrib-name_attrib-gen-attrib $-1 -1 $-1 $-1 $1745 2 1 1 1 1 1 1 1 1 1 1 1 1 1 0 1 1 1 @17 ATTRIB_XACIS_NAME @7 1:17178 #
-1971 vertex $-1 -1 -1 $-1 $2138 $2144 #
-1972 straight-curve $-1 -1 -1 $-1 1.6360000000000001 -0.70011865832508646 0.5655385612538556 -1 0 0 I I #
-1973 coedge $-1 -1 -1 $-1 $1747 $2137 $1987 $2145 forward $1546 $-1 #
-1974 string_attrib-name_attrib-gen-attrib $-1 -1 $-1 $-1 $1748 2 1 1 1 1 1 1 1 1 1 1 1 1 1 0 1 1 1 @17 ATTRIB_XACIS_NAME @7 1:17814 #
-1975 vertex $-1 -1 -1 $-1 $1771 $2146 #
-1976 straight-curve $-1 -1 -1 $-1 1.0876000000000001 -0.61428247677783077 -0.51598101873133784 0 -0.86602540378443782 -0.49999999999999978 I I #
-1977 point $-1 -1 -1 $-1 1.0876000000000001 -0.70011865832508646 -0.5655385612538556 #
-1978 string_attrib-name_attrib-gen-attrib $-1 -1 $-1 $-1 $1752 2 1 1 1 1 1 1 1 1 1 1 1 1 1 0 1 1 1 @17 ATTRIB_XACIS_NAME @7 1:18063 #
-1979 straight-curve $-1 -1 -1 $-1 0.93849999999999811 -0.066857918900482705 -0.19992530287983884 -7.3040988462181386e-16 -0.86602540378443926 -0.50000000000000067 I I #
-1980 point $-1 -1 -1 $-1 0.93850000000000033 -0.78767593772673705 -0.61608978008590976 #
-1981 string_attrib-name_attrib-gen-attrib $-1 -1 $-1 $-1 $1756 2 1 1 1 1 1 1 1 1 1 1 1 1 1 0 1 1 1 @17 ATTRIB_XACIS_NAME @7 1:17667 #
-1982 coedge $-1 -1 -1 $-1 $1963 $1758 $1927 $2113 reversed $178 $-1 #
-1983 pcurve $-1 -1 -1 $-1 0 forward { exppc nubs 1 open 2 
	-0.024199999999999777 1 0.072599999999999998 1 
	-0.061328790459965823 0.8895664332979305 
	0.041737649063032282 0.8895664332979305 
	0 
	0 
	cone 1.3452 0 -5.5511151231257827e-17 1 0 0 0 0 0.89000000000000001 1 I I 0 -1 0.93919999999999959 forward I I I I 
	} 0 0 #
-1984 string_attrib-name_attrib-gen-attrib $-1 -1 $-1 $-1 $1762 2 1 1 1 1 1 1 1 1 1 1 1 1 1 0 1 1 1 @17 ATTRIB_XACIS_NAME @7 1:17664 #
-1985 straight-curve $-1 -1 -1 $-1 1.3117999999999999 -0.69135091633756973 0.56047650305717778 1 0 0 I I #
-1986 point $-1 -1 -1 $-1 1.2876000000000001 -0.69135091633756973 0.56047650305717767 #
-1987 coedge $-1 -1 -1 $-1 $1927 $1770 $1973 $2145 reversed $1928 $-1 #
-1988 pcurve $-1 -1 -1 $-1 0 forward { exppc nubs 1 open 2 
	-0.024199999999999777 1 0.072599999999999998 1 
	0.041737649063032282 2.2520262202918619 
	-0.061328790459965823 2.2520262202918619 
	0 
	0 
	cone 1.1452 0 -5.5511151231257827e-17 1 0 0 0 0 0.89000000000000001 1 I I 0 -1 0.93919999999999959 forward I I I I 
	} 0 0 #
-1989 string_attrib-name_attrib-gen-attrib $-1 -1 $-1 $-1 $1771 2 1 1 1 1 1 1 1 1 1 1 1 1 1 0 1 1 1 @17 ATTRIB_XACIS_NAME @7 1:17706 #
-1990 straight-curve $-1 -1 -1 $-1 1.1602000000000001 -0.69135091633756984 -0.56047650305717778 -1 -0 -0 I I #
-1991 coedge $-1 -1 -1 $-1 $2147 $1776 $2042 $2148 forward $50 $-1 #
-1992 edge $2149 233651 -1 $-1 $1837 0.23711483067685082 $2047 0.33917658391963423 $1776 $2150 forward @7 unknown T 0.73849999999999949 -0.75544257269840687 0.60418398840748655 0.73850000000000016 -0.66705450163537749 0.65521486502887838 #
-1993 string_attrib-name_attrib-gen-attrib $-1 -1 $-1 $-1 $1777 2 1 1 1 1 1 1 1 1 1 1 1 1 1 0 1 1 1 @17 ATTRIB_XACIS_NAME @7 1:16980 #
-1994 straight-curve $-1 -1 -1 $-1 1.6360000000000001 -0.66705450163537772 0.60418398840748677 1 0 0 I I #
-1995 coedge $-1 -1 -1 $-1 $1780 $2151 $2025 $2152 reversed $50 $-1 #
-1996 edge $2153 233671 -1 $-1 $1820 0.85899373681744529 $2030 0.86922626237984868 $1814 $2154 forward @7 unknown T 1.2876000000000001 -0.66705450163537761 0.59906772562628463 1.2876000000000001 -0.65819287455346209 0.60418398840748677 #
-1997 string_attrib-name_attrib-gen-attrib $-1 -1 $-1 $-1 $1781 2 1 1 1 1 1 1 1 1 1 1 1 1 1 0 1 1 1 @17 ATTRIB_XACIS_NAME @7 1:17676 #
-1998 straight-curve $-1 -1 -1 $-1 1.3117999999999999 -0.65819287455346254 0.59906772562628496 -1 0 0 I I #
-1999 coedge $-1 -1 -1 $-1 $1784 $1934 $2155 $2156 reversed $178 $-1 #
-2000 coedge $-1 -1 -1 $-1 $2157 $1956 $1784 $2001 forward $2009 $-1 #
-2001 edge $2158 233789 -1 $-1 $2003 0.70250000000000012 $2159 0.74839999999999995 $1784 $1337 forward @7 unknown T 0.88760000000000017 -0.70011865832508657 0.56553856125385538 0.9335 -0.70011865832508646 0.5655385612538556 #
-2002 string_attrib-name_attrib-gen-attrib $-1 -1 $-1 $-1 $1786 2 1 1 1 1 1 1 1 1 1 1 1 1 1 0 1 1 1 @17 ATTRIB_XACIS_NAME @7 1:18411 #
-2003 vertex $-1 -1 -1 $-1 $2001 $2160 #
-2004 straight-curve $-1 -1 -1 $-1 0.93349999999999933 -0.48670703465517895 0.44232530287983918 7.3040988462181386e-16 -0.86602540378443926 0.50000000000000067 I I #
-2005 point $-1 -1 -1 $-1 0.93349999999999955 -0.78767593772673705 0.61608978008590976 #
-2006 string_attrib-name_attrib-gen-attrib $-1 -1 $-1 $-1 $1791 2 1 1 1 1 1 1 1 1 1 1 1 1 1 0 1 1 1 @17 ATTRIB_XACIS_NAME @7 1:18447 #
-2007 ellipse-curve $-1 -1 -1 $-1 0.73850000000000016 0 0 -1 0 1.4608197692436258e-15 0 0 0.99999999999999967 1 I I #
-2008 string_attrib-name_attrib-gen-attrib $-1 -1 $-1 $-1 $1797 2 1 1 1 1 1 1 1 1 1 1 1 1 1 0 1 1 1 @17 ATTRIB_XACIS_NAME @7 1:16269 #
-2009 loop $-1 -1 -1 $-1 $-1 $2000 $1797 T 0.88759999999999994 -0.90000000000000002 -0.5655385612538556 0.9335 -0.70011865832508635 0.5655385612538556 unknown #
-2010 string_attrib-name_attrib-gen-attrib $-1 -1 $-1 $-1 $1799 2 1 1 1 1 1 1 1 1 1 1 1 1 1 0 1 1 1 @17 ATTRIB_XACIS_NAME @5 2:724 #
-2011 face $2161 233474 -1 $-1 $2115 $1916 $4 $-1 $2162 forward single T 1.0876000000000001 -0.65819287455346287 -0.89000000000000012 1.1843999999999999 0 -0.59906772562628463 F #
-2012 plane-surface $-1 -1 -1 $-1 1.0876000000000001 0.90000000000000002 -2.2083846911615051e-16 -1 0 0 0 0 1 forward_v I I I I #
-2013 coedge $-1 -1 -1 $-1 $1956 $2157 $1800 $2014 forward $2009 $-1 #
-2014 edge $2163 233697 -1 $-1 $2129 -0.74839999999999995 $1959 -0.70250000000000012 $1800 $1347 forward @7 unknown T 0.88760000000000017 -0.70011865832508646 -0.5655385612538556 0.9335 -0.70011865832508646 -0.56553856125385549 #
-2015 point $-1 -1 -1 $-1 0.93349999999999778 -0.78767593772673705 -0.61608978008590987 #
-2016 coedge $-1 -1 -1 $-1 $2164 $1805 $2165 $2166 reversed $15 $-1 #
-2017 coedge $-1 -1 -1 $-1 $2167 $2168 $1805 $2018 forward $2169 $-1 #
-2018 edge $2170 233607 -1 $-1 $2171 -0.069499999999998313 $2023 0.12550000000000167 $2017 $2172 forward @7 unknown T 1.1385000000000016 0 0.99999999999999967 1.3335000000000017 0 0.99999999999999967 #
-2019 coedge $-1 -1 -1 $-1 $2173 $1806 $1809 $2026 reversed $2021 $-1 #
-2020 coedge $-1 -1 -1 $-1 $1806 $2173 $2167 $2174 reversed $2021 $-1 #
-2021 loop $-1 -1 -1 $-1 $-1 $1806 $2175 T 1.3334999999999997 -0.75544257269840698 0.60418398840748666 1.3335000000000017 0 0.99999999999999967 unknown #
-2022 string_attrib-name_attrib-gen-attrib $-1 -1 $-1 $-1 $1807 2 1 1 1 1 1 1 1 1 1 1 1 1 1 0 1 1 1 @17 ATTRIB_XACIS_NAME @6 2:1097 #
-2023 vertex $-1 -1 -1 $-1 $1807 $2176 #
-2024 straight-curve $-1 -1 -1 $-1 1.3334999999999995 0 0.48479999999999879 -1.4608197692436258e-15 0 -1 I I #
-2025 coedge $-1 -1 -1 $-1 $1809 $1808 $1995 $2152 forward $1810 $-1 #
-2026 edge $2177 233887 -1 $-1 $2178 -0.83481401285155954 $1812 0 $2019 $1678 forward @7 unknown T 1.3335000000000001 -0.66705450163537772 0.60418398840748666 1.3335000000000015 0 0.89999999999999991 #
-2027 face $2179 233525 -1 $-1 $1851 $1810 $4 $-1 $450 reversed single T 1.2876000000000001 -0.66705450163537772 0.60418398840748666 1.3335000000000015 0 0.89999999999999991 F #
-2028 point $-1 -1 -1 $-1 1.3335000000000015 0 0.89999999999999991 #
-2029 string_attrib-name_attrib-gen-attrib $-1 -1 $-1 $-1 $1815 2 1 1 1 1 1 1 1 1 1 1 1 1 1 0 1 1 1 @17 ATTRIB_XACIS_NAME @6 2:1526 #
-2030 vertex $-1 -1 -1 $-1 $2152 $2180 #
-2031 string_attrib-name_attrib-gen-attrib $-1 -1 $-1 $-1 $1816 2 1 1 1 1 1 1 1 1 1 1 1 1 1 0 1 1 1 @17 ATTRIB_XACIS_NAME @5 2:522 #
-2032 point $-1 -1 -1 $-1 1.2876000000000001 -0.65819287455346254 0.59906772562628496 #
-2033 coedge $-1 -1 -1 $-1 $1823 $2181 $2182 $2183 reversed $15 $-1 #
-2034 coedge $-1 -1 -1 $-1 $2184 $2185 $1823 $2035 forward $2186 $-1 #
-2035 edge $2187 233621 -1 $-1 $2040 -0.022950000000001136 $2188 0.022950000000000248 $2034 $2189 forward @7 unknown T 0.88759999999999994 0 0.89999999999999991 0.93350000000000133 0 0.89999999999999991 #
-2036 coedge $-1 -1 -1 $-1 $2190 $1824 $2185 $2191 reversed $2038 $-1 #
-2037 coedge $-1 -1 -1 $-1 $1824 $2190 $1826 $2043 reversed $2038 $-1 #
-2038 loop $-1 -1 -1 $-1 $-1 $1824 $2192 T 0.93349999999999955 -0.75544257269840698 0.60418398840748655 0.93350000000000144 0 0.99999999999999967 unknown #
-2039 string_attrib-name_attrib-gen-attrib $-1 -1 $-1 $-1 $1825 2 1 1 1 1 1 1 1 1 1 1 1 1 1 0 1 1 1 @17 ATTRIB_XACIS_NAME @6 2:1100 #
-2040 vertex $-1 -1 -1 $-1 $1825 $2193 #
-2041 straight-curve $-1 -1 -1 $-1 0.93349999999999933 0 0.48479999999999912 -1.4608197692436258e-15 0 -1 I I #
-2042 coedge $-1 -1 -1 $-1 $1827 $1826 $1991 $2148 reversed $1828 $2194 #
-2043 edge $2195 233889 -1 $-1 $1830 0 $2196 0.85632931867105722 $1826 $2068 forward @7 unknown T 0.93349999999999955 -0.75544257269840698 0.65521486502887849 0.93350000000000144 0 0.99999999999999967 #
-2044 face $2197 233527 -1 $-1 $2175 $1828 $4 $-1 $2070 forward single T 0.73850000000000016 -0.75544257269840698 0.65521486502887838 0.93350000000000144 0 0.99999999999999967 F #
-2045 point $-1 -1 -1 $-1 0.93350000000000144 0 0.99999999999999967 #
-2046 string_attrib-name_attrib-gen-attrib $-1 -1 $-1 $-1 $1833 2 1 1 1 1 1 1 1 1 1 1 1 1 1 0 1 1 1 @17 ATTRIB_XACIS_NAME @6 2:1536 #
-2047 vertex $-1 -1 -1 $-1 $2148 $2198 #
-2048 string_attrib-name_attrib-gen-attrib $-1 -1 $-1 $-1 $1834 2 1 1 1 1 1 1 1 1 1 1 1 1 1 0 1 1 1 @17 ATTRIB_XACIS_NAME @5 2:535 #
-2049 point $-1 -1 -1 $-1 0.73849999999999993 -0.66705450163537761 0.60418398840748677 #
-2050 coedge $-1 -1 -1 $-1 $2199 $1840 $2200 $2201 reversed $10 $-1 #
-2051 coedge $-1 -1 -1 $-1 $2202 $2203 $1840 $2052 forward $2204 $-1 #
-2052 edge $2205 233568 -1 $-1 $2206 0.89000000000000001 $2057 0.90000000000000002 $2051 $2207 forward @7 unknown T 0.88759999999999994 0 -0.90000000000000013 0.88759999999999994 0 -0.89000000000000012 #
-2053 coedge $-1 -1 -1 $-1 $2208 $1841 $1844 $2060 forward $2055 $-1 #
-2054 coedge $-1 -1 -1 $-1 $1841 $2208 $2202 $2209 forward $2055 $-1 #
-2055 loop $-1 -1 -1 $-1 $-1 $1841 $2210 T 0.88759999999999994 -0.66705450163537772 -0.90000000000000013 0.93350000000000022 0 -0.60418398840748666 unknown #
-2056 string_attrib-name_attrib-gen-attrib $-1 -1 $-1 $-1 $1842 2 1 1 1 1 1 1 1 1 1 1 1 1 1 0 1 1 1 @17 ATTRIB_XACIS_NAME @6 2:1223 #
-2057 vertex $-1 -1 -1 $-1 $1842 $2211 #
-2058 straight-curve $-1 -1 -1 $-1 0.91055000000000019 0 -0.90000000000000013 1 0 0 I I #
-2059 coedge $-1 -1 -1 $-1 $1844 $1843 $2212 $2213 reversed $1845 $-1 #
-2060 edge $2214 233891 -1 $-1 $1847 -3.1415926535897931 $2215 -2.3067786407382336 $1844 $2216 forward @7 unknown T 0.93349999999999866 -0.66705450163537761 -0.90000000000000013 0.93350000000000022 0 -0.60418398840748666 #
-2061 face $2217 233529 -1 $-1 $2192 $1845 $4 $-1 $2218 forward single T 0.93349999999999711 -0.75544257269840709 -0.99999999999999967 0.93350000000000022 0 -0.60418398840748644 F #
-2062 point $-1 -1 -1 $-1 0.93349999999999866 0 -0.90000000000000013 #
-2063 coedge $-1 -1 -1 $-1 $1853 $2212 $1849 $2064 forward $255 $-1 #
-2064 edge $2219 233818 -1 $-1 $2067 -0.17329999999999751 $1856 0.021700000000000046 $2063 $2220 forward @7 unknown T 0.73850000000000016 -0.75544257269840698 -0.65521486502887849 0.93349999999999778 -0.75544257269840698 -0.65521486502887849 #
-2065 pcurve $-1 -1 -1 $-1 0 forward { exppc nubs 1 open 2 
	-0.021700000000000046 1 0.17329999999999751 1 
	-0.069500000000000145 2.2852633349187359 
	0.12549999999999734 2.2852633349187359 
	0 
	0 
	cone 0.80800000000000027 0 0 1 0 0 0 0 0.99999999999999967 1 I I 0 -1 0.99999999999999967 forward I I I I 
	} 0 0 #
-2066 string_attrib-name_attrib-gen-attrib $-1 -1 $-1 $-1 $1850 2 1 1 1 1 1 1 1 1 1 1 1 1 1 0 1 1 1 @17 ATTRIB_XACIS_NAME @6 2:1562 #
-2067 vertex $-1 -1 -1 $-1 $2064 $2221 #
-2068 ellipse-curve $-1 -1 -1 $-1 0.9335 0 0 1 0 -1.4608197692436258e-15 0 0 0.99999999999999967 1 I I #
-2069 string_attrib-name_attrib-gen-attrib $-1 -1 $-1 $-1 $1851 2 1 1 1 1 1 1 1 1 1 1 1 1 1 0 1 1 1 @17 ATTRIB_XACIS_NAME @5 2:558 #
-2070 cone-surface $-1 -1 -1 $-1 0.80800000000000027 0 0 1 0 0 0 0 0.99999999999999967 1 I I 0 -1 0.99999999999999967 forward I I I I #
-2071 string_attrib-name_attrib-gen-attrib $-1 -1 $-1 $-1 $1854 2 1 1 1 1 1 1 1 1 1 1 1 1 1 0 1 1 1 @17 ATTRIB_XACIS_NAME @7 1:18321 #
-2072 straight-curve $-1 -1 -1 $-1 0.73849999999999838 -0.041857918900482682 -0.24322657306906065 7.3040988462181386e-16 0.86602540378443926 0.50000000000000067 I I #
-2073 point $-1 -1 -1 $-1 0.73850000000000016 -0.75544257269840698 -0.65521486502887849 #
-2074 string_attrib-name_attrib-gen-attrib $-1 -1 $-1 $-1 $1864 2 1 1 1 1 1 1 1 1 1 1 1 1 1 0 1 1 1 @17 ATTRIB_XACIS_NAME @7 1:17691 #
-2075 straight-curve $-1 -1 -1 $-1 1.2876000000000001 0.085717523222168981 -0.16957085721756229 0 0.86602540378443782 0.49999999999999978 I I #
-2076 string_attrib-name_attrib-gen-attrib $-1 -1 $-1 $-1 $1869 2 1 1 1 1 1 1 1 1 1 1 1 1 1 0 1 1 1 @17 ATTRIB_XACIS_NAME @7 1:18444 #
-2077 ellipse-curve $-1 -1 -1 $-1 0.9335 0 0 1 0 -1.4608197692436258e-15 0 0 0.99999999999999967 1 I I #
-2078 edge $2222 233771 -1 $-1 $1880 -0.17329999999999751 $1874 0.021700000000000046 $1907 $2223 forward @7 unknown T 1.1385000000000001 -0.75544257269840698 -0.65521486502887849 1.3334999999999977 -0.75544257269840698 -0.65521486502887849 #
-2079 pcurve $-1 -1 -1 $-1 0 forward { exppc nubs 1 open 2 
	-0.021700000000000046 1 0.17329999999999751 1 
	-0.069499999999999923 2.2852633349187359 
	0.12549999999999756 2.2852633349187359 
	0 
	0 
	cone 1.208 0 0 1 0 0 0 0 0.99999999999999967 1 I I 0 -1 0.99999999999999967 forward I I I I 
	} 0 0 #
-2080 point $-1 -1 -1 $-1 1.1385000000000001 -0.75544257269840698 -0.65521486502887849 #
-2081 string_attrib-name_attrib-gen-attrib $-1 -1 $-1 $-1 $1878 2 1 1 1 1 1 1 1 1 1 1 1 1 1 0 1 1 1 @17 ATTRIB_XACIS_NAME @7 1:18297 #
-2082 straight-curve $-1 -1 -1 $-1 1.3334999999999984 -0.041857918900482849 -0.24322657306906098 -7.3040988462181258e-16 -0.86602540378443782 -0.49999999999999978 I I #
-2083 point $-1 -1 -1 $-1 1.3334999999999977 -0.75544257269840698 -0.65521486502887849 #
-2084 coedge $-1 -1 -1 $-1 $2224 $1883 $1887 $2089 forward $255 $-1 #
-2085 coedge $-1 -1 -1 $-1 $1883 $1906 $1892 $2093 reversed $255 $-1 #
-2086 string_attrib-name_attrib-gen-attrib $-1 -1 $-1 $-1 $1884 2 1 1 1 1 1 1 1 1 1 1 1 1 1 0 1 1 1 @17 ATTRIB_XACIS_NAME @7 1:16986 #
-2087 straight-curve $-1 -1 -1 $-1 1.6360000000000001 -0.66705450163537772 -0.60418398840748677 -1 0 0 I I #
-2088 coedge $-1 -1 -1 $-1 $1887 $1886 $2225 $2226 reversed $1888 $-1 #
-2089 edge $2227 233809 -1 $-1 $1890 0.72191483067685147 $2228 0.82397658391963491 $2084 $2229 forward @7 unknown T 1.1334999999999975 -0.75544257269840698 -0.65521486502887849 1.1335000000000002 -0.66705450163537705 -0.60418398840748655 #
-2090 face $2230 233552 -1 $-1 $2231 $1888 $4 $-1 $2232 forward single T 1.1334999999999973 -0.75544257269840709 -0.99999999999999967 1.1335000000000002 0 -0.60418398840748655 F #
-2091 point $-1 -1 -1 $-1 1.1335000000000002 -0.66705450163537761 -0.60418398840748677 #
-2092 coedge $-1 -1 -1 $-1 $1893 $1892 $1915 $2107 forward $1894 $-1 #
-2093 edge $2233 233807 -1 $-1 $1896 -0.86922626237984857 $2234 -0.85899373681744506 $1892 $2235 forward @7 unknown T 1.0876000000000001 -0.66705450163537761 -0.60418398840748677 1.0876000000000001 -0.65819287455346198 -0.59906772562628463 #
-2094 point $-1 -1 -1 $-1 1.0876000000000001 -0.66705450163537761 -0.60418398840748677 #
-2095 string_attrib-name_attrib-gen-attrib $-1 -1 $-1 $-1 $1898 2 1 1 1 1 1 1 1 1 1 1 1 1 1 0 1 1 1 @17 ATTRIB_XACIS_NAME @6 2:1256 #
-2096 straight-curve $-1 -1 -1 $-1 1.0876000000000001 0 -1.1041923455807526e-16 0 0 -1 I I #
-2097 coedge $-1 -1 -1 $-1 $1899 $2236 $2237 $2238 reversed $10 $-1 #
-2098 coedge $-1 -1 -1 $-1 $2239 $2225 $1899 $2099 forward $2240 $-1 #
-2099 edge $2241 233573 -1 $-1 $2101 -0.12549999999999856 $2242 0.069500000000001533 $2098 $2243 forward @7 unknown T 0.93849999999999845 0 -0.99999999999999967 1.1334999999999986 0 -0.99999999999999967 #
-2100 string_attrib-name_attrib-gen-attrib $-1 -1 $-1 $-1 $1900 2 1 1 1 1 1 1 1 1 1 1 1 1 1 0 1 1 1 @17 ATTRIB_XACIS_NAME @6 2:1265 #
-2101 vertex $-1 -1 -1 $-1 $2099 $2244 #
-2102 straight-curve $-1 -1 -1 $-1 1.1334999999999995 0 0.48479999999999895 -1.4608197692436258e-15 0 -1 I I #
-2103 coedge $-1 -1 -1 $-1 $1908 $1915 $1906 $2104 forward $1916 $2245 #
-2104 edge $2246 233806 -1 $-1 $2234 -0.024199999999999777 $1911 0.072599999999999998 $2103 $2247 forward @7 unknown T 1.0876000000000001 -0.65819287455346265 -0.59906772562628496 1.1843999999999999 -0.65819287455346254 -0.59906772562628496 #
-2105 string_attrib-name_attrib-gen-attrib $-1 -1 $-1 $-1 $1909 2 1 1 1 1 1 1 1 1 1 1 1 1 1 0 1 1 1 @17 ATTRIB_XACIS_NAME @6 2:1679 #
-2106 point $-1 -1 -1 $-1 1.1843999999999999 -0.65819287455346254 -0.59906772562628496 #
-2107 edge $2248 233849 -1 $-1 $2234 2.3092021475729956 $1918 3.1415926535897931 $1915 $2249 forward @7 unknown T 1.0876000000000001 -0.65819287455346287 -0.89000000000000012 1.0876000000000001 0 -0.59906772562628463 #
-2108 point $-1 -1 -1 $-1 1.0876000000000001 0 -0.89000000000000012 #
-2109 point $-1 -1 -1 $-1 1.1843999999999999 -0.70011865832508657 0.56553856125385549 #
-2110 point $-1 -1 -1 $-1 1.3843999999999999 -0.69135091633756973 0.56047650305717767 #
-2111 string_attrib-name_attrib-gen-attrib $-1 -1 $-1 $-1 $1926 2 1 1 1 1 1 1 1 1 1 1 1 1 1 0 1 1 1 @17 ATTRIB_XACIS_NAME @7 1:17883 #
-2112 straight-curve $-1 -1 -1 $-1 1.1843999999999999 -0.61428247677783077 0.51598101873133784 0 -0.86602540378443782 0.49999999999999978 I I #
-2113 edge $2250 233782 -1 $-1 $2251 -0.024199999999999777 $1930 0.072599999999999998 $1927 $2252 forward @7 unknown T 1.0876000000000001 -0.69135091633756973 0.56047650305717767 1.1843999999999999 -0.69135091633756973 0.56047650305717778 #
-2114 pcurve $-1 -1 -1 $-1 0 forward { exppc nubs 1 open 2 
	-0.024199999999999777 1 0.072599999999999998 1 
	-0.061328790459965823 0.8895664332979305 
	0.041737649063032282 0.8895664332979305 
	0 
	0 
	cone 1.1452 0 -5.5511151231257827e-17 1 0 0 0 0 0.89000000000000001 1 I I 0 -1 0.93919999999999959 forward I I I I 
	} 0 0 #
-2115 face $2253 233475 -1 $-1 $1215 $1928 $4 $-1 $2116 forward single T 1.0876000000000001 -0.89000000000000001 -0.56047650305717778 1.1843999999999999 -0.69135091633756951 0.56047650305717789 T -0.061328790459965823 0.041737649063032282 0.88956643329793028 2.2520262202918619 #
-2116 cone-surface $-1 -1 -1 $-1 1.1452 0 -5.5511151231257827e-17 1 0 0 0 0 0.89000000000000001 1 I I 0 -1 0.93919999999999959 forward I I I I #
-2117 point $-1 -1 -1 $-1 1.1843999999999999 -0.69135091633756973 0.56047650305717767 #
-2118 coedge $-1 -1 -1 $-1 $1948 $2155 $1938 $2119 forward $1774 $-1 #
-2119 edge $2254 233845 -1 $-1 $2121 0.88956643329793028 $1951 2.2520262202918619 $1938 $2255 forward @7 unknown T 0.88759999999999994 -0.89000000000000001 -0.56047650305717767 0.88760000000000017 -0.69135091633756951 0.56047650305717789 #
-2120 string_attrib-name_attrib-gen-attrib $-1 -1 $-1 $-1 $1940 2 1 1 1 1 1 1 1 1 1 1 1 1 1 0 1 1 1 @17 ATTRIB_XACIS_NAME @7 1:17736 #
-2121 vertex $-1 -1 -1 $-1 $2119 $2256 #
-2122 straight-curve $-1 -1 -1 $-1 0.91179999999999972 -0.69135091633756973 0.56047650305717778 1 0 0 I I #
-2123 edge $2257 233749 -1 $-1 $2125 0.89133229538426351 $1947 2.2502603582055301 $1954 $2258 forward @7 unknown T 0.93849999999999989 -0.90000000000000002 -0.56553856125385549 0.93849999999999989 -0.70011865832508635 0.56553856125385549 #
-2124 string_attrib-name_attrib-gen-attrib $-1 -1 $-1 $-1 $1944 2 1 1 1 1 1 1 1 1 1 1 1 1 1 0 1 1 1 @17 ATTRIB_XACIS_NAME @7 1:17190 #
-2125 vertex $-1 -1 -1 $-1 $1944 $2259 #
-2126 point $-1 -1 -1 $-1 0.93849999999999989 -0.70011865832508646 -0.56553856125385549 #
-2127 coedge $-1 -1 -1 $-1 $2155 $1948 $2157 $2260 reversed $1774 $-1 #
-2128 string_attrib-name_attrib-gen-attrib $-1 -1 $-1 $-1 $1949 2 1 1 1 1 1 1 1 1 1 1 1 1 1 0 1 1 1 @17 ATTRIB_XACIS_NAME @7 1:17808 #
-2129 vertex $-1 -1 -1 $-1 $2014 $2261 #
-2130 straight-curve $-1 -1 -1 $-1 0.88759999999999994 -0.61428247677783077 -0.51598101873133784 0 -0.86602540378443782 -0.49999999999999978 I I #
-2131 point $-1 -1 -1 $-1 0.88760000000000017 -0.69135091633756984 -0.56047650305717767 #
-2132 coedge $-1 -1 -1 $-1 $1955 $1954 $1962 $2136 reversed $1485 $-1 #
-2133 string_attrib-name_attrib-gen-attrib $-1 -1 $-1 $-1 $1957 2 1 1 1 1 1 1 1 1 1 1 1 1 1 0 1 1 1 @17 ATTRIB_XACIS_NAME @7 1:17163 #
-2134 ellipse-curve $-1 -1 -1 $-1 0.9335 0 -5.5511151231257827e-17 -1 0 1.4608197692436258e-15 0 0 0.90000000000000002 1 I I #
-2135 point $-1 -1 -1 $-1 0.9335 -0.70011865832508646 -0.56553856125385549 #
-2136 edge $2262 233750 -1 $-1 $1966 -0.34752895441214116 $2125 -0.24642651674803262 $1962 $2263 forward @7 unknown T 0.93849999999999945 -0.7876759377267375 0.56553856125385549 0.93850000000000033 -0.70011865832508657 0.61608978008590998 #
-2137 coedge $-1 -1 -1 $-1 $1973 $1968 $1963 $2138 forward $1546 $-1 #
-2138 edge $2264 233783 -1 $-1 $1971 -0.099115085045035425 $2251 -0.088990968651679478 $2137 $2265 forward @7 unknown T 1.0876000000000001 -0.70011865832508657 0.56047650305717756 1.0876000000000001 -0.69135091633756973 0.56553856125385549 #
-2139 string_attrib-name_attrib-gen-attrib $-1 -1 $-1 $-1 $1964 2 1 1 1 1 1 1 1 1 1 1 1 1 1 0 1 1 1 @17 ATTRIB_XACIS_NAME @7 1:18564 #
-2140 ellipse-curve $-1 -1 -1 $-1 0.93849999999999989 0 0 -1 0 1.4608197692436258e-15 0 0 0.99999999999999967 1 I I #
-2141 point $-1 -1 -1 $-1 0.93850000000000033 -0.78767593772673716 0.61608978008590976 #
-2142 string_attrib-name_attrib-gen-attrib $-1 -1 $-1 $-1 $1969 2 1 1 1 1 1 1 1 1 1 1 1 1 1 0 1 1 1 @17 ATTRIB_XACIS_NAME @7 1:17181 #
-2143 ellipse-curve $-1 -1 -1 $-1 1.0876000000000001 0 -5.5511151231257827e-17 1 0 0 0 0 0.90000000000000002 1 I I #
-2144 point $-1 -1 -1 $-1 1.0876000000000001 -0.70011865832508657 0.56553856125385549 #
-2145 edge $2266 233843 -1 $-1 $2251 0.88956643329793028 $1975 2.2520262202918619 $1987 $2267 forward @7 unknown T 1.0876000000000001 -0.89000000000000001 -0.56047650305717767 1.0876000000000001 -0.69135091633756951 0.56047650305717789 #
-2146 point $-1 -1 -1 $-1 1.0876000000000001 -0.69135091633756984 -0.56047650305717767 #
-2147 coedge $-1 -1 -1 $-1 $2268 $1991 $2190 $2269 forward $50 $-1 #
-2148 edge $2270 233652 -1 $-1 $2047 -0.021700000000000046 $2196 0.1732999999999994 $1991 $2271 forward @7 unknown T 0.73850000000000016 -0.75544257269840698 0.65521486502887838 0.93349999999999955 -0.75544257269840687 0.65521486502887849 #
-2149 string_attrib-name_attrib-gen-attrib $-1 -1 $-1 $-1 $1992 2 1 1 1 1 1 1 1 1 1 1 1 1 1 0 1 1 1 @17 ATTRIB_XACIS_NAME @7 1:18162 #
-2150 straight-curve $-1 -1 -1 $-1 0.73849999999999927 -0.46170703465517915 0.48562657306906121 7.3040988462181258e-16 -0.86602540378443782 0.49999999999999978 I I #
-2151 coedge $-1 -1 -1 $-1 $1995 $2272 $2173 $2273 forward $50 $-1 #
-2152 edge $2274 233670 -1 $-1 $2030 -0.34840000000000004 $2178 -0.30249999999999999 $1995 $2275 forward @7 unknown T 1.2876000000000001 -0.66705450163537772 0.60418398840748677 1.3335000000000001 -0.66705450163537761 0.60418398840748677 #
-2153 string_attrib-name_attrib-gen-attrib $-1 -1 $-1 $-1 $1996 2 1 1 1 1 1 1 1 1 1 1 1 1 1 0 1 1 1 @17 ATTRIB_XACIS_NAME @7 1:17688 #
-2154 straight-curve $-1 -1 -1 $-1 1.2876000000000001 0.085717523222169065 0.16957085721756221 0 -0.86602540378443782 0.49999999999999978 I I #
-2155 coedge $-1 -1 -1 $-1 $2118 $2127 $1999 $2156 forward $1774 $-1 #
-2156 edge $2276 233788 -1 $-1 $2159 -0.099115085045035425 $2121 -0.088990968651679478 $2155 $2277 forward @7 unknown T 0.88759999999999994 -0.70011865832508657 0.56047650305717756 0.88760000000000017 -0.69135091633756973 0.56553856125385549 #
-2157 coedge $-1 -1 -1 $-1 $2013 $2000 $2127 $2260 forward $2009 $-1 #
-2158 string_attrib-name_attrib-gen-attrib $-1 -1 $-1 $-1 $2001 2 1 1 1 1 1 1 1 1 1 1 1 1 1 0 1 1 1 @17 ATTRIB_XACIS_NAME @7 1:17154 #
-2159 vertex $-1 -1 -1 $-1 $2156 $2278 #
-2160 point $-1 -1 -1 $-1 0.9335 -0.70011865832508646 0.56553856125385538 #
-2161 string_attrib-name_attrib-gen-attrib $-1 -1 $-1 $-1 $2011 2 1 1 1 1 1 1 1 1 1 1 1 1 1 0 1 1 1 @17 ATTRIB_XACIS_NAME @5 2:698 #
-2162 cone-surface $-1 -1 -1 $-1 1.1452 0 -5.5511151231257827e-17 1 0 0 0 0 0.89000000000000001 1 I I 0 -1 0.93919999999999959 forward I I I I #
-2163 string_attrib-name_attrib-gen-attrib $-1 -1 $-1 $-1 $2014 2 1 1 1 1 1 1 1 1 1 1 1 1 1 0 1 1 1 @17 ATTRIB_XACIS_NAME @7 1:17160 #
-2164 coedge $-1 -1 -1 $-1 $2279 $2016 $2280 $2281 reversed $15 $-1 #
-2165 coedge $-1 -1 -1 $-1 $2282 $2283 $2016 $2166 forward $2284 $-1 #
-2166 edge $2285 233608 -1 $-1 $2286 0.41520000000000096 $2171 0.51520000000000077 $2165 $2287 forward @7 unknown T 1.1385000000000001 0 0.89999999999999991 1.1385000000000016 0 0.99999999999999978 #
-2167 coedge $-1 -1 -1 $-1 $2288 $2017 $2020 $2174 forward $2169 $-1 #
-2168 coedge $-1 -1 -1 $-1 $2017 $2288 $2282 $2289 forward $2169 $-1 #
-2169 loop $-1 -1 -1 $-1 $-1 $2017 $2290 T 1.1385000000000001 -0.75544257269840698 0.65521486502887838 1.3335000000000017 0 0.99999999999999967 unknown #
-2170 string_attrib-name_attrib-gen-attrib $-1 -1 $-1 $-1 $2018 2 1 1 1 1 1 1 1 1 1 1 1 1 1 0 1 1 1 @17 ATTRIB_XACIS_NAME @6 2:1103 #
-2171 vertex $-1 -1 -1 $-1 $2018 $2291 #
-2172 straight-curve $-1 -1 -1 $-1 1.208 0 0.99999999999999967 0.99999999999999967 -0 -0 I I #
-2173 coedge $-1 -1 -1 $-1 $2020 $2019 $2151 $2273 reversed $2021 $-1 #
-2174 edge $2292 233890 -1 $-1 $2023 0 $2293 0.85632931867105722 $2167 $1881 forward @7 unknown T 1.3334999999999997 -0.75544257269840698 0.65521486502887849 1.3335000000000017 0 0.99999999999999967 #
-2175 face $2294 233528 -1 $-1 $2061 $2021 $4 $-1 $1039 forward single T 1.3334999999999997 -0.75544257269840698 0.60418398840748666 1.3335000000000017 0 0.99999999999999967 F #
-2176 point $-1 -1 -1 $-1 1.3335000000000017 0 0.99999999999999967 #
-2177 string_attrib-name_attrib-gen-attrib $-1 -1 $-1 $-1 $2026 2 1 1 1 1 1 1 1 1 1 1 1 1 1 0 1 1 1 @17 ATTRIB_XACIS_NAME @6 2:1549 #
-2178 vertex $-1 -1 -1 $-1 $2026 $2295 #
-2179 string_attrib-name_attrib-gen-attrib $-1 -1 $-1 $-1 $2027 2 1 1 1 1 1 1 1 1 1 1 1 1 1 0 1 1 1 @17 ATTRIB_XACIS_NAME @5 2:548 #
-2180 point $-1 -1 -1 $-1 1.2876000000000001 -0.66705450163537761 0.60418398840748677 #
-2181 coedge $-1 -1 -1 $-1 $2033 $2296 $2297 $2298 reversed $15 $-1 #
-2182 coedge $-1 -1 -1 $-1 $2299 $2300 $2033 $2183 forward $2301 $-1 #
-2183 edge $2302 233620 -1 $-1 $2188 -0.90000000000000002 $2303 -0.89000000000000001 $2182 $2304 forward @7 unknown T 0.88759999999999994 0 0.8899999999999999 0.88759999999999994 0 0.89999999999999991 #
-2184 coedge $-1 -1 -1 $-1 $2305 $2034 $2300 $2306 forward $2186 $-1 #
-2185 coedge $-1 -1 -1 $-1 $2034 $2305 $2036 $2191 forward $2186 $-1 #
-2186 loop $-1 -1 -1 $-1 $-1 $2034 $2307 T 0.88759999999999994 -0.66705450163537772 0.60418398840748666 0.93350000000000133 0 0.89999999999999991 unknown #
-2187 string_attrib-name_attrib-gen-attrib $-1 -1 $-1 $-1 $2035 2 1 1 1 1 1 1 1 1 1 1 1 1 1 0 1 1 1 @17 ATTRIB_XACIS_NAME @6 2:1106 #
-2188 vertex $-1 -1 -1 $-1 $2035 $2308 #
-2189 straight-curve $-1 -1 -1 $-1 0.91055000000000019 0 0.89999999999999991 -1 -0 -0 I I #
-2190 coedge $-1 -1 -1 $-1 $2037 $2036 $2147 $2269 reversed $2038 $-1 #
-2191 edge $2309 233892 -1 $-1 $2310 -0.83481401285155954 $2040 0 $2036 $2216 forward @7 unknown T 0.9335 -0.66705450163537772 0.60418398840748666 0.93350000000000133 0 0.89999999999999991 #
-2192 face $2311 233530 -1 $-1 $2290 $2038 $4 $-1 $2218 forward single T 0.93349999999999955 -0.75544257269840698 0.60418398840748655 0.93350000000000144 0 0.99999999999999967 F #
-2193 point $-1 -1 -1 $-1 0.93350000000000133 0 0.89999999999999991 #
-2194 pcurve $-1 -1 -1 $-1 0 forward { exppc nubs 1 open 2 
	-0.1732999999999994 1 0.021700000000000046 1 
	0.12549999999999933 0.85632931867105722 
	-0.069500000000000145 0.85632931867105722 
	0 
	0 
	cone 0.80800000000000027 0 0 1 0 0 0 0 0.99999999999999967 1 I I 0 -1 0.99999999999999967 forward I I I I 
	} 0 6.2831853071795862 #
-2195 string_attrib-name_attrib-gen-attrib $-1 -1 $-1 $-1 $2043 2 1 1 1 1 1 1 1 1 1 1 1 1 1 0 1 1 1 @17 ATTRIB_XACIS_NAME @6 2:1565 #
-2196 vertex $-1 -1 -1 $-1 $2148 $2312 #
-2197 string_attrib-name_attrib-gen-attrib $-1 -1 $-1 $-1 $2044 2 1 1 1 1 1 1 1 1 1 1 1 1 1 0 1 1 1 @17 ATTRIB_XACIS_NAME @5 2:561 #
-2198 point $-1 -1 -1 $-1 0.73850000000000016 -0.75544257269840687 0.65521486502887838 #
-2199 coedge $-1 -1 -1 $-1 $2236 $2050 $2313 $2314 reversed $10 $-1 #
-2200 coedge $-1 -1 -1 $-1 $2315 $2316 $2050 $2201 forward $2317 $-1 #
-2201 edge $2318 233569 -1 $-1 $2319 -0.039199999999999902 $2206 0.057600000000000096 $2200 $2320 forward @7 unknown T 0.88759999999999994 0 -0.89000000000000012 0.98439999999999994 0 -0.89000000000000012 #
-2202 coedge $-1 -1 -1 $-1 $2321 $2051 $2054 $2209 reversed $2204 $-1 #
-2203 coedge $-1 -1 -1 $-1 $2051 $2321 $2315 $2322 forward $2204 $-1 #
-2204 loop $-1 -1 -1 $-1 $-1 $2051 $2323 T 0.88759999999999994 -0.66705450163537761 -0.90000000000000013 0.88760000000000017 0 -0.59906772562628463 unknown #
-2205 string_attrib-name_attrib-gen-attrib $-1 -1 $-1 $-1 $2052 2 1 1 1 1 1 1 1 1 1 1 1 1 1 0 1 1 1 @17 ATTRIB_XACIS_NAME @6 2:1229 #
-2206 vertex $-1 -1 -1 $-1 $2052 $2324 #
-2207 straight-curve $-1 -1 -1 $-1 0.88759999999999994 0 -1.1041923455807526e-16 0 0 -1 I I #
-2208 coedge $-1 -1 -1 $-1 $2054 $2053 $2325 $2326 forward $2055 $2327 #
-2209 edge $2328 233894 -1 $-1 $2329 2.3067786407382336 $2057 3.1415926535897931 $2054 $2330 forward @7 unknown T 0.88759999999999994 -0.66705450163537761 -0.90000000000000013 0.88760000000000017 0 -0.60418398840748666 #
-2210 face $2331 233532 -1 $-1 $2307 $2055 $4 $-1 $450 reversed single T 0.88759999999999994 -0.66705450163537772 -0.90000000000000013 0.93350000000000022 0 -0.60418398840748666 F #
-2211 point $-1 -1 -1 $-1 0.88759999999999994 0 -0.90000000000000013 #
-2212 coedge $-1 -1 -1 $-1 $2063 $2325 $2059 $2213 forward $255 $-1 #
-2213 edge $2332 233817 -1 $-1 $2215 0.72191483067685147 $2067 0.82397658391963491 $2212 $2333 forward @7 unknown T 0.93349999999999778 -0.75544257269840698 -0.65521486502887849 0.93350000000000022 -0.66705450163537705 -0.60418398840748644 #
-2214 string_attrib-name_attrib-gen-attrib $-1 -1 $-1 $-1 $2060 2 1 1 1 1 1 1 1 1 1 1 1 1 1 0 1 1 1 @17 ATTRIB_XACIS_NAME @6 2:1594 #
-2215 vertex $-1 -1 -1 $-1 $2326 $2334 #
-2216 ellipse-curve $-1 -1 -1 $-1 0.9335 0 -5.5511151231257827e-17 -1 0 1.4608197692436258e-15 0 0 0.90000000000000002 1 I I #
-2217 string_attrib-name_attrib-gen-attrib $-1 -1 $-1 $-1 $2061 2 1 1 1 1 1 1 1 1 1 1 1 1 1 0 1 1 1 @17 ATTRIB_XACIS_NAME @5 2:584 #
-2218 plane-surface $-1 -1 -1 $-1 0.9335 0 0.96959999999999957 -1 0 1.4608197692436258e-15 -1.1686558153949007e-15 0 -0.80000000000000004 forward_v I I I I #
-2219 string_attrib-name_attrib-gen-attrib $-1 -1 $-1 $-1 $2064 2 1 1 1 1 1 1 1 1 1 1 1 1 1 0 1 1 1 @17 ATTRIB_XACIS_NAME @7 1:18318 #
-2220 straight-curve $-1 -1 -1 $-1 0.76020000000000021 -0.75544257269840698 -0.65521486502887849 -0.99999999999999933 -0 -0 I I #
-2221 point $-1 -1 -1 $-1 0.93349999999999778 -0.75544257269840698 -0.65521486502887849 #
-2222 string_attrib-name_attrib-gen-attrib $-1 -1 $-1 $-1 $2078 2 1 1 1 1 1 1 1 1 1 1 1 1 1 0 1 1 1 @17 ATTRIB_XACIS_NAME @7 1:18300 #
-2223 straight-curve $-1 -1 -1 $-1 1.1602000000000001 -0.75544257269840698 -0.65521486502887849 -0.99999999999999933 -0 -0 I I #
-2224 coedge $-1 -1 -1 $-1 $2335 $2084 $2336 $2337 forward $255 $-1 #
-2225 coedge $-1 -1 -1 $-1 $2098 $2336 $2088 $2226 forward $2240 $-1 #
-2226 edge $2338 233912 -1 $-1 $2228 2.2852633349187359 $2101 3.1415926535897931 $2225 $2339 forward @7 unknown T 1.1334999999999977 -0.75544257269840709 -0.99999999999999967 1.1335000000000002 0 -0.65521486502887827 #
-2227 string_attrib-name_attrib-gen-attrib $-1 -1 $-1 $-1 $2089 2 1 1 1 1 1 1 1 1 1 1 1 1 1 0 1 1 1 @17 ATTRIB_XACIS_NAME @7 1:18306 #
-2228 vertex $-1 -1 -1 $-1 $2337 $2340 #
-2229 straight-curve $-1 -1 -1 $-1 1.1334999999999982 -0.041857918900482793 -0.24322657306906095 -7.3040988462181258e-16 -0.86602540378443782 -0.49999999999999978 I I #
-2230 string_attrib-name_attrib-gen-attrib $-1 -1 $-1 $-1 $2090 2 1 1 1 1 1 1 1 1 1 1 1 1 1 0 1 1 1 @17 ATTRIB_XACIS_NAME @5 2:779 #
-2231 face $2341 233553 -1 $-1 $-1 $2342 $4 $-1 $2232 forward single T 1.1334999999999995 -0.75544257269840698 0.60418398840748666 1.1335000000000017 0 0.99999999999999978 F #
-2232 plane-surface $-1 -1 -1 $-1 1.1335000000000002 0 0.96959999999999957 -1 0 1.4608197692436258e-15 -1.1686558153949007e-15 0 -0.80000000000000004 forward_v I I I I #
-2233 string_attrib-name_attrib-gen-attrib $-1 -1 $-1 $-1 $2093 2 1 1 1 1 1 1 1 1 1 1 1 1 1 0 1 1 1 @17 ATTRIB_XACIS_NAME @7 1:17727 #
-2234 vertex $-1 -1 -1 $-1 $2107 $2343 #
-2235 straight-curve $-1 -1 -1 $-1 1.0876000000000001 0.085717523222168981 -0.16957085721756229 0 0.86602540378443782 0.49999999999999978 I I #
-2236 coedge $-1 -1 -1 $-1 $2097 $2199 $2344 $2345 reversed $10 $-1 #
-2237 coedge $-1 -1 -1 $-1 $2346 $2347 $2097 $2238 forward $2348 $-1 #
-2238 edge $2349 233572 -1 $-1 $2242 -1.4847999999999988 $2350 -1.3847999999999994 $2237 $2351 forward @7 unknown T 0.938499999999997 0 -0.99999999999999967 0.93849999999999856 0 -0.90000000000000013 #
-2239 coedge $-1 -1 -1 $-1 $2336 $2098 $2347 $2352 forward $2240 $-1 #
-2240 loop $-1 -1 -1 $-1 $-1 $2098 $2353 T 0.93849999999999845 -0.75544257269840709 -0.99999999999999967 1.1335000000000002 0 -0.65521486502887827 unknown #
-2241 string_attrib-name_attrib-gen-attrib $-1 -1 $-1 $-1 $2099 2 1 1 1 1 1 1 1 1 1 1 1 1 1 0 1 1 1 @17 ATTRIB_XACIS_NAME @6 2:1259 #
-2242 vertex $-1 -1 -1 $-1 $2238 $2354 #
-2243 straight-curve $-1 -1 -1 $-1 1.008 0 -0.99999999999999967 -0.99999999999999967 0 -0 I I #
-2244 point $-1 -1 -1 $-1 1.1334999999999986 0 -0.99999999999999967 #
-2245 pcurve $-1 -1 -1 $-1 0 forward { exppc nubs 1 open 2 
	-0.024199999999999777 1 0.072599999999999998 1 
	-0.061328790459965823 2.3092021475729956 
	0.041737649063032282 2.3092021475729956 
	0 
	0 
	cone 1.1452 0 -5.5511151231257827e-17 1 0 0 0 0 0.89000000000000001 1 I I 0 -1 0.93919999999999959 forward I I I I 
	} 0 -6.2831853071795862 #
-2246 string_attrib-name_attrib-gen-attrib $-1 -1 $-1 $-1 $2104 2 1 1 1 1 1 1 1 1 1 1 1 1 1 0 1 1 1 @17 ATTRIB_XACIS_NAME @7 1:17718 #
-2247 straight-curve $-1 -1 -1 $-1 1.1117999999999999 -0.65819287455346265 -0.59906772562628496 1 0 0 I I #
-2248 string_attrib-name_attrib-gen-attrib $-1 -1 $-1 $-1 $2107 2 1 1 1 1 1 1 1 1 1 1 1 1 1 0 1 1 1 @17 ATTRIB_XACIS_NAME @6 2:1705 #
-2249 ellipse-curve $-1 -1 -1 $-1 1.0876000000000001 0 -5.5511151231257827e-17 1 0 0 0 0 0.89000000000000001 1 I I #
-2250 string_attrib-name_attrib-gen-attrib $-1 -1 $-1 $-1 $2113 2 1 1 1 1 1 1 1 1 1 1 1 1 1 0 1 1 1 @17 ATTRIB_XACIS_NAME @7 1:17700 #
-2251 vertex $-1 -1 -1 $-1 $2145 $2355 #
-2252 straight-curve $-1 -1 -1 $-1 1.1117999999999999 -0.69135091633756973 0.56047650305717778 1 0 0 I I #
-2253 string_attrib-name_attrib-gen-attrib $-1 -1 $-1 $-1 $2115 2 1 1 1 1 1 1 1 1 1 1 1 1 1 0 1 1 1 @17 ATTRIB_XACIS_NAME @7 1:16434 #
-2254 string_attrib-name_attrib-gen-attrib $-1 -1 $-1 $-1 $2119 2 1 1 1 1 1 1 1 1 1 1 1 1 1 0 1 1 1 @17 ATTRIB_XACIS_NAME @7 1:17745 #
-2255 ellipse-curve $-1 -1 -1 $-1 0.88759999999999994 0 -5.5511151231257827e-17 1 0 0 0 0 0.89000000000000001 1 I I #
-2256 point $-1 -1 -1 $-1 0.88760000000000017 -0.69135091633756973 0.56047650305717767 #
-2257 string_attrib-name_attrib-gen-attrib $-1 -1 $-1 $-1 $2123 2 1 1 1 1 1 1 1 1 1 1 1 1 1 0 1 1 1 @17 ATTRIB_XACIS_NAME @7 1:17193 #
-2258 ellipse-curve $-1 -1 -1 $-1 0.93849999999999989 0 -5.5511151231257827e-17 1 0 -1.4608197692436258e-15 0 0 0.90000000000000002 1 I I #
-2259 point $-1 -1 -1 $-1 0.93849999999999989 -0.70011865832508657 0.56553856125385549 #
-2260 edge $2356 233844 -1 $-1 $2159 0.89133229538426351 $2129 2.2502603582055301 $2157 $2357 forward @7 unknown T 0.88759999999999994 -0.90000000000000002 -0.5655385612538556 0.88760000000000017 -0.70011865832508635 0.56553856125385549 #
-2261 point $-1 -1 -1 $-1 0.88760000000000017 -0.70011865832508646 -0.5655385612538556 #
-2262 string_attrib-name_attrib-gen-attrib $-1 -1 $-1 $-1 $2136 2 1 1 1 1 1 1 1 1 1 1 1 1 1 0 1 1 1 @17 ATTRIB_XACIS_NAME @7 1:18408 #
-2263 straight-curve $-1 -1 -1 $-1 0.93849999999999922 -0.48670703465517895 0.44232530287983918 -7.3040988462181386e-16 0.86602540378443926 -0.50000000000000067 I I #
-2264 string_attrib-name_attrib-gen-attrib $-1 -1 $-1 $-1 $2138 2 1 1 1 1 1 1 1 1 1 1 1 1 1 0 1 1 1 @17 ATTRIB_XACIS_NAME @7 1:17817 #
-2265 straight-curve $-1 -1 -1 $-1 1.0876000000000001 -0.61428247677783077 0.51598101873133784 0 0.86602540378443782 -0.49999999999999978 I I #
-2266 string_attrib-name_attrib-gen-attrib $-1 -1 $-1 $-1 $2145 2 1 1 1 1 1 1 1 1 1 1 1 1 1 0 1 1 1 @17 ATTRIB_XACIS_NAME @7 1:17709 #
-2267 ellipse-curve $-1 -1 -1 $-1 1.0876000000000001 0 -5.5511151231257827e-17 1 0 0 0 0 0.89000000000000001 1 I I #
-2268 coedge $-1 -1 -1 $-1 $2358 $2147 $2305 $2359 reversed $50 $-1 #
-2269 edge $2360 233653 -1 $-1 $2196 -0.3391765839196344 $2310 -0.23711483067685099 $2147 $2361 forward @7 unknown T 0.93349999999999955 -0.75544257269840698 0.60418398840748655 0.93350000000000022 -0.66705450163537749 0.65521486502887849 #
-2270 string_attrib-name_attrib-gen-attrib $-1 -1 $-1 $-1 $2148 2 1 1 1 1 1 1 1 1 1 1 1 1 1 0 1 1 1 @17 ATTRIB_XACIS_NAME @7 1:18165 #
-2271 straight-curve $-1 -1 -1 $-1 0.76020000000000021 -0.75544257269840698 0.65521486502887849 0.99999999999999933 0 0 I I #
-2272 coedge $-1 -1 -1 $-1 $2151 $2362 $2288 $2363 forward $50 $-1 #
-2273 edge $2364 233669 -1 $-1 $2293 -0.33917658391963462 $2178 -0.23711483067685118 $2151 $2365 forward @7 unknown T 1.3334999999999997 -0.75544257269840698 0.60418398840748666 1.3335000000000001 -0.66705450163537749 0.65521486502887849 #
-2274 string_attrib-name_attrib-gen-attrib $-1 -1 $-1 $-1 $2152 2 1 1 1 1 1 1 1 1 1 1 1 1 1 0 1 1 1 @17 ATTRIB_XACIS_NAME @7 1:17016 #
-2275 straight-curve $-1 -1 -1 $-1 1.6360000000000001 -0.66705450163537772 0.60418398840748677 1 0 0 I I #
-2276 string_attrib-name_attrib-gen-attrib $-1 -1 $-1 $-1 $2156 2 1 1 1 1 1 1 1 1 1 1 1 1 1 0 1 1 1 @17 ATTRIB_XACIS_NAME @7 1:17811 #
-2277 straight-curve $-1 -1 -1 $-1 0.88759999999999994 -0.61428247677783077 0.51598101873133784 0 0.86602540378443782 -0.49999999999999978 I I #
-2278 point $-1 -1 -1 $-1 0.88760000000000017 -0.70011865832508657 0.56553856125385549 #
-2279 coedge $-1 -1 -1 $-1 $2366 $2164 $2367 $2368 reversed $15 $-1 #
-2280 coedge $-1 -1 -1 $-1 $2369 $2370 $2164 $2281 forward $2371 $-1 #
-2281 edge $2372 233609 -1 $-1 $2373 -0.022950000000000026 $2286 0.022949999999998472 $2280 $2374 forward @7 unknown T 1.1385000000000014 0 0.89999999999999991 1.1843999999999999 0 0.89999999999999991 #
-2282 coedge $-1 -1 -1 $-1 $2375 $2165 $2168 $2289 reversed $2284 $-1 #
-2283 coedge $-1 -1 -1 $-1 $2165 $2375 $2369 $2376 reversed $2284 $-1 #
-2284 loop $-1 -1 -1 $-1 $-1 $2165 $2377 T 1.1384999999999994 -0.75544257269840687 0.60418398840748655 1.1385000000000016 0 0.99999999999999978 unknown #
-2285 string_attrib-name_attrib-gen-attrib $-1 -1 $-1 $-1 $2166 2 1 1 1 1 1 1 1 1 1 1 1 1 1 0 1 1 1 @17 ATTRIB_XACIS_NAME @6 2:1109 #
-2286 vertex $-1 -1 -1 $-1 $2166 $2378 #
-2287 straight-curve $-1 -1 -1 $-1 1.1384999999999994 0 0.48479999999999895 1.4608197692436258e-15 -0 1 I I #
-2288 coedge $-1 -1 -1 $-1 $2168 $2167 $2272 $2363 reversed $2169 $2379 #
-2289 edge $2380 233893 -1 $-1 $2381 -0.85632931867105722 $2171 0 $2168 $1875 forward @7 unknown T 1.1385000000000001 -0.75544257269840687 0.65521486502887838 1.1385000000000016 0 0.99999999999999967 #
-2290 face $2382 233531 -1 $-1 $2210 $2169 $4 $-1 $1229 forward single T 1.1385000000000001 -0.75544257269840698 0.65521486502887838 1.3335000000000017 0 0.99999999999999967 F #
-2291 point $-1 -1 -1 $-1 1.1385000000000016 0 0.99999999999999967 #
-2292 string_attrib-name_attrib-gen-attrib $-1 -1 $-1 $-1 $2174 2 1 1 1 1 1 1 1 1 1 1 1 1 1 0 1 1 1 @17 ATTRIB_XACIS_NAME @6 2:1578 #
-2293 vertex $-1 -1 -1 $-1 $2363 $2383 #
-2294 string_attrib-name_attrib-gen-attrib $-1 -1 $-1 $-1 $2175 2 1 1 1 1 1 1 1 1 1 1 1 1 1 0 1 1 1 @17 ATTRIB_XACIS_NAME @5 2:574 #
-2295 point $-1 -1 -1 $-1 1.3335000000000001 -0.66705450163537772 0.60418398840748677 #
-2296 coedge $-1 -1 -1 $-1 $2181 $2384 $2385 $2386 reversed $15 $-1 #
-2297 coedge $-1 -1 -1 $-1 $2387 $2388 $2181 $2298 forward $2389 $-1 #
-2298 edge $2390 233619 -1 $-1 $2303 -0.057600000000000096 $2391 0.039199999999999902 $2297 $2392 forward @7 unknown T 0.88759999999999994 0 0.8899999999999999 0.98439999999999994 0 0.8899999999999999 #
-2299 coedge $-1 -1 -1 $-1 $2393 $2182 $2388 $2394 forward $2301 $-1 #
-2300 coedge $-1 -1 -1 $-1 $2182 $2393 $2184 $2306 reversed $2301 $-1 #
-2301 loop $-1 -1 -1 $-1 $-1 $2182 $2395 T 0.88759999999999994 -0.66705450163537761 0.59906772562628463 0.88760000000000017 0 0.89999999999999991 unknown #
-2302 string_attrib-name_attrib-gen-attrib $-1 -1 $-1 $-1 $2183 2 1 1 1 1 1 1 1 1 1 1 1 1 1 0 1 1 1 @17 ATTRIB_XACIS_NAME @6 2:1112 #
-2303 vertex $-1 -1 -1 $-1 $2183 $2396 #
-2304 straight-curve $-1 -1 -1 $-1 0.88759999999999994 0 -1.1041923455807526e-16 0 0 -1 I I #
-2305 coedge $-1 -1 -1 $-1 $2185 $2184 $2268 $2359 forward $2186 $2397 #
-2306 edge $2398 233895 -1 $-1 $2188 0 $2399 0.83481401285155954 $2184 $2330 forward @7 unknown T 0.88759999999999994 -0.66705450163537761 0.60418398840748666 0.88760000000000017 0 0.89999999999999991 #
-2307 face $2400 233533 -1 $-1 $2377 $2186 $4 $-1 $450 reversed single T 0.88759999999999994 -0.66705450163537772 0.60418398840748666 0.93350000000000133 0 0.89999999999999991 F #
-2308 point $-1 -1 -1 $-1 0.88759999999999994 0 0.89999999999999991 #
-2309 string_attrib-name_attrib-gen-attrib $-1 -1 $-1 $-1 $2191 2 1 1 1 1 1 1 1 1 1 1 1 1 1 0 1 1 1 @17 ATTRIB_XACIS_NAME @6 2:1588 #
-2310 vertex $-1 -1 -1 $-1 $2191 $2401 #
-2311 string_attrib-name_attrib-gen-attrib $-1 -1 $-1 $-1 $2192 2 1 1 1 1 1 1 1 1 1 1 1 1 1 0 1 1 1 @17 ATTRIB_XACIS_NAME @5 2:587 #
-2312 point $-1 -1 -1 $-1 0.93349999999999955 -0.75544257269840698 0.65521486502887849 #
-2313 coedge $-1 -1 -1 $-1 $2402 $2403 $2199 $2314 forward $2404 $-1 #
-2314 edge $2405 233570 -1 $-1 $2406 -0.90000000000000024 $2319 -0.89000000000000024 $2313 $2407 forward @7 unknown T 0.98439999999999994 0 -0.90000000000000013 0.98439999999999994 0 -0.89000000000000012 #
-2315 coedge $-1 -1 -1 $-1 $2408 $2200 $2203 $2322 reversed $2317 $-1 #
-2316 coedge $-1 -1 -1 $-1 $2200 $2408 $2402 $2409 forward $2317 $-1 #
-2317 loop $-1 -1 -1 $-1 $-1 $2200 $2410 T 0.88759999999999994 -0.65819287455346287 -0.89000000000000012 0.98440000000000005 0 -0.59906772562628463 unknown #
-2318 string_attrib-name_attrib-gen-attrib $-1 -1 $-1 $-1 $2201 2 1 1 1 1 1 1 1 1 1 1 1 1 1 0 1 1 1 @17 ATTRIB_XACIS_NAME @6 2:1235 #
-2319 vertex $-1 -1 -1 $-1 $2201 $2411 #
-2320 straight-curve $-1 -1 -1 $-1 0.94520000000000004 0 -0.89000000000000012 -1 0 -0 I I #
-2321 coedge $-1 -1 -1 $-1 $2203 $2202 $2412 $2413 forward $2204 $-1 #
-2322 edge $2414 233897 -1 $-1 $2415 2.3092021475729956 $2206 3.1415926535897931 $2315 $2416 forward @7 unknown T 0.88759999999999994 -0.65819287455346287 -0.89000000000000012 0.88760000000000017 0 -0.59906772562628463 #
-2323 face $2417 233535 -1 $-1 $2395 $2204 $4 $-1 $2418 forward single T 0.88759999999999994 -0.66705450163537761 -0.90000000000000013 0.88760000000000017 0 -0.59906772562628463 F #
-2324 point $-1 -1 -1 $-1 0.88759999999999994 0 -0.89000000000000012 #
-2325 coedge $-1 -1 -1 $-1 $2212 $2412 $2208 $2326 reversed $255 $-1 #
-2326 edge $2419 233816 -1 $-1 $2215 0.7024999999999999 $2329 0.74839999999999995 $2325 $1861 forward @7 unknown T 0.88760000000000017 -0.66705450163537772 -0.60418398840748677 0.93350000000000022 -0.66705450163537761 -0.60418398840748677 #
-2327 pcurve $-1 -1 -1 $-1 0 forward { exppc nubs 1 open 2 
	0.7024999999999999 1 0.74839999999999995 1 
	1.6964437819420786 2.3067786407382336 
	1.7453151618398639 2.3067786407382336 
	0 
	0 
	cone 2.5267999999999997 0 -5.5511151231257827e-17 1 0 0 0 0 0.90000000000000002 1 I I 0 1 0.93919999999999959 reversed I I I I 
	} 0 0 #
-2328 string_attrib-name_attrib-gen-attrib $-1 -1 $-1 $-1 $2209 2 1 1 1 1 1 1 1 1 1 1 1 1 1 0 1 1 1 @17 ATTRIB_XACIS_NAME @6 2:1614 #
-2329 vertex $-1 -1 -1 $-1 $2413 $2420 #
-2330 ellipse-curve $-1 -1 -1 $-1 0.88759999999999994 0 -5.5511151231257827e-17 1 0 0 0 0 0.90000000000000002 1 I I #
-2331 string_attrib-name_attrib-gen-attrib $-1 -1 $-1 $-1 $2210 2 1 1 1 1 1 1 1 1 1 1 1 1 1 0 1 1 1 @17 ATTRIB_XACIS_NAME @5 2:610 #
-2332 string_attrib-name_attrib-gen-attrib $-1 -1 $-1 $-1 $2213 2 1 1 1 1 1 1 1 1 1 1 1 1 1 0 1 1 1 @17 ATTRIB_XACIS_NAME @7 1:18315 #
-2333 straight-curve $-1 -1 -1 $-1 0.93349999999999844 -0.041857918900482738 -0.24322657306906087 -7.3040988462181258e-16 -0.86602540378443782 -0.49999999999999978 I I #
-2334 point $-1 -1 -1 $-1 0.93350000000000022 -0.66705450163537761 -0.60418398840748677 #
-2335 coedge $-1 -1 -1 $-1 $2421 $2224 $2422 $2423 forward $255 $-1 #
-2336 coedge $-1 -1 -1 $-1 $2225 $2239 $2224 $2337 reversed $2240 $2424 #
-2337 edge $2425 233810 -1 $-1 $2228 -0.17329999999999773 $2426 0.021699999999999713 $2224 $2427 forward @7 unknown T 0.93850000000000022 -0.75544257269840698 -0.65521486502887849 1.1334999999999977 -0.75544257269840698 -0.65521486502887849 #
-2338 string_attrib-name_attrib-gen-attrib $-1 -1 $-1 $-1 $2226 2 1 1 1 1 1 1 1 1 1 1 1 1 1 0 1 1 1 @17 ATTRIB_XACIS_NAME @6 2:1770 #
-2339 ellipse-curve $-1 -1 -1 $-1 1.1335000000000002 0 0 1 0 -1.4608197692436258e-15 0 0 0.99999999999999967 1 I I #
-2340 point $-1 -1 -1 $-1 1.1334999999999977 -0.75544257269840698 -0.65521486502887849 #
-2341 string_attrib-name_attrib-gen-attrib $-1 -1 $-1 $-1 $2231 2 1 1 1 1 1 1 1 1 1 1 1 1 1 0 1 1 1 @17 ATTRIB_XACIS_NAME @5 2:782 #
-2342 loop $-1 -1 -1 $-1 $-1 $2428 $2231 T 1.1334999999999995 -0.75544257269840698 0.60418398840748666 1.1335000000000017 0 0.99999999999999978 unknown #
-2343 point $-1 -1 -1 $-1 1.0876000000000001 -0.65819287455346254 -0.59906772562628496 #
-2344 coedge $-1 -1 -1 $-1 $2429 $2430 $2236 $2345 forward $2431 $-1 #
-2345 edge $2432 233571 -1 $-1 $2350 -0.022950000000001358 $2406 0.022950000000000026 $2344 $2433 forward @7 unknown T 0.93849999999999856 0 -0.90000000000000013 0.98439999999999994 0 -0.90000000000000013 #
-2346 coedge $-1 -1 -1 $-1 $2422 $2237 $2430 $2434 reversed $2348 $-1 #
-2347 coedge $-1 -1 -1 $-1 $2237 $2422 $2239 $2352 reversed $2348 $-1 #
-2348 loop $-1 -1 -1 $-1 $-1 $2237 $2435 T 0.938499999999997 -0.75544257269840775 -0.99999999999999967 0.93850000000000033 0 -0.60418398840748666 unknown #
-2349 string_attrib-name_attrib-gen-attrib $-1 -1 $-1 $-1 $2238 2 1 1 1 1 1 1 1 1 1 1 1 1 1 0 1 1 1 @17 ATTRIB_XACIS_NAME @6 2:1253 #
-2350 vertex $-1 -1 -1 $-1 $2345 $2436 #
-2351 straight-curve $-1 -1 -1 $-1 0.93849999999999922 0 0.48479999999999912 1.4608197692436258e-15 -0 1 I I #
-2352 edge $2437 233909 -1 $-1 $2242 -3.1415926535897931 $2426 -2.2852633349187359 $2239 $2438 forward @7 unknown T 0.93849999999999845 -0.75544257269840709 -0.99999999999999967 0.93850000000000033 0 -0.65521486502887827 #
-2353 face $2439 233550 -1 $-1 $2440 $2240 $4 $-1 $2441 forward single T 0.93849999999999845 -0.75544257269840709 -0.99999999999999967 1.1335000000000002 0 -0.65521486502887827 F #
-2354 point $-1 -1 -1 $-1 0.93849999999999845 0 -0.99999999999999967 #
-2355 point $-1 -1 -1 $-1 1.0876000000000001 -0.69135091633756973 0.56047650305717767 #
-2356 string_attrib-name_attrib-gen-attrib $-1 -1 $-1 $-1 $2260 2 1 1 1 1 1 1 1 1 1 1 1 1 1 0 1 1 1 @17 ATTRIB_XACIS_NAME @7 1:17157 #
-2357 ellipse-curve $-1 -1 -1 $-1 0.88759999999999994 0 -5.5511151231257827e-17 1 0 0 0 0 0.90000000000000002 1 I I #
-2358 coedge $-1 -1 -1 $-1 $2442 $2268 $2393 $2443 reversed $50 $-1 #
-2359 edge $2444 233654 -1 $-1 $2399 -0.74839999999999995 $2310 -0.7024999999999999 $2268 $1994 forward @7 unknown T 0.88760000000000017 -0.66705450163537772 0.60418398840748677 0.93350000000000022 -0.66705450163537761 0.60418398840748677 #
-2360 string_attrib-name_attrib-gen-attrib $-1 -1 $-1 $-1 $2269 2 1 1 1 1 1 1 1 1 1 1 1 1 1 0 1 1 1 @17 ATTRIB_XACIS_NAME @7 1:18168 #
-2361 straight-curve $-1 -1 -1 $-1 0.93349999999999955 -0.46170703465517909 0.48562657306906115 -7.3040988462181258e-16 0.86602540378443782 -0.49999999999999978 I I #
-2362 coedge $-1 -1 -1 $-1 $2272 $2445 $2375 $2446 forward $50 $-1 #
-2363 edge $2447 233668 -1 $-1 $2381 -0.021700000000000046 $2293 0.17329999999999951 $2272 $2448 forward @7 unknown T 1.1385000000000001 -0.75544257269840698 0.65521486502887838 1.3334999999999997 -0.75544257269840687 0.65521486502887849 #
-2364 string_attrib-name_attrib-gen-attrib $-1 -1 $-1 $-1 $2273 2 1 1 1 1 1 1 1 1 1 1 1 1 1 0 1 1 1 @17 ATTRIB_XACIS_NAME @7 1:18186 #
-2365 straight-curve $-1 -1 -1 $-1 1.3334999999999995 -0.46170703465517893 0.4856265730690611 -7.3040988462181258e-16 0.86602540378443782 -0.49999999999999978 I I #
-2366 coedge $-1 -1 -1 $-1 $2449 $2279 $2450 $2451 reversed $15 $-1 #
-2367 coedge $-1 -1 -1 $-1 $2452 $2453 $2279 $2368 forward $2454 $-1 #
-2368 edge $2455 233610 -1 $-1 $2456 0.88999999999999979 $2373 0.8999999999999998 $2367 $2457 forward @7 unknown T 1.1843999999999999 0 0.8899999999999999 1.1843999999999999 0 0.89999999999999991 #
-2369 coedge $-1 -1 -1 $-1 $2458 $2280 $2283 $2376 forward $2371 $-1 #
-2370 coedge $-1 -1 -1 $-1 $2280 $2458 $2452 $2459 reversed $2371 $-1 #
-2371 loop $-1 -1 -1 $-1 $-1 $2280 $2460 T 1.1385000000000001 -0.66705450163537772 0.60418398840748666 1.1843999999999999 0 0.89999999999999991 unknown #
-2372 string_attrib-name_attrib-gen-attrib $-1 -1 $-1 $-1 $2281 2 1 1 1 1 1 1 1 1 1 1 1 1 1 0 1 1 1 @17 ATTRIB_XACIS_NAME @6 2:1115 #
-2373 vertex $-1 -1 -1 $-1 $2281 $2461 #
-2374 straight-curve $-1 -1 -1 $-1 1.1614499999999999 0 0.89999999999999991 -1 -0 -0 I I #
-2375 coedge $-1 -1 -1 $-1 $2283 $2282 $2362 $2446 reversed $2284 $-1 #
-2376 edge $2462 233896 -1 $-1 $2286 0 $2463 0.83481401285155954 $2283 $1456 forward @7 unknown T 1.1385000000000001 -0.66705450163537761 0.60418398840748666 1.1385000000000014 0 0.89999999999999991 #
-2377 face $2464 233534 -1 $-1 $2323 $2284 $4 $-1 $1036 reversed single T 1.1384999999999994 -0.75544257269840687 0.60418398840748655 1.1385000000000016 0 0.99999999999999978 F #
-2378 point $-1 -1 -1 $-1 1.1385000000000014 0 0.89999999999999991 #
-2379 pcurve $-1 -1 -1 $-1 0 forward { exppc nubs 1 open 2 
	-0.17329999999999951 1 0.021700000000000046 1 
	0.12549999999999956 0.85632931867105722 
	-0.069499999999999923 0.85632931867105722 
	0 
	0 
	cone 1.208 0 0 1 0 0 0 0 0.99999999999999967 1 I I 0 -1 0.99999999999999967 forward I I I I 
	} 0 6.2831853071795862 #
-2380 string_attrib-name_attrib-gen-attrib $-1 -1 $-1 $-1 $2289 2 1 1 1 1 1 1 1 1 1 1 1 1 1 0 1 1 1 @17 ATTRIB_XACIS_NAME @6 2:1601 #
-2381 vertex $-1 -1 -1 $-1 $2363 $2465 #
-2382 string_attrib-name_attrib-gen-attrib $-1 -1 $-1 $-1 $2290 2 1 1 1 1 1 1 1 1 1 1 1 1 1 0 1 1 1 @17 ATTRIB_XACIS_NAME @5 2:600 #
-2383 point $-1 -1 -1 $-1 1.3334999999999997 -0.75544257269840698 0.65521486502887849 #
-2384 coedge $-1 -1 -1 $-1 $2296 $2466 $2467 $2468 reversed $15 $-1 #
-2385 coedge $-1 -1 -1 $-1 $2469 $2470 $2296 $2386 forward $2471 $-1 #
-2386 edge $2472 233618 -1 $-1 $2391 0.88999999999999979 $2473 0.8999999999999998 $2385 $2474 forward @7 unknown T 0.98439999999999994 0 0.8899999999999999 0.98439999999999994 0 0.89999999999999991 #
-2387 coedge $-1 -1 -1 $-1 $2475 $2297 $2470 $2476 forward $2389 $-1 #
-2388 coedge $-1 -1 -1 $-1 $2297 $2475 $2299 $2394 reversed $2389 $-1 #
-2389 loop $-1 -1 -1 $-1 $-1 $2297 $2477 T 0.88759999999999994 -0.65819287455346254 0.59906772562628496 0.98440000000000005 0 0.8899999999999999 unknown #
-2390 string_attrib-name_attrib-gen-attrib $-1 -1 $-1 $-1 $2298 2 1 1 1 1 1 1 1 1 1 1 1 1 1 0 1 1 1 @17 ATTRIB_XACIS_NAME @6 2:1118 #
-2391 vertex $-1 -1 -1 $-1 $2298 $2478 #
-2392 straight-curve $-1 -1 -1 $-1 0.94520000000000004 0 0.8899999999999999 1 -0 -0 I I #
-2393 coedge $-1 -1 -1 $-1 $2300 $2299 $2358 $2443 forward $2301 $-1 #
-2394 edge $2479 233898 -1 $-1 $2303 0 $2480 0.83239050601679687 $2388 $2416 forward @7 unknown T 0.88759999999999994 -0.65819287455346254 0.59906772562628496 0.88760000000000017 0 0.8899999999999999 #
-2395 face $2481 233536 -1 $-1 $2460 $2301 $4 $-1 $2418 forward single T 0.88759999999999994 -0.66705450163537761 0.59906772562628463 0.88760000000000017 0 0.89999999999999991 F #
-2396 point $-1 -1 -1 $-1 0.88759999999999994 0 0.8899999999999999 #
-2397 pcurve $-1 -1 -1 $-1 0 forward { exppc nubs 1 open 2 
	-0.74839999999999995 1 -0.7024999999999999 1 
	1.7453151618398639 0.83481401285155954 
	1.6964437819420786 0.83481401285155954 
	0 
	0 
	cone 2.5267999999999997 0 -5.5511151231257827e-17 1 0 0 0 0 0.90000000000000002 1 I I 0 1 0.93919999999999959 reversed I I I I 
	} 0 6.2831853071795862 #
-2398 string_attrib-name_attrib-gen-attrib $-1 -1 $-1 $-1 $2306 2 1 1 1 1 1 1 1 1 1 1 1 1 1 0 1 1 1 @17 ATTRIB_XACIS_NAME @6 2:1617 #
-2399 vertex $-1 -1 -1 $-1 $2359 $2482 #
-2400 string_attrib-name_attrib-gen-attrib $-1 -1 $-1 $-1 $2307 2 1 1 1 1 1 1 1 1 1 1 1 1 1 0 1 1 1 @17 ATTRIB_XACIS_NAME @5 2:613 #
-2401 point $-1 -1 -1 $-1 0.93350000000000022 -0.66705450163537772 0.60418398840748677 #
-2402 coedge $-1 -1 -1 $-1 $2483 $2313 $2316 $2409 reversed $2404 $-1 #
-2403 coedge $-1 -1 -1 $-1 $2313 $2483 $2429 $2484 forward $2404 $-1 #
-2404 loop $-1 -1 -1 $-1 $-1 $2313 $2485 T 0.98439999999999994 -0.66705450163537761 -0.90000000000000013 0.98439999999999994 0 -0.59906772562628463 unknown #
-2405 string_attrib-name_attrib-gen-attrib $-1 -1 $-1 $-1 $2314 2 1 1 1 1 1 1 1 1 1 1 1 1 1 0 1 1 1 @17 ATTRIB_XACIS_NAME @6 2:1241 #
-2406 vertex $-1 -1 -1 $-1 $2314 $2486 #
-2407 straight-curve $-1 -1 -1 $-1 0.98439999999999994 0 9.9719049581450638e-17 0 0 1 I I #
-2408 coedge $-1 -1 -1 $-1 $2316 $2315 $2487 $2488 forward $2317 $2489 #
-2409 edge $2490 233900 -1 $-1 $2491 2.3092021475729956 $2319 3.1415926535897931 $2316 $1716 forward @7 unknown T 0.98439999999999994 -0.65819287455346287 -0.89000000000000012 0.98439999999999994 0 -0.59906772562628463 #
-2410 face $2492 233538 -1 $-1 $2477 $2317 $4 $-1 $2493 forward single T 0.88759999999999994 -0.65819287455346287 -0.89000000000000012 0.98440000000000005 0 -0.59906772562628463 F #
-2411 point $-1 -1 -1 $-1 0.98439999999999994 0 -0.89000000000000012 #
-2412 coedge $-1 -1 -1 $-1 $2325 $2487 $2321 $2413 reversed $255 $-1 #
-2413 edge $2494 233815 -1 $-1 $2329 -0.86922626237984857 $2415 -0.85899373681744506 $2321 $2495 forward @7 unknown T 0.88759999999999994 -0.66705450163537761 -0.60418398840748677 0.88760000000000017 -0.65819287455346198 -0.59906772562628463 #
-2414 string_attrib-name_attrib-gen-attrib $-1 -1 $-1 $-1 $2322 2 1 1 1 1 1 1 1 1 1 1 1 1 1 0 1 1 1 @17 ATTRIB_XACIS_NAME @6 2:1640 #
-2415 vertex $-1 -1 -1 $-1 $2322 $2496 #
-2416 ellipse-curve $-1 -1 -1 $-1 0.88759999999999994 0 -5.5511151231257827e-17 1 0 0 0 0 0.89000000000000001 1 I I #
-2417 string_attrib-name_attrib-gen-attrib $-1 -1 $-1 $-1 $2323 2 1 1 1 1 1 1 1 1 1 1 1 1 1 0 1 1 1 @17 ATTRIB_XACIS_NAME @5 2:636 #
-2418 plane-surface $-1 -1 -1 $-1 0.88759999999999994 0.90000000000000002 -2.2083846911615051e-16 -1 0 0 0 0 1 forward_v I I I I #
-2419 string_attrib-name_attrib-gen-attrib $-1 -1 $-1 $-1 $2326 2 1 1 1 1 1 1 1 1 1 1 1 1 1 0 1 1 1 @17 ATTRIB_XACIS_NAME @7 1:16962 #
-2420 point $-1 -1 -1 $-1 0.88760000000000017 -0.66705450163537761 -0.60418398840748677 #
-2421 coedge $-1 -1 -1 $-1 $2497 $2335 $2498 $2499 reversed $255 $-1 #
-2422 coedge $-1 -1 -1 $-1 $2347 $2346 $2335 $2423 reversed $2348 $-1 #
-2423 edge $2500 233811 -1 $-1 $2426 -0.82397658391963524 $2501 -0.72191483067685192 $2335 $2502 forward @7 unknown T 0.93849999999999756 -0.75544257269840775 -0.65521486502887893 0.93850000000000033 -0.66705450163537772 -0.60418398840748677 #
-2424 pcurve $-1 -1 -1 $-1 0 forward { exppc nubs 1 open 2 
	-0.021699999999999713 1 0.17329999999999773 1 
	-0.069499999999999812 2.2852633349187359 
	0.12549999999999756 2.2852633349187359 
	0 
	0 
	cone 1.008 0 0 1 0 0 0 0 0.99999999999999967 1 I I 0 -1 0.99999999999999967 forward I I I I 
	} 0 0 #
-2425 string_attrib-name_attrib-gen-attrib $-1 -1 $-1 $-1 $2337 2 1 1 1 1 1 1 1 1 1 1 1 1 1 0 1 1 1 @17 ATTRIB_XACIS_NAME @7 1:18309 #
-2426 vertex $-1 -1 -1 $-1 $2337 $2503 #
-2427 straight-curve $-1 -1 -1 $-1 0.96019999999999994 -0.75544257269840698 -0.65521486502887849 -0.99999999999999933 -0 -0 I I #
-2428 coedge $-1 -1 -1 $-1 $2504 $2505 $2506 $2507 forward $2342 $-1 #
-2429 coedge $-1 -1 -1 $-1 $2498 $2344 $2403 $2484 reversed $2431 $-1 #
-2430 coedge $-1 -1 -1 $-1 $2344 $2498 $2346 $2434 forward $2431 $-1 #
-2431 loop $-1 -1 -1 $-1 $-1 $2344 $2508 T 0.93849999999999856 -0.66705450163537772 -0.90000000000000013 0.98440000000000005 0 -0.60418398840748666 unknown #
-2432 string_attrib-name_attrib-gen-attrib $-1 -1 $-1 $-1 $2345 2 1 1 1 1 1 1 1 1 1 1 1 1 1 0 1 1 1 @17 ATTRIB_XACIS_NAME @6 2:1247 #
-2433 straight-curve $-1 -1 -1 $-1 0.96144999999999992 0 -0.90000000000000013 1 0 0 I I #
-2434 edge $2509 233906 -1 $-1 $2501 2.3067786407382336 $2350 3.1415926535897931 $2346 $2510 forward @7 unknown T 0.93849999999999856 -0.66705450163537772 -0.90000000000000013 0.93850000000000011 0 -0.60418398840748666 #
-2435 face $2511 233547 -1 $-1 $2512 $2348 $4 $-1 $2513 reversed single T 0.938499999999997 -0.75544257269840775 -0.99999999999999967 0.93850000000000033 0 -0.60418398840748666 F #
-2436 point $-1 -1 -1 $-1 0.93849999999999856 0 -0.90000000000000013 #
-2437 string_attrib-name_attrib-gen-attrib $-1 -1 $-1 $-1 $2352 2 1 1 1 1 1 1 1 1 1 1 1 1 1 0 1 1 1 @17 ATTRIB_XACIS_NAME @6 2:1750 #
-2438 ellipse-curve $-1 -1 -1 $-1 0.93849999999999989 0 0 -1 0 1.4608197692436258e-15 0 0 0.99999999999999967 1 I I #
-2439 string_attrib-name_attrib-gen-attrib $-1 -1 $-1 $-1 $2353 2 1 1 1 1 1 1 1 1 1 1 1 1 1 0 1 1 1 @17 ATTRIB_XACIS_NAME @5 2:766 #
-2440 face $2514 233551 -1 $-1 $2090 $2515 $4 $-1 $2441 forward single T 0.93849999999999989 -0.75544257269840698 0.65521486502887838 1.1335000000000017 0 0.99999999999999967 F #
-2441 cone-surface $-1 -1 -1 $-1 1.008 0 0 1 0 0 0 0 0.99999999999999967 1 I I 0 -1 0.99999999999999967 forward I I I I #
-2442 coedge $-1 -1 -1 $-1 $2516 $2358 $2475 $2517 reversed $50 $-1 #
-2443 edge $2518 233655 -1 $-1 $2480 0.85899373681744529 $2399 0.86922626237984868 $2393 $2519 forward @7 unknown T 0.88759999999999994 -0.66705450163537761 0.59906772562628463 0.88760000000000017 -0.65819287455346209 0.60418398840748677 #
-2444 string_attrib-name_attrib-gen-attrib $-1 -1 $-1 $-1 $2359 2 1 1 1 1 1 1 1 1 1 1 1 1 1 0 1 1 1 @17 ATTRIB_XACIS_NAME @7 1:16968 #
-2445 coedge $-1 -1 -1 $-1 $2362 $2520 $2458 $2521 reversed $50 $-1 #
-2446 edge $2522 233667 -1 $-1 $2463 0.23711483067685099 $2381 0.33917658391963434 $2362 $2523 forward @7 unknown T 1.1384999999999994 -0.75544257269840687 0.60418398840748655 1.1385000000000001 -0.66705450163537749 0.65521486502887838 #
-2447 string_attrib-name_attrib-gen-attrib $-1 -1 $-1 $-1 $2363 2 1 1 1 1 1 1 1 1 1 1 1 1 1 0 1 1 1 @17 ATTRIB_XACIS_NAME @7 1:18183 #
-2448 straight-curve $-1 -1 -1 $-1 1.1602000000000001 -0.75544257269840698 0.65521486502887849 0.99999999999999933 0 0 I I #
-2449 coedge $-1 -1 -1 $-1 $2524 $2366 $2525 $2526 reversed $15 $-1 #
-2450 coedge $-1 -1 -1 $-1 $2527 $2528 $2366 $2451 forward $2529 $-1 #
-2451 edge $2530 233611 -1 $-1 $2531 -0.057599999999999874 $2456 0.039199999999999902 $2450 $2532 forward @7 unknown T 1.0876000000000001 0 0.8899999999999999 1.1843999999999999 0 0.8899999999999999 #
-2452 coedge $-1 -1 -1 $-1 $2533 $2367 $2370 $2459 forward $2454 $-1 #
-2453 coedge $-1 -1 -1 $-1 $2367 $2533 $2527 $2534 reversed $2454 $-1 #
-2454 loop $-1 -1 -1 $-1 $-1 $2367 $2535 T 1.1843999999999999 -0.66705450163537761 0.59906772562628485 1.1843999999999999 0 0.89999999999999991 unknown #
-2455 string_attrib-name_attrib-gen-attrib $-1 -1 $-1 $-1 $2368 2 1 1 1 1 1 1 1 1 1 1 1 1 1 0 1 1 1 @17 ATTRIB_XACIS_NAME @6 2:1121 #
-2456 vertex $-1 -1 -1 $-1 $2368 $2536 #
-2457 straight-curve $-1 -1 -1 $-1 1.1843999999999999 0 9.9719049581450638e-17 0 0 1 I I #
-2458 coedge $-1 -1 -1 $-1 $2370 $2369 $2445 $2521 forward $2371 $-1 #
-2459 edge $2537 233899 -1 $-1 $2373 0 $2538 0.83481401285155954 $2370 $1452 forward @7 unknown T 1.1843999999999999 -0.66705450163537761 0.60418398840748666 1.1843999999999999 0 0.89999999999999991 #
-2460 face $2539 233537 -1 $-1 $2410 $2371 $4 $-1 $450 reversed single T 1.1385000000000001 -0.66705450163537772 0.60418398840748666 1.1843999999999999 0 0.89999999999999991 F #
-2461 point $-1 -1 -1 $-1 1.1843999999999999 0 0.89999999999999991 #
-2462 string_attrib-name_attrib-gen-attrib $-1 -1 $-1 $-1 $2376 2 1 1 1 1 1 1 1 1 1 1 1 1 1 0 1 1 1 @17 ATTRIB_XACIS_NAME @6 2:1630 #
-2463 vertex $-1 -1 -1 $-1 $2521 $2540 #
-2464 string_attrib-name_attrib-gen-attrib $-1 -1 $-1 $-1 $2377 2 1 1 1 1 1 1 1 1 1 1 1 1 1 0 1 1 1 @17 ATTRIB_XACIS_NAME @5 2:626 #
-2465 point $-1 -1 -1 $-1 1.1385000000000001 -0.75544257269840687 0.65521486502887838 #
-2466 coedge $-1 -1 -1 $-1 $2384 $2541 $2542 $2543 reversed $15 $-1 #
-2467 coedge $-1 -1 -1 $-1 $2544 $2545 $2384 $2468 forward $2546 $-1 #
-2468 edge $2547 233617 -1 $-1 $2473 -0.022950000000000026 $2548 0.022949999999998694 $2467 $2549 forward @7 unknown T 0.93850000000000122 0 0.89999999999999991 0.98439999999999994 0 0.89999999999999991 #
-2469 coedge $-1 -1 -1 $-1 $2550 $2385 $2545 $2551 forward $2471 $-1 #
-2470 coedge $-1 -1 -1 $-1 $2385 $2550 $2387 $2476 reversed $2471 $-1 #
-2471 loop $-1 -1 -1 $-1 $-1 $2385 $2552 T 0.98439999999999994 -0.66705450163537761 0.59906772562628485 0.98439999999999994 0 0.89999999999999991 unknown #
-2472 string_attrib-name_attrib-gen-attrib $-1 -1 $-1 $-1 $2386 2 1 1 1 1 1 1 1 1 1 1 1 1 1 0 1 1 1 @17 ATTRIB_XACIS_NAME @6 2:1124 #
-2473 vertex $-1 -1 -1 $-1 $2386 $2553 #
-2474 straight-curve $-1 -1 -1 $-1 0.98439999999999994 0 9.9719049581450638e-17 0 0 1 I I #
-2475 coedge $-1 -1 -1 $-1 $2388 $2387 $2442 $2517 forward $2389 $2554 #
-2476 edge $2555 233901 -1 $-1 $2391 0 $2556 0.83239050601679687 $2387 $1716 forward @7 unknown T 0.98439999999999994 -0.65819287455346254 0.59906772562628496 0.98439999999999994 0 0.8899999999999999 #
-2477 face $2557 233539 -1 $-1 $2535 $2389 $4 $-1 $2493 forward single T 0.88759999999999994 -0.65819287455346254 0.59906772562628496 0.98440000000000005 0 0.8899999999999999 F #
-2478 point $-1 -1 -1 $-1 0.98439999999999994 0 0.8899999999999999 #
-2479 string_attrib-name_attrib-gen-attrib $-1 -1 $-1 $-1 $2394 2 1 1 1 1 1 1 1 1 1 1 1 1 1 0 1 1 1 @17 ATTRIB_XACIS_NAME @6 2:1643 #
-2480 vertex $-1 -1 -1 $-1 $2443 $2558 #
-2481 string_attrib-name_attrib-gen-attrib $-1 -1 $-1 $-1 $2395 2 1 1 1 1 1 1 1 1 1 1 1 1 1 0 1 1 1 @17 ATTRIB_XACIS_NAME @5 2:639 #
-2482 point $-1 -1 -1 $-1 0.88760000000000017 -0.66705450163537761 0.60418398840748677 #
-2483 coedge $-1 -1 -1 $-1 $2403 $2402 $2497 $2559 forward $2404 $-1 #
-2484 edge $2560 233903 -1 $-1 $2561 2.3067786407382336 $2406 3.1415926535897931 $2429 $1721 forward @7 unknown T 0.98439999999999994 -0.66705450163537761 -0.90000000000000013 0.98439999999999994 0 -0.60418398840748666 #
-2485 face $2562 233541 -1 $-1 $2552 $2404 $4 $-1 $859 forward single T 0.98439999999999994 -0.66705450163537761 -0.90000000000000013 0.98439999999999994 0 -0.59906772562628463 F #
-2486 point $-1 -1 -1 $-1 0.98439999999999994 0 -0.90000000000000013 #
-2487 coedge $-1 -1 -1 $-1 $2412 $2497 $2408 $2488 reversed $255 $-1 #
-2488 edge $2563 233814 -1 $-1 $2415 -0.024199999999999555 $2491 0.072600000000000331 $2408 $2564 forward @7 unknown T 0.88760000000000017 -0.65819287455346265 -0.59906772562628496 0.98440000000000005 -0.65819287455346254 -0.59906772562628496 #
-2489 pcurve $-1 -1 -1 $-1 0 forward { exppc nubs 1 open 2 
	-0.024199999999999555 1 0.072600000000000331 1 
	-0.061328790459965823 2.3092021475729956 
	0.0417376490630324 2.3092021475729956 
	0 
	0 
	cone 0.94520000000000004 0 -5.5511151231257827e-17 1 0 0 0 0 0.89000000000000001 1 I I 0 -1 0.93919999999999959 forward I I I I 
	} 0 -6.2831853071795862 #
-2490 string_attrib-name_attrib-gen-attrib $-1 -1 $-1 $-1 $2409 2 1 1 1 1 1 1 1 1 1 1 1 1 1 0 1 1 1 @17 ATTRIB_XACIS_NAME @6 2:1666 #
-2491 vertex $-1 -1 -1 $-1 $2409 $2565 #
-2492 string_attrib-name_attrib-gen-attrib $-1 -1 $-1 $-1 $2410 2 1 1 1 1 1 1 1 1 1 1 1 1 1 0 1 1 1 @17 ATTRIB_XACIS_NAME @5 2:662 #
-2493 cone-surface $-1 -1 -1 $-1 0.94520000000000004 0 -5.5511151231257827e-17 1 0 0 0 0 0.89000000000000001 1 I I 0 -1 0.93919999999999959 forward I I I I #
-2494 string_attrib-name_attrib-gen-attrib $-1 -1 $-1 $-1 $2413 2 1 1 1 1 1 1 1 1 1 1 1 1 1 0 1 1 1 @17 ATTRIB_XACIS_NAME @7 1:17763 #
-2495 straight-curve $-1 -1 -1 $-1 0.88759999999999994 0.085717523222168981 -0.16957085721756229 0 0.86602540378443782 0.49999999999999978 I I #
-2496 point $-1 -1 -1 $-1 0.88760000000000017 -0.65819287455346254 -0.59906772562628496 #
-2497 coedge $-1 -1 -1 $-1 $2487 $2421 $2483 $2559 reversed $255 $-1 #
-2498 coedge $-1 -1 -1 $-1 $2430 $2429 $2421 $2499 forward $2431 $2566 #
-2499 edge $2567 233812 -1 $-1 $2561 0.65160000000000007 $2501 0.69750000000000001 $2421 $2087 forward @7 unknown T 0.93850000000000011 -0.66705450163537772 -0.60418398840748677 0.98440000000000005 -0.66705450163537761 -0.60418398840748677 #
-2500 string_attrib-name_attrib-gen-attrib $-1 -1 $-1 $-1 $2423 2 1 1 1 1 1 1 1 1 1 1 1 1 1 0 1 1 1 @17 ATTRIB_XACIS_NAME @7 1:18312 #
-2501 vertex $-1 -1 -1 $-1 $2423 $2568 #
-2502 straight-curve $-1 -1 -1 $-1 0.93849999999999811 -0.041857918900482682 -0.24322657306906081 7.3040988462181386e-16 0.86602540378443926 0.50000000000000067 I I #
-2503 point $-1 -1 -1 $-1 0.93850000000000033 -0.75544257269840698 -0.65521486502887849 #
-2504 coedge $-1 -1 -1 $-1 $2569 $2428 $2570 $2571 reversed $2342 $-1 #
-2505 coedge $-1 -1 -1 $-1 $2428 $2569 $2572 $2573 reversed $2342 $-1 #
-2506 coedge $-1 -1 -1 $-1 $2541 $2524 $2428 $2507 reversed $15 $-1 #
-2507 edge $2574 233614 -1 $-1 $2575 -0.51520000000000077 $2576 -0.41520000000000096 $2428 $2577 forward @7 unknown T 1.1335000000000002 0 0.89999999999999991 1.1335000000000017 0 0.99999999999999978 #
-2508 face $2578 233544 -1 $-1 $2579 $2431 $4 $-1 $450 reversed single T 0.93849999999999856 -0.66705450163537772 -0.90000000000000013 0.98440000000000005 0 -0.60418398840748666 F #
-2509 string_attrib-name_attrib-gen-attrib $-1 -1 $-1 $-1 $2434 2 1 1 1 1 1 1 1 1 1 1 1 1 1 0 1 1 1 @17 ATTRIB_XACIS_NAME @6 2:1718 #
-2510 ellipse-curve $-1 -1 -1 $-1 0.93849999999999989 0 -5.5511151231257827e-17 1 0 -1.4608197692436258e-15 0 0 0.90000000000000002 1 I I #
-2511 string_attrib-name_attrib-gen-attrib $-1 -1 $-1 $-1 $2435 2 1 1 1 1 1 1 1 1 1 1 1 1 1 0 1 1 1 @17 ATTRIB_XACIS_NAME @5 2:740 #
-2512 face $2580 233548 -1 $-1 $2581 $2582 $4 $-1 $2513 reversed single T 0.93849999999999967 -0.75544257269840687 0.60418398840748655 0.93850000000000133 0 0.99999999999999967 F #
-2513 plane-surface $-1 -1 -1 $-1 0.93849999999999989 0 0.96959999999999957 -1 0 1.4608197692436258e-15 -1.1686558153949007e-15 0 -0.80000000000000004 forward_v I I I I #
-2514 string_attrib-name_attrib-gen-attrib $-1 -1 $-1 $-1 $2440 2 1 1 1 1 1 1 1 1 1 1 1 1 1 0 1 1 1 @17 ATTRIB_XACIS_NAME @5 2:769 #
-2515 loop $-1 -1 -1 $-1 $-1 $2583 $2440 T 0.93849999999999989 -0.75544257269840698 0.65521486502887838 1.1335000000000017 0 0.99999999999999967 unknown #
-2516 coedge $-1 -1 -1 $-1 $2584 $2442 $2550 $2585 reversed $50 $-1 #
-2517 edge $2586 233656 -1 $-1 $2556 -0.072600000000000331 $2480 0.024199999999999555 $2475 $2587 forward @7 unknown T 0.88760000000000017 -0.65819287455346254 0.59906772562628496 0.98440000000000005 -0.65819287455346254 0.59906772562628496 #
-2518 string_attrib-name_attrib-gen-attrib $-1 -1 $-1 $-1 $2443 2 1 1 1 1 1 1 1 1 1 1 1 1 1 0 1 1 1 @17 ATTRIB_XACIS_NAME @7 1:17760 #
-2519 straight-curve $-1 -1 -1 $-1 0.88759999999999994 0.085717523222169065 0.16957085721756221 0 -0.86602540378443782 0.49999999999999978 I I #
-2520 coedge $-1 -1 -1 $-1 $2445 $2588 $2533 $2589 reversed $50 $-1 #
-2521 edge $2590 233666 -1 $-1 $2463 -0.49750000000000005 $2538 -0.45160000000000022 $2445 $2275 forward @7 unknown T 1.1385000000000001 -0.66705450163537772 0.60418398840748677 1.1843999999999999 -0.66705450163537761 0.60418398840748677 #
-2522 string_attrib-name_attrib-gen-attrib $-1 -1 $-1 $-1 $2446 2 1 1 1 1 1 1 1 1 1 1 1 1 1 0 1 1 1 @17 ATTRIB_XACIS_NAME @7 1:18180 #
-2523 straight-curve $-1 -1 -1 $-1 1.1384999999999992 -0.46170703465517898 0.48562657306906115 7.3040988462181258e-16 -0.86602540378443782 0.49999999999999978 I I #
-2524 coedge $-1 -1 -1 $-1 $2506 $2449 $2591 $2592 reversed $15 $-1 #
-2525 coedge $-1 -1 -1 $-1 $2593 $2594 $2449 $2526 forward $2595 $-1 #
-2526 edge $2596 233612 -1 $-1 $2597 -0.90000000000000002 $2531 -0.89000000000000001 $2525 $2598 forward @7 unknown T 1.0876000000000001 0 0.8899999999999999 1.0876000000000001 0 0.89999999999999991 #
-2527 coedge $-1 -1 -1 $-1 $2599 $2450 $2453 $2534 forward $2529 $-1 #
-2528 coedge $-1 -1 -1 $-1 $2450 $2599 $2593 $2600 reversed $2529 $-1 #
-2529 loop $-1 -1 -1 $-1 $-1 $2450 $2601 T 1.0876000000000001 -0.65819287455346254 0.59906772562628496 1.1843999999999999 0 0.8899999999999999 unknown #
-2530 string_attrib-name_attrib-gen-attrib $-1 -1 $-1 $-1 $2451 2 1 1 1 1 1 1 1 1 1 1 1 1 1 0 1 1 1 @17 ATTRIB_XACIS_NAME @6 2:1127 #
-2531 vertex $-1 -1 -1 $-1 $2451 $2602 #
-2532 straight-curve $-1 -1 -1 $-1 1.1452 0 0.8899999999999999 1 -0 -0 I I #
-2533 coedge $-1 -1 -1 $-1 $2453 $2452 $2520 $2589 forward $2454 $-1 #
-2534 edge $2603 233902 -1 $-1 $2456 0 $2604 0.83239050601679687 $2527 $1931 forward @7 unknown T 1.1843999999999999 -0.65819287455346254 0.59906772562628496 1.1843999999999999 0 0.8899999999999999 #
-2535 face $2605 233540 -1 $-1 $2485 $2454 $4 $-1 $1053 forward single T 1.1843999999999999 -0.66705450163537761 0.59906772562628485 1.1843999999999999 0 0.89999999999999991 F #
-2536 point $-1 -1 -1 $-1 1.1843999999999999 0 0.8899999999999999 #
-2537 string_attrib-name_attrib-gen-attrib $-1 -1 $-1 $-1 $2459 2 1 1 1 1 1 1 1 1 1 1 1 1 1 0 1 1 1 @17 ATTRIB_XACIS_NAME @6 2:1656 #
-2538 vertex $-1 -1 -1 $-1 $2589 $2606 #
-2539 string_attrib-name_attrib-gen-attrib $-1 -1 $-1 $-1 $2460 2 1 1 1 1 1 1 1 1 1 1 1 1 1 0 1 1 1 @17 ATTRIB_XACIS_NAME @5 2:652 #
-2540 point $-1 -1 -1 $-1 1.1385000000000001 -0.66705450163537761 0.60418398840748677 #
-2541 coedge $-1 -1 -1 $-1 $2466 $2506 $2583 $2607 reversed $15 $-1 #
-2542 coedge $-1 -1 -1 $-1 $2608 $2609 $2466 $2543 forward $2582 $-1 #
-2543 edge $2610 233616 -1 $-1 $2548 0.41520000000000079 $2611 0.51520000000000055 $2542 $2612 forward @7 unknown T 0.93849999999999978 0 0.89999999999999991 0.93850000000000133 0 0.99999999999999967 #
-2544 coedge $-1 -1 -1 $-1 $2613 $2467 $2609 $2614 forward $2546 $-1 #
-2545 coedge $-1 -1 -1 $-1 $2467 $2613 $2469 $2551 reversed $2546 $-1 #
-2546 loop $-1 -1 -1 $-1 $-1 $2467 $2579 T 0.93849999999999989 -0.66705450163537772 0.60418398840748666 0.98440000000000005 0 0.89999999999999991 unknown #
-2547 string_attrib-name_attrib-gen-attrib $-1 -1 $-1 $-1 $2468 2 1 1 1 1 1 1 1 1 1 1 1 1 1 0 1 1 1 @17 ATTRIB_XACIS_NAME @6 2:1130 #
-2548 vertex $-1 -1 -1 $-1 $2468 $2615 #
-2549 straight-curve $-1 -1 -1 $-1 0.96144999999999992 0 0.89999999999999991 -1 -0 -0 I I #
-2550 coedge $-1 -1 -1 $-1 $2470 $2469 $2516 $2585 forward $2471 $-1 #
-2551 edge $2616 233904 -1 $-1 $2473 0 $2617 0.83481401285155954 $2545 $1721 forward @7 unknown T 0.98439999999999994 -0.66705450163537761 0.60418398840748666 0.98439999999999994 0 0.89999999999999991 #
-2552 face $2618 233542 -1 $-1 $2601 $2471 $4 $-1 $859 forward single T 0.98439999999999994 -0.66705450163537761 0.59906772562628485 0.98439999999999994 0 0.89999999999999991 F #
-2553 point $-1 -1 -1 $-1 0.98439999999999994 0 0.89999999999999991 #
-2554 pcurve $-1 -1 -1 $-1 0 forward { exppc nubs 1 open 2 
	-0.072600000000000331 1 0.024199999999999555 1 
	0.0417376490630324 0.83239050601679687 
	-0.061328790459965823 0.83239050601679687 
	0 
	0 
	cone 0.94520000000000004 0 -5.5511151231257827e-17 1 0 0 0 0 0.89000000000000001 1 I I 0 -1 0.93919999999999959 forward I I I I 
	} 0 0 #
-2555 string_attrib-name_attrib-gen-attrib $-1 -1 $-1 $-1 $2476 2 1 1 1 1 1 1 1 1 1 1 1 1 1 0 1 1 1 @17 ATTRIB_XACIS_NAME @6 2:1669 #
-2556 vertex $-1 -1 -1 $-1 $2585 $2619 #
-2557 string_attrib-name_attrib-gen-attrib $-1 -1 $-1 $-1 $2477 2 1 1 1 1 1 1 1 1 1 1 1 1 1 0 1 1 1 @17 ATTRIB_XACIS_NAME @5 2:665 #
-2558 point $-1 -1 -1 $-1 0.88760000000000017 -0.65819287455346254 0.59906772562628496 #
-2559 edge $2620 233813 -1 $-1 $2491 0.07957087341145043 $2561 0.089803398973853948 $2483 $2621 forward @7 unknown T 0.98439999999999994 -0.66705450163537761 -0.60418398840748677 0.98439999999999994 -0.65819287455346243 -0.59906772562628496 #
-2560 string_attrib-name_attrib-gen-attrib $-1 -1 $-1 $-1 $2484 2 1 1 1 1 1 1 1 1 1 1 1 1 1 0 1 1 1 @17 ATTRIB_XACIS_NAME @6 2:1692 #
-2561 vertex $-1 -1 -1 $-1 $2499 $2622 #
-2562 string_attrib-name_attrib-gen-attrib $-1 -1 $-1 $-1 $2485 2 1 1 1 1 1 1 1 1 1 1 1 1 1 0 1 1 1 @17 ATTRIB_XACIS_NAME @5 2:688 #
-2563 string_attrib-name_attrib-gen-attrib $-1 -1 $-1 $-1 $2488 2 1 1 1 1 1 1 1 1 1 1 1 1 1 0 1 1 1 @17 ATTRIB_XACIS_NAME @7 1:17754 #
-2564 straight-curve $-1 -1 -1 $-1 0.91179999999999972 -0.65819287455346265 -0.59906772562628496 1 0 0 I I #
-2565 point $-1 -1 -1 $-1 0.98439999999999994 -0.65819287455346254 -0.59906772562628496 #
-2566 pcurve $-1 -1 -1 $-1 0 forward { exppc nubs 1 open 2 
	0.65160000000000007 1 0.69750000000000001 1 
	1.6422487223168658 2.3067786407382336 
	1.6911201022146511 2.3067786407382336 
	0 
	0 
	cone 2.5267999999999997 0 -5.5511151231257827e-17 1 0 0 0 0 0.90000000000000002 1 I I 0 1 0.93919999999999959 reversed I I I I 
	} 0 0 #
-2567 string_attrib-name_attrib-gen-attrib $-1 -1 $-1 $-1 $2499 2 1 1 1 1 1 1 1 1 1 1 1 1 1 0 1 1 1 @17 ATTRIB_XACIS_NAME @7 1:16998 #
-2568 point $-1 -1 -1 $-1 0.93850000000000011 -0.66705450163537772 -0.60418398840748677 #
-2569 coedge $-1 -1 -1 $-1 $2505 $2504 $2623 $2624 reversed $2342 $-1 #
-2570 coedge $-1 -1 -1 $-1 $2591 $2625 $2504 $2571 forward $2626 $-1 #
-2571 edge $2627 233911 -1 $-1 $2628 -0.83481401285155954 $2576 0 $2504 $1891 forward @7 unknown T 1.1335000000000002 -0.66705450163537772 0.60418398840748666 1.1335000000000015 0 0.89999999999999991 #
-2572 coedge $-1 -1 -1 $-1 $2629 $2583 $2505 $2573 forward $2515 $-1 #
-2573 edge $2630 233913 -1 $-1 $2575 0 $2631 0.85632931867105722 $2572 $2339 forward @7 unknown T 1.1334999999999997 -0.75544257269840698 0.65521486502887849 1.1335000000000017 0 0.99999999999999967 #
-2574 string_attrib-name_attrib-gen-attrib $-1 -1 $-1 $-1 $2507 2 1 1 1 1 1 1 1 1 1 1 1 1 1 0 1 1 1 @17 ATTRIB_XACIS_NAME @6 2:1145 #
-2575 vertex $-1 -1 -1 $-1 $2607 $2632 #
-2576 vertex $-1 -1 -1 $-1 $2592 $2633 #
-2577 straight-curve $-1 -1 -1 $-1 1.1334999999999995 0 0.48479999999999895 -1.4608197692436258e-15 0 -1 I I #
-2578 string_attrib-name_attrib-gen-attrib $-1 -1 $-1 $-1 $2508 2 1 1 1 1 1 1 1 1 1 1 1 1 1 0 1 1 1 @17 ATTRIB_XACIS_NAME @5 2:714 #
-2579 face $2634 233545 -1 $-1 $2635 $2546 $4 $-1 $450 reversed single T 0.93849999999999989 -0.66705450163537772 0.60418398840748666 0.98440000000000005 0 0.89999999999999991 F #
-2580 string_attrib-name_attrib-gen-attrib $-1 -1 $-1 $-1 $2512 2 1 1 1 1 1 1 1 1 1 1 1 1 1 0 1 1 1 @17 ATTRIB_XACIS_NAME @5 2:743 #
-2581 face $2636 233549 -1 $-1 $2353 $2626 $4 $-1 $450 reversed single T 1.0876000000000001 -0.66705450163537772 0.60418398840748666 1.1335000000000015 0 0.89999999999999991 F #
-2582 loop $-1 -1 -1 $-1 $-1 $2542 $2512 T 0.93849999999999967 -0.75544257269840687 0.60418398840748655 0.93850000000000133 0 0.99999999999999967 unknown #
-2583 coedge $-1 -1 -1 $-1 $2572 $2637 $2541 $2607 forward $2515 $-1 #
-2584 coedge $-1 -1 -1 $-1 $2638 $2516 $2613 $2639 reversed $50 $-1 #
-2585 edge $2640 233657 -1 $-1 $2617 -0.089803398973853851 $2556 -0.079570873411450332 $2550 $2641 forward @7 unknown T 0.98439999999999994 -0.66705450163537761 0.59906772562628485 0.98439999999999994 -0.65819287455346254 0.60418398840748677 #
-2586 string_attrib-name_attrib-gen-attrib $-1 -1 $-1 $-1 $2517 2 1 1 1 1 1 1 1 1 1 1 1 1 1 0 1 1 1 @17 ATTRIB_XACIS_NAME @7 1:17748 #
-2587 straight-curve $-1 -1 -1 $-1 0.91179999999999972 -0.65819287455346254 0.59906772562628496 -1 0 0 I I #
-2588 coedge $-1 -1 -1 $-1 $2520 $2642 $2599 $2643 reversed $50 $-1 #
-2589 edge $2644 233665 -1 $-1 $2538 -0.089803398973853851 $2604 -0.079570873411450332 $2533 $2645 forward @7 unknown T 1.1843999999999999 -0.66705450163537761 0.59906772562628485 1.1843999999999999 -0.65819287455346254 0.60418398840748677 #
-2590 string_attrib-name_attrib-gen-attrib $-1 -1 $-1 $-1 $2521 2 1 1 1 1 1 1 1 1 1 1 1 1 1 0 1 1 1 @17 ATTRIB_XACIS_NAME @7 1:17028 #
-2591 coedge $-1 -1 -1 $-1 $2646 $2570 $2524 $2592 forward $2626 $-1 #
-2592 edge $2647 233613 -1 $-1 $2576 -0.022950000000001358 $2597 0.022950000000000026 $2591 $2648 forward @7 unknown T 1.0876000000000001 0 0.89999999999999991 1.1335000000000015 0 0.89999999999999991 #
-2593 coedge $-1 -1 -1 $-1 $2649 $2525 $2528 $2600 forward $2595 $-1 #
-2594 coedge $-1 -1 -1 $-1 $2525 $2649 $2646 $2650 reversed $2595 $-1 #
-2595 loop $-1 -1 -1 $-1 $-1 $2525 $2635 T 1.0876000000000001 -0.66705450163537761 0.59906772562628463 1.0876000000000001 0 0.89999999999999991 unknown #
-2596 string_attrib-name_attrib-gen-attrib $-1 -1 $-1 $-1 $2526 2 1 1 1 1 1 1 1 1 1 1 1 1 1 0 1 1 1 @17 ATTRIB_XACIS_NAME @6 2:1133 #
-2597 vertex $-1 -1 -1 $-1 $2526 $2651 #
-2598 straight-curve $-1 -1 -1 $-1 1.0876000000000001 0 -1.1041923455807526e-16 0 0 -1 I I #
-2599 coedge $-1 -1 -1 $-1 $2528 $2527 $2588 $2643 forward $2529 $2652 #
-2600 edge $2653 233905 -1 $-1 $2531 0 $2654 0.83239050601679687 $2528 $2249 forward @7 unknown T 1.0876000000000001 -0.65819287455346254 0.59906772562628496 1.0876000000000001 0 0.8899999999999999 #
-2601 face $2655 233543 -1 $-1 $2508 $2529 $4 $-1 $2162 forward single T 1.0876000000000001 -0.65819287455346254 0.59906772562628496 1.1843999999999999 0 0.8899999999999999 F #
-2602 point $-1 -1 -1 $-1 1.0876000000000001 0 0.8899999999999999 #
-2603 string_attrib-name_attrib-gen-attrib $-1 -1 $-1 $-1 $2534 2 1 1 1 1 1 1 1 1 1 1 1 1 1 0 1 1 1 @17 ATTRIB_XACIS_NAME @6 2:1682 #
-2604 vertex $-1 -1 -1 $-1 $2589 $2656 #
-2605 string_attrib-name_attrib-gen-attrib $-1 -1 $-1 $-1 $2535 2 1 1 1 1 1 1 1 1 1 1 1 1 1 0 1 1 1 @17 ATTRIB_XACIS_NAME @5 2:678 #
-2606 point $-1 -1 -1 $-1 1.1843999999999999 -0.66705450163537761 0.60418398840748677 #
-2607 edge $2657 233615 -1 $-1 $2611 -0.069499999999998646 $2575 0.12550000000000167 $2583 $2658 forward @7 unknown T 0.93850000000000133 0 0.99999999999999967 1.1335000000000017 0 0.99999999999999967 #
-2608 coedge $-1 -1 -1 $-1 $2659 $2542 $2637 $2660 reversed $2582 $-1 #
-2609 coedge $-1 -1 -1 $-1 $2542 $2659 $2544 $2614 reversed $2582 $-1 #
-2610 string_attrib-name_attrib-gen-attrib $-1 -1 $-1 $-1 $2543 2 1 1 1 1 1 1 1 1 1 1 1 1 1 0 1 1 1 @17 ATTRIB_XACIS_NAME @6 2:1136 #
-2611 vertex $-1 -1 -1 $-1 $2543 $2661 #
-2612 straight-curve $-1 -1 -1 $-1 0.93849999999999922 0 0.48479999999999912 1.4608197692436258e-15 -0 1 I I #
-2613 coedge $-1 -1 -1 $-1 $2545 $2544 $2584 $2639 forward $2546 $2662 #
-2614 edge $2663 233907 -1 $-1 $2548 0 $2664 0.83481401285155954 $2609 $2510 forward @7 unknown T 0.93849999999999989 -0.66705450163537761 0.60418398840748666 0.93850000000000122 0 0.89999999999999991 #
-2615 point $-1 -1 -1 $-1 0.93850000000000122 0 0.89999999999999991 #
-2616 string_attrib-name_attrib-gen-attrib $-1 -1 $-1 $-1 $2551 2 1 1 1 1 1 1 1 1 1 1 1 1 1 0 1 1 1 @17 ATTRIB_XACIS_NAME @6 2:1695 #
-2617 vertex $-1 -1 -1 $-1 $2585 $2665 #
-2618 string_attrib-name_attrib-gen-attrib $-1 -1 $-1 $-1 $2552 2 1 1 1 1 1 1 1 1 1 1 1 1 1 0 1 1 1 @17 ATTRIB_XACIS_NAME @5 2:691 #
-2619 point $-1 -1 -1 $-1 0.98439999999999994 -0.65819287455346254 0.59906772562628496 #
-2620 string_attrib-name_attrib-gen-attrib $-1 -1 $-1 $-1 $2559 2 1 1 1 1 1 1 1 1 1 1 1 1 1 0 1 1 1 @17 ATTRIB_XACIS_NAME @7 1:17769 #
-2621 straight-curve $-1 -1 -1 $-1 0.98439999999999994 -0.58928247677783074 -0.55928228892055976 0 -0.86602540378443782 -0.49999999999999978 I I #
-2622 point $-1 -1 -1 $-1 0.98439999999999994 -0.66705450163537761 -0.60418398840748677 #
-2623 coedge $-1 -1 -1 $-1 $2666 $2667 $2569 $2624 forward $50 $-1 #
-2624 edge $2668 233661 -1 $-1 $2631 -0.33917658391963451 $2628 -0.2371148306768511 $2623 $2669 forward @7 unknown T 1.1334999999999995 -0.75544257269840698 0.60418398840748666 1.1335000000000002 -0.66705450163537749 0.65521486502887849 #
-2625 coedge $-1 -1 -1 $-1 $2570 $2646 $2666 $2670 forward $2626 $2671 #
-2626 loop $-1 -1 -1 $-1 $-1 $2591 $2581 T 1.0876000000000001 -0.66705450163537772 0.60418398840748666 1.1335000000000015 0 0.89999999999999991 unknown #
-2627 string_attrib-name_attrib-gen-attrib $-1 -1 $-1 $-1 $2571 2 1 1 1 1 1 1 1 1 1 1 1 1 1 0 1 1 1 @17 ATTRIB_XACIS_NAME @6 2:1757 #
-2628 vertex $-1 -1 -1 $-1 $2571 $2672 #
-2629 coedge $-1 -1 -1 $-1 $2637 $2572 $2667 $2673 reversed $2515 $2674 #
-2630 string_attrib-name_attrib-gen-attrib $-1 -1 $-1 $-1 $2573 2 1 1 1 1 1 1 1 1 1 1 1 1 1 0 1 1 1 @17 ATTRIB_XACIS_NAME @6 2:1773 #
-2631 vertex $-1 -1 -1 $-1 $2673 $2675 #
-2632 point $-1 -1 -1 $-1 1.1335000000000017 0 0.99999999999999967 #
-2633 point $-1 -1 -1 $-1 1.1335000000000015 0 0.89999999999999991 #
-2634 string_attrib-name_attrib-gen-attrib $-1 -1 $-1 $-1 $2579 2 1 1 1 1 1 1 1 1 1 1 1 1 1 0 1 1 1 @17 ATTRIB_XACIS_NAME @5 2:717 #
-2635 face $2676 233546 -1 $-1 $2435 $2595 $4 $-1 $2012 forward single T 1.0876000000000001 -0.66705450163537761 0.59906772562628463 1.0876000000000001 0 0.89999999999999991 F #
-2636 string_attrib-name_attrib-gen-attrib $-1 -1 $-1 $-1 $2581 2 1 1 1 1 1 1 1 1 1 1 1 1 1 0 1 1 1 @17 ATTRIB_XACIS_NAME @5 2:756 #
-2637 coedge $-1 -1 -1 $-1 $2583 $2629 $2608 $2660 forward $2515 $-1 #
-2638 coedge $-1 -1 -1 $-1 $2667 $2584 $2659 $2677 forward $50 $-1 #
-2639 edge $2678 233658 -1 $-1 $2664 -0.69750000000000001 $2617 -0.65160000000000007 $2584 $2679 forward @7 unknown T 0.93850000000000011 -0.66705450163537772 0.60418398840748677 0.98440000000000005 -0.66705450163537761 0.60418398840748677 #
-2640 string_attrib-name_attrib-gen-attrib $-1 -1 $-1 $-1 $2585 2 1 1 1 1 1 1 1 1 1 1 1 1 1 0 1 1 1 @17 ATTRIB_XACIS_NAME @7 1:17766 #
-2641 straight-curve $-1 -1 -1 $-1 0.98439999999999994 -0.58928247677783085 0.55928228892055976 0 0.86602540378443782 -0.49999999999999978 I I #
-2642 coedge $-1 -1 -1 $-1 $2588 $2666 $2649 $2680 reversed $50 $-1 #
-2643 edge $2681 233664 -1 $-1 $2604 -0.072599999999999998 $2654 0.024199999999999777 $2599 $2682 forward @7 unknown T 1.0876000000000001 -0.65819287455346254 0.59906772562628496 1.1843999999999999 -0.65819287455346254 0.59906772562628496 #
-2644 string_attrib-name_attrib-gen-attrib $-1 -1 $-1 $-1 $2589 2 1 1 1 1 1 1 1 1 1 1 1 1 1 0 1 1 1 @17 ATTRIB_XACIS_NAME @7 1:17730 #
-2645 straight-curve $-1 -1 -1 $-1 1.1843999999999999 -0.58928247677783085 0.55928228892055976 0 0.86602540378443782 -0.49999999999999978 I I #
-2646 coedge $-1 -1 -1 $-1 $2625 $2591 $2594 $2650 forward $2626 $-1 #
-2647 string_attrib-name_attrib-gen-attrib $-1 -1 $-1 $-1 $2592 2 1 1 1 1 1 1 1 1 1 1 1 1 1 0 1 1 1 @17 ATTRIB_XACIS_NAME @6 2:1139 #
-2648 straight-curve $-1 -1 -1 $-1 1.1105500000000001 0 0.89999999999999991 -1 -0 -0 I I #
-2649 coedge $-1 -1 -1 $-1 $2594 $2593 $2642 $2680 forward $2595 $-1 #
-2650 edge $2683 233908 -1 $-1 $2597 0 $2684 0.83481401285155954 $2646 $1897 forward @7 unknown T 1.0876000000000001 -0.66705450163537761 0.60418398840748666 1.0876000000000001 0 0.89999999999999991 #
-2651 point $-1 -1 -1 $-1 1.0876000000000001 0 0.89999999999999991 #
-2652 pcurve $-1 -1 -1 $-1 0 forward { exppc nubs 1 open 2 
	-0.072599999999999998 1 0.024199999999999777 1 
	0.041737649063032282 0.83239050601679687 
	-0.061328790459965823 0.83239050601679687 
	0 
	0 
	cone 1.1452 0 -5.5511151231257827e-17 1 0 0 0 0 0.89000000000000001 1 I I 0 -1 0.93919999999999959 forward I I I I 
	} 0 0 #
-2653 string_attrib-name_attrib-gen-attrib $-1 -1 $-1 $-1 $2600 2 1 1 1 1 1 1 1 1 1 1 1 1 1 0 1 1 1 @17 ATTRIB_XACIS_NAME @6 2:1708 #
-2654 vertex $-1 -1 -1 $-1 $2680 $2685 #
-2655 string_attrib-name_attrib-gen-attrib $-1 -1 $-1 $-1 $2601 2 1 1 1 1 1 1 1 1 1 1 1 1 1 0 1 1 1 @17 ATTRIB_XACIS_NAME @5 2:704 #
-2656 point $-1 -1 -1 $-1 1.1843999999999999 -0.65819287455346254 0.59906772562628496 #
-2657 string_attrib-name_attrib-gen-attrib $-1 -1 $-1 $-1 $2607 2 1 1 1 1 1 1 1 1 1 1 1 1 1 0 1 1 1 @17 ATTRIB_XACIS_NAME @6 2:1142 #
-2658 straight-curve $-1 -1 -1 $-1 1.008 0 0.99999999999999967 0.99999999999999967 -0 -0 I I #
-2659 coedge $-1 -1 -1 $-1 $2609 $2608 $2638 $2677 reversed $2582 $-1 #
-2660 edge $2686 233910 -1 $-1 $2687 -0.85632931867105722 $2611 0 $2637 $2438 forward @7 unknown T 0.93849999999999989 -0.75544257269840687 0.65521486502887838 0.93850000000000133 0 0.99999999999999967 #
-2661 point $-1 -1 -1 $-1 0.93850000000000133 0 0.99999999999999967 #
-2662 pcurve $-1 -1 -1 $-1 0 forward { exppc nubs 1 open 2 
	-0.69750000000000001 1 -0.65160000000000007 1 
	1.6911201022146511 0.83481401285155954 
	1.6422487223168658 0.83481401285155954 
	0 
	0 
	cone 2.5267999999999997 0 -5.5511151231257827e-17 1 0 0 0 0 0.90000000000000002 1 I I 0 1 0.93919999999999959 reversed I I I I 
	} 0 6.2831853071795862 #
-2663 string_attrib-name_attrib-gen-attrib $-1 -1 $-1 $-1 $2614 2 1 1 1 1 1 1 1 1 1 1 1 1 1 0 1 1 1 @17 ATTRIB_XACIS_NAME @6 2:1721 #
-2664 vertex $-1 -1 -1 $-1 $2639 $2688 #
-2665 point $-1 -1 -1 $-1 0.98439999999999994 -0.66705450163537761 0.60418398840748677 #
-2666 coedge $-1 -1 -1 $-1 $2642 $2623 $2625 $2670 reversed $50 $-1 #
-2667 coedge $-1 -1 -1 $-1 $2623 $2638 $2629 $2673 forward $50 $-1 #
-2668 string_attrib-name_attrib-gen-attrib $-1 -1 $-1 $-1 $2624 2 1 1 1 1 1 1 1 1 1 1 1 1 1 0 1 1 1 @17 ATTRIB_XACIS_NAME @7 1:18177 #
-2669 straight-curve $-1 -1 -1 $-1 1.1334999999999993 -0.46170703465517898 0.48562657306906115 -7.3040988462181258e-16 0.86602540378443782 -0.49999999999999978 I I #
-2670 edge $2689 233662 -1 $-1 $2684 -0.5484 $2628 -0.50249999999999995 $2666 $2679 forward @7 unknown T 1.0876000000000001 -0.66705450163537772 0.60418398840748677 1.1335000000000002 -0.66705450163537761 0.60418398840748677 #
-2671 pcurve $-1 -1 -1 $-1 0 forward { exppc nubs 1 open 2 
	-0.5484 1 -0.50249999999999995 1 
	1.5323679727427599 0.83481401285155954 
	1.4834965928449746 0.83481401285155954 
	0 
	0 
	cone 2.5267999999999997 0 -5.5511151231257827e-17 1 0 0 0 0 0.90000000000000002 1 I I 0 1 0.93919999999999959 reversed I I I I 
	} 0 6.2831853071795862 #
-2672 point $-1 -1 -1 $-1 1.1335000000000002 -0.66705450163537772 0.60418398840748677 #
-2673 edge $2690 233660 -1 $-1 $2687 -0.021699999999999713 $2631 0.17329999999999973 $2667 $2691 forward @7 unknown T 0.93850000000000022 -0.75544257269840698 0.65521486502887838 1.1334999999999997 -0.75544257269840687 0.65521486502887849 #
-2674 pcurve $-1 -1 -1 $-1 0 forward { exppc nubs 1 open 2 
	-0.17329999999999973 1 0.021699999999999713 1 
	0.12549999999999956 0.85632931867105722 
	-0.069499999999999812 0.85632931867105722 
	0 
	0 
	cone 1.008 0 0 1 0 0 0 0 0.99999999999999967 1 I I 0 -1 0.99999999999999967 forward I I I I 
	} 0 6.2831853071795862 #
-2675 point $-1 -1 -1 $-1 1.1334999999999997 -0.75544257269840698 0.65521486502887849 #
-2676 string_attrib-name_attrib-gen-attrib $-1 -1 $-1 $-1 $2635 2 1 1 1 1 1 1 1 1 1 1 1 1 1 0 1 1 1 @17 ATTRIB_XACIS_NAME @5 2:730 #
-2677 edge $2692 233659 -1 $-1 $2664 0.23711483067685091 $2687 0.33917658391963429 $2638 $2693 forward @7 unknown T 0.93849999999999967 -0.75544257269840687 0.60418398840748655 0.93850000000000033 -0.66705450163537749 0.65521486502887838 #
-2678 string_attrib-name_attrib-gen-attrib $-1 -1 $-1 $-1 $2639 2 1 1 1 1 1 1 1 1 1 1 1 1 1 0 1 1 1 @17 ATTRIB_XACIS_NAME @7 1:17004 #
-2679 straight-curve $-1 -1 -1 $-1 1.6360000000000001 -0.66705450163537772 0.60418398840748677 1 0 0 I I #
-2680 edge $2694 233663 -1 $-1 $2654 0.85899373681744529 $2684 0.86922626237984868 $2649 $2695 forward @7 unknown T 1.0876000000000001 -0.66705450163537761 0.59906772562628463 1.0876000000000001 -0.65819287455346209 0.60418398840748677 #
-2681 string_attrib-name_attrib-gen-attrib $-1 -1 $-1 $-1 $2643 2 1 1 1 1 1 1 1 1 1 1 1 1 1 0 1 1 1 @17 ATTRIB_XACIS_NAME @7 1:17712 #
-2682 straight-curve $-1 -1 -1 $-1 1.1117999999999999 -0.65819287455346254 0.59906772562628496 -1 0 0 I I #
-2683 string_attrib-name_attrib-gen-attrib $-1 -1 $-1 $-1 $2650 2 1 1 1 1 1 1 1 1 1 1 1 1 1 0 1 1 1 @17 ATTRIB_XACIS_NAME @6 2:1734 #
-2684 vertex $-1 -1 -1 $-1 $2670 $2696 #
-2685 point $-1 -1 -1 $-1 1.0876000000000001 -0.65819287455346254 0.59906772562628496 #
-2686 string_attrib-name_attrib-gen-attrib $-1 -1 $-1 $-1 $2660 2 1 1 1 1 1 1 1 1 1 1 1 1 1 0 1 1 1 @17 ATTRIB_XACIS_NAME @6 2:1744 #
-2687 vertex $-1 -1 -1 $-1 $2673 $2697 #
-2688 point $-1 -1 -1 $-1 0.93850000000000011 -0.66705450163537761 0.60418398840748677 #
-2689 string_attrib-name_attrib-gen-attrib $-1 -1 $-1 $-1 $2670 2 1 1 1 1 1 1 1 1 1 1 1 1 1 0 1 1 1 @17 ATTRIB_XACIS_NAME @7 1:16992 #
-2690 string_attrib-name_attrib-gen-attrib $-1 -1 $-1 $-1 $2673 2 1 1 1 1 1 1 1 1 1 1 1 1 1 0 1 1 1 @17 ATTRIB_XACIS_NAME @7 1:18174 #
-2691 straight-curve $-1 -1 -1 $-1 0.96019999999999994 -0.75544257269840698 0.65521486502887849 0.99999999999999933 0 0 I I #
-2692 string_attrib-name_attrib-gen-attrib $-1 -1 $-1 $-1 $2677 2 1 1 1 1 1 1 1 1 1 1 1 1 1 0 1 1 1 @17 ATTRIB_XACIS_NAME @7 1:18171 #
-2693 straight-curve $-1 -1 -1 $-1 0.93849999999999945 -0.46170703465517909 0.48562657306906115 7.3040988462181258e-16 -0.86602540378443782 0.49999999999999978 I I #
-2694 string_attrib-name_attrib-gen-attrib $-1 -1 $-1 $-1 $2680 2 1 1 1 1 1 1 1 1 1 1 1 1 1 0 1 1 1 @17 ATTRIB_XACIS_NAME @7 1:17724 #
-2695 straight-curve $-1 -1 -1 $-1 1.0876000000000001 0.085717523222169065 0.16957085721756221 0 -0.86602540378443782 0.49999999999999978 I I #
-2696 point $-1 -1 -1 $-1 1.0876000000000001 -0.66705450163537761 0.60418398840748677 #
-2697 point $-1 -1 -1 $-1 0.93850000000000033 -0.75544257269840687 0.65521486502887838 #
End-of-ACIS-data 