2000 0 1 0           
10 SpaceClaim 12 ACIS 31.0 NT 24 Fri Sep  5 15:52:48 2025 
1000 1e-08 1e-10 
-0 body $1 353085 -1 $-1 $2 $-1 $-1 F #
-1 integer_attrib-name_attrib-gen-attrib $-1 -1 $3 $-1 $0 2 1 1 1 1 1 1 1 1 1 1 1 1 1 0 1 1 1 @17 ATTRIB_XACIS_SHOW 1 #
-2 lump $-1 -1 -1 $-1 $-1 $4 $0 T -0.016603821037771572 -4.318456189193764e-05 -0.0096518281561178542 0.016008881474255006 0.030043184561891936 0.0086522192884704568 #
-3 wstring_attrib-name_attrib-gen-attrib $-1 -1 $5 $1 $0 2 1 1 1 1 1 1 1 1 1 1 1 1 1 0 1 1 1 @17 ATTRIB_XACIS_NAME @12 1V7SDYBMSSN6 #
-4 shell $-1 -1 -1 $-1 $6 $-1 $7 $-1 $2 T -0.016603821037771572 -4.318456189193764e-05 -0.0096518281561178542 0.016008881474255006 0.030043184561891936 0.0086522192884704568 #
-5 render-rbase-attrib $-1 -1 $8 $3 $0 1 1 1 1 1 1 1 1 1 1 1 1 0 1 0 1 1 1 $9 $-1 0 0 #
-6 shell $-1 -1 -1 $-1 $10 $-1 $11 $-1 $2 T -0.0027350852254900962 0.0058999999999999608 -0.0085856080380525019 0.0070798722499421487 0.01353247816747289 0.0074684089428570322 #
-7 face $12 352903 -1 $-1 $13 $14 $4 $-1 $15 reversed single T -0.016598237315275391 0.023509999999999975 -0.0073925569746052791 -0.0032991186576376542 0.023510000000000007 0.0062171920467967573 T -0.0067169964806204551 0.0068927525407815812 -0.016299118657637696 -0.0029999999999999593 #
-8 rgb_color-st-attrib $-1 -1 $-1 $5 $0 2 1 2 1 1 1 1 1 1 1 1 1 1 1 0 1 1 1 0.5607843137254902 0.68627450980392157 0.5607843137254902 #
-9 rh_material-rh_entity $-1 -1 4 4 @5 plain @5 color -4 1 1 1 @5 phong @14 ambient factor -2 1 @14 diffuse factor -2 0.75 @15 specular factor -2 0.5 @8 exponent -2 10 @14 specular color -4 1 1 1 @4 none @5 plain @5 color -4 0 0 0 #
-10 shell $-1 -1 -1 $-1 $16 $-1 $17 $-1 $2 T -0.0027350852253478731 0.014267521832526806 -0.0085856080376638336 0.0070798722420073804 0.022770000000000002 0.0074684089428570322 #
-11 face $18 352939 -1 $-1 $19 $20 $6 $-1 $21 forward single T -0.0027349414063917335 0.013529983376106471 -0.0085856080380525019 0.0070797200596871982 0.013530016623893523 0.0074684089416225683 F #
-12 string_attrib-name_attrib-gen-attrib $-1 -1 $-1 $-1 $7 2 1 1 1 1 1 1 1 1 1 1 1 1 1 0 1 1 1 @17 ATTRIB_XACIS_NAME @7 1:17531 #
-13 face $22 352904 -1 $-1 $23 $24 $4 $-1 $25 reversed single T -0.016598237315275391 0.023509999999999975 -0.0073925569746052799 -0.0032991186576376542 0.029999999999999999 0.0062171920467967573 T 0.28576509640698866 0.70942097225739675 0.023509999999999975 0.029999999999999971 #
-14 loop $-1 353118 -1 $-1 $-1 $26 $7 T -0.016598237315275391 0.023509999999999975 -0.0073925569746052791 -0.0032991186576376542 0.023510000000000007 0.0062171920467967573 periphery $15 T #
-15 plane-surface $-1 -1 -1 $-1 -0.00029911865763769486 0.02351 -0.00049980443382369785 -1.0058164623697429e-16 -1 4.081702296415982e-16 -0 -4.081702296415982e-16 -1 forward_v I I I I #
-16 shell $-1 -1 -1 $-1 $27 $-1 $28 $-1 $2 T -0.016598237315275391 0.014269999999999994 -0.0073925569749117345 -0.0032991186305470891 0.022770000000000002 0.0062171920566635149 #
-17 face $29 352945 -1 $-1 $30 $31 $10 $-1 $32 forward single T -0.0027349247824982117 0.022769999999999985 -0.008585591413770308 0.0070797034278589129 0.022770000000000002 0.0074684089428570313 F #
-18 string_attrib-name_attrib-gen-attrib $-1 -1 $-1 $-1 $11 2 1 1 1 1 1 1 1 1 1 1 1 1 1 0 1 1 1 @17 ATTRIB_XACIS_NAME @7 1:17639 #
-19 face $33 352940 -1 $-1 $34 $35 $6 $-1 $36 reversed single T -0.0027350852254900962 0.0058999999999999816 -0.0085856080380525019 0.0070798722499421487 0.01353247816747289 -0.0075124175827946602 T 0.12974117177645086 0.27703457055099212 0.0059099999999999847 0.013542478167472893 #
-20 loop $-1 353141 -1 $-1 $-1 $37 $11 T -0.0027349414063917335 0.013529983376106471 -0.0085856080380525019 0.0070797200596871982 0.013530016623893523 0.0074684089416225683 periphery $21 F #
-21 plane-surface $-1 -1 -1 $-1 -0.00029911865763769492 0.01353 -0.00049980443382369752 -1.0058164623697429e-16 -1 4.081702296415982e-16 -0 -4.081702296415982e-16 -1 forward_v I I I I #
-22 string_attrib-name_attrib-gen-attrib $-1 -1 $-1 $-1 $13 2 1 1 1 1 1 1 1 1 1 1 1 1 1 0 1 1 1 @17 ATTRIB_XACIS_NAME @7 1:17534 #
-23 face $38 352905 -1 $-1 $39 $40 $4 $-1 $41 forward single T -0.016603821037771572 0.029956815438108061 -0.0096518281561178542 0.016008881474255006 0.030043184561891936 0.0086522192884704568 T -0.0091088391604022198 0.0091088391604022198 -0.016261517818241946 0.016299118657637706 #
-24 loop $-1 353093 -1 $-1 $-1 $42 $13 T -0.016598237315275391 0.023509999999999975 -0.0073925569746052799 -0.0032991186576376542 0.029999999999999999 0.0062171920467967573 periphery $25 T #
-25 spline-surface $-1 -1 -1 $-1 forward { sumsur 
	intcurve forward { exactcur full nubs 3 open 9 
	-1.0779590238399819 3 -0.5 3 0.36127635196199465 1 0.46945142820195473 1 0.5029950953784319 1 
	0.53653876255490895 1 0.63716976408434034 1 1.5 3 4.2413636049009389 3 
	0.07995871772459634 0 -0.084839111392087385 
	0.069367690726470158 0 -0.06611112766273379 
	0.058776663728343975 0 -0.047383143933380188 
	0.048185636730217786 0 -0.028655160204026586 
	0.032402855044638211 0 -0.0007466600497195823 
	0.0067919010316905898 0 -0.014479336494540123 
	-0.013103333406330221 0 -0.0035316237150253798 
	-0.016598237315275391 0 0.00018503852681811268 
	-0.013337314676454499 0 0.003590522563381604 
	0.0088634010912183609 0 0.010831316722825782 
	0.029979447022184136 0 0.0047853919256121633 
	0.049401342093241658 0 0.016206191774500986 
	0.11110812295205059 0 0.052492084110409259 
	0.17281490381085954 0 0.088777976446317533 
	0.23452168466966847 0 0.12506386878222581 
	0 
	null_surface 
	null_surface 
	nullbs 
	nullbs 
	-1 
	-1 
	I I 
	0 
	2 -0.5 1.5 
	5 0.36127635196199465 0.46945142820195473 0.5029950953784319 0.53653876255490895 0.63716976408434034 
	
	-1 
	none F F -0.5 F 1.5 } I I 
	straight 0.048185636730217786 0 -0.028655160204026586 0 1 0 I I 
	0.048185636730217786 0 -0.028655160204026586 
	full nubs 3 1 open open none none 9 2 
	-1.0779590238399819 3 -0.5 3 0.36127635196199465 1 0.46945142820195473 1 0.5029950953784319 1 
	0.53653876255490895 1 0.63716976408434034 1 1.5 3 2.8140297292319647 3 
	-0.35470563899037527 1 0.35986563899037433 1 
	0.07995871772459634 -0.35470563899037527 -0.084839111392087385 
	0.069367690726470171 -0.35470563899037527 -0.06611112766273379 
	0.058776663728343968 -0.35470563899037527 -0.047383143933380195 
	0.048185636730217786 -0.35470563899037527 -0.028655160204026586 
	0.032402855044638211 -0.35470563899037527 -0.0007466600497195823 
	0.0067919010316905906 -0.35470563899037527 -0.014479336494540127 
	-0.013103333406330221 -0.35470563899037527 -0.0035316237150253768 
	-0.016598237315275391 -0.35470563899037527 0.00018503852681811192 
	-0.013337314676454499 -0.35470563899037527 0.003590522563381604 
	0.0088634010912183592 -0.35470563899037527 0.010831316722825782 
	0.029979447022184129 -0.35470563899037527 0.0047853919256121633 
	0.049401342093241658 -0.35470563899037527 0.016206191774500986 
	0.078979521506843009 -0.35470563899037527 0.033599266226883508 
	0.10855770092044434 -0.35470563899037527 0.050992340679266043 
	0.13813588033404567 -0.35470563899037527 0.068385415131648558 
	0.07995871772459634 0.35986563899037433 -0.084839111392087385 
	0.069367690726470171 0.35986563899037433 -0.06611112766273379 
	0.058776663728343968 0.35986563899037433 -0.047383143933380195 
	0.048185636730217786 0.35986563899037433 -0.028655160204026586 
	0.032402855044638211 0.35986563899037433 -0.0007466600497195823 
	0.0067919010316905906 0.35986563899037433 -0.014479336494540127 
	-0.013103333406330221 0.35986563899037433 -0.0035316237150253768 
	-0.016598237315275391 0.35986563899037433 0.00018503852681811192 
	-0.013337314676454499 0.35986563899037433 0.003590522563381604 
	0.0088634010912183592 0.35986563899037433 0.010831316722825782 
	0.029979447022184129 0.35986563899037433 0.0047853919256121633 
	0.049401342093241658 0.35986563899037433 0.016206191774500986 
	0.078979521506843009 0.35986563899037433 0.033599266226883508 
	0.10855770092044434 0.35986563899037433 0.050992340679266043 
	0.13813588033404567 0.35986563899037433 0.068385415131648558 
	0 
	0 
	2 -0.5 1.5 
	5 0.36127635196199465 0.46945142820195473 0.5029950953784319 0.53653876255490895 0.63716976408434034 
	0 
	0 
	0 
	} F 0.28576509640698866 F 0.70942097225739675 F 0.023509999999999975 F 0.029999999999999971 #
-26 coedge $-1 353248 -1 $-1 $43 $43 $42 $44 reversed $14 $-1 #
-27 shell $-1 -1 -1 $-1 $-1 $-1 $45 $-1 $2 T -0.016598237315275391 0.0058999999999999608 -0.0073925569746052799 -0.0032991186576376542 0.013530000000000014 0.0062171920467967573 #
-28 face $46 352951 -1 $-1 $47 $48 $16 $-1 $49 reversed single T -0.016598237315275391 0.014269999999999994 -0.0073925569749117345 -0.0032991186305470891 0.014270000000000003 0.0062171920566635149 F #
-29 string_attrib-name_attrib-gen-attrib $-1 -1 $-1 $-1 $17 2 1 1 1 1 1 1 1 1 1 1 1 1 1 0 1 1 1 @17 ATTRIB_XACIS_NAME @7 1:17657 #
-30 face $50 352946 -1 $-1 $51 $52 $10 $-1 $53 forward single T -0.0027349247824982117 0.014269999999999994 -0.0075124504158452544 -0.0027349247349520121 0.022770000000000002 0.0063176042597331743 F #
-31 loop $-1 353114 -1 $-1 $-1 $54 $17 T -0.0027349247824982117 0.022769999999999985 -0.008585591413770308 0.0070797034278589129 0.022770000000000002 0.0074684089428570313 periphery $32 F #
-32 plane-surface $-1 -1 -1 $-1 -0.00029911865763769486 0.022769999999999999 -0.00049980443382369752 -1.0058164623697429e-16 -1 4.081702296415982e-16 -0 -4.081702296415982e-16 -1 forward_v I I I I #
-33 string_attrib-name_attrib-gen-attrib $-1 -1 $-1 $-1 $19 2 1 1 1 1 1 1 1 1 1 1 1 1 1 0 1 1 1 @17 ATTRIB_XACIS_NAME @7 1:17642 #
-34 face $55 352941 -1 $-1 $56 $57 $6 $-1 $58 reversed single T -0.0027349247824982074 0.0058999999999999608 0.0063176042431978118 0.0070797034278589008 0.013530000000000014 0.0074684089428570322 T 0.7178991242374575 0.86560109359357829 0.0058999999999999608 0.013530000000000014 #
-35 loop $-1 353194 -1 $-1 $-1 $59 $19 T -0.0027349414063917335 0.0058999999999999947 -0.0085856080380525019 0.0070797200596871982 0.013530016623893523 -0.0075124337918957649 unknown #
-36 spline-surface $-1 -1 -1 $-1 forward { sumsur 
	intcurve forward { exactcur full nubs 3 open 7 
	-0.5 3 0.36127635196199465 1 0.46945142820195473 1 0.5029950953784319 1 0.53653876255490895 1 
	0.63716976408434034 1 1.5 3 
	0.048185636730217786 -1.0000000000003062e-05 -0.028655160204026586 
	0.032402855044638211 -1.0000000000003062e-05 -0.0007466600497195823 
	0.0067919010316905898 -1.0000000000003062e-05 -0.014479336494540123 
	-0.013103333406330221 -1.0000000000003062e-05 -0.0035316237150253798 
	-0.016598237315275391 -1.0000000000003062e-05 0.00018503852681811268 
	-0.013337314676454499 -1.0000000000003062e-05 0.003590522563381604 
	0.0088634010912183609 -1.0000000000003062e-05 0.010831316722825782 
	0.029979447022184136 -1.0000000000003062e-05 0.0047853919256121633 
	0.049401342093241658 -1.0000000000003062e-05 0.016206191774500986 
	0 
	null_surface 
	null_surface 
	nullbs 
	nullbs 
	-1 
	-1 
	I I 
	0 
	0 
	5 0.36127635196199465 0.46945142820195473 0.5029950953784319 0.53653876255490895 0.63716976408434034 
	
	-1 
	none F F 1 F 0 } F -0.5 F 1.5 
	straight 0.048185636730217786 -1.0000000000003062e-05 -0.028655160204026586 0 1 0 I I 
	0.048185636730217786 -1.0000000000003062e-05 -0.028655160204026586 
	full nubs 3 1 open open none none 7 2 
	-0.5 3 0.36127635196199465 1 0.46945142820195473 1 0.5029950953784319 1 0.53653876255490895 1 
	0.63716976408434034 1 1.5 3 
	-0.063714300000000043 1 0.033030000000000004 1 
	0.048185636730217786 -0.063724300000000039 -0.028655160204026586 
	0.032402855044638211 -0.063724300000000039 -0.0007466600497195823 
	0.0067919010316905906 -0.063724300000000039 -0.014479336494540127 
	-0.013103333406330221 -0.063724300000000039 -0.0035316237150253768 
	-0.016598237315275391 -0.063724300000000039 0.00018503852681811192 
	-0.013337314676454499 -0.063724300000000039 0.003590522563381604 
	0.0088634010912183592 -0.063724300000000039 0.010831316722825782 
	0.029979447022184129 -0.063724300000000039 0.0047853919256121633 
	0.049401342093241658 -0.063724300000000039 0.016206191774500986 
	0.048185636730217786 0.033020000000000008 -0.028655160204026586 
	0.032402855044638211 0.033020000000000008 -0.0007466600497195823 
	0.0067919010316905906 0.033020000000000008 -0.014479336494540127 
	-0.013103333406330221 0.033020000000000008 -0.0035316237150253768 
	-0.016598237315275391 0.033020000000000008 0.00018503852681811192 
	-0.013337314676454499 0.033020000000000008 0.003590522563381604 
	0.0088634010912183592 0.033020000000000008 0.010831316722825782 
	0.029979447022184129 0.033020000000000008 0.0047853919256121633 
	0.049401342093241658 0.033020000000000008 0.016206191774500986 
	0 
	0 
	0 
	5 0.36127635196199465 0.46945142820195473 0.5029950953784319 0.53653876255490895 0.63716976408434034 
	0 
	0 
	0 
	} F 0.12974117177645086 F 0.27703457055099212 F 0.0059099999999999847 F 0.013542478167472893 #
-37 coedge $-1 353140 -1 $-1 $60 $61 $62 $63 reversed $20 $-1 #
-38 string_attrib-name_attrib-gen-attrib $-1 -1 $-1 $-1 $23 2 1 1 1 1 1 1 1 1 1 1 1 1 1 0 1 1 1 @17 ATTRIB_XACIS_NAME @7 1:17537 #
-39 face $64 352906 -1 $-1 $65 $66 $4 $-1 $67 reversed single T -0.0027349247824982117 0.023509999999999989 -0.008585591413770308 0.0070797034278589129 0.029999999999999999 -0.0075124504157892888 T 0.12974365006067734 0.27703209238311111 0.023519999999999992 0.030009999999999995 #
-40 loop $-1 353138 -1 $-1 $68 $69 $23 T -0.0027349247824982074 0.029999999999999971 -0.0085855914137703063 0.0070797034278588938 0.030000000000000002 0.0074684089428570331 hole $41 F #
-41 plane-surface $-1 -1 -1 $-1 -0.00029911865763768857 0.029999999999999999 -0.0004998044338237011 1.0058164623697429e-16 1 -4.081702296415982e-16 -0 4.081702296415982e-16 1 forward_v I I I I #
-42 coedge $-1 353249 -1 $-1 $70 $71 $26 $44 forward $24 $72 #
-43 coedge $-1 353116 -1 $-1 $26 $26 $73 $74 reversed $14 $-1 #
-44 edge $75 352959 -1 $-1 $76 -0.70942097225739653 $77 -0.28576509640698866 $26 $78 reversed @7 unknown T -0.016598237315275391 0.023509999999999975 -0.0073925569746052791 -0.0032991186576376542 0.023510000000000003 0.0062171920467967573 #
-45 face $79 352955 -1 $-1 $80 $81 $27 $-1 $21 forward single T -0.016598237315275391 0.013529999999999997 -0.0073925569746052791 -0.0032991186576376542 0.013530000000000004 0.0062171920467967521 F #
-46 string_attrib-name_attrib-gen-attrib $-1 -1 $-1 $-1 $28 2 1 1 1 1 1 1 1 1 1 1 1 1 1 0 1 1 1 @17 ATTRIB_XACIS_NAME @7 1:17675 #
-47 face $82 352952 -1 $-1 $83 $84 $16 $-1 $85 forward single T -0.003299118657637691 0.014269999999999994 -0.0073925569749117345 -0.0032991186305470891 0.022770000000000002 0.0062171920566635149 F #
-48 loop $-1 353179 -1 $-1 $-1 $86 $28 T -0.016598237315275391 0.014269999999999994 -0.0073925569749117345 -0.0032991186305470891 0.014270000000000003 0.0062171920566635149 periphery $49 T #
-49 plane-surface $-1 -1 -1 $-1 -0.00029911865763769492 0.01427 -0.00049980443382369785 -1.0058164623697429e-16 -1 4.081702296415982e-16 -0 -4.081702296415982e-16 -1 forward_v I I I I #
-50 string_attrib-name_attrib-gen-attrib $-1 -1 $-1 $-1 $30 2 1 1 1 1 1 1 1 1 1 1 1 1 1 0 1 1 1 @17 ATTRIB_XACIS_NAME @7 1:17660 #
-51 face $87 352947 -1 $-1 $88 $89 $10 $-1 $90 reversed single T -0.0027349247824982091 0.014269999999999994 0.0063176042431978118 0.0070797034278589008 0.022770000000000002 0.0074684089428570322 T 0.7178991242374575 0.86560109359357829 0.014269999999999994 0.022770000000000002 #
-52 loop $-1 353113 -1 $-1 $-1 $91 $30 T -0.0027349247824982117 0.014269999999999994 -0.0075124504158452544 -0.0027349247349520121 0.022770000000000002 0.0063176042597331743 periphery $53 F #
-53 plane-surface $-1 -1 -1 $-1 -0.0027349247824982048 0.029999999999999999 -0.00060532107572961076 1 -1.0058164623697429e-16 4.9111514833599071e-32 0 4.8827511450638243e-16 1 forward_v I I I I #
-54 coedge $-1 353658 -1 $-1 $92 $93 $94 $95 reversed $31 $-1 #
-55 string_attrib-name_attrib-gen-attrib $-1 -1 $-1 $-1 $34 2 1 1 1 1 1 1 1 1 1 1 1 1 1 0 1 1 1 @17 ATTRIB_XACIS_NAME @7 1:17645 #
-56 face $96 352942 -1 $-1 $97 $98 $6 $-1 $53 forward single T -0.0027349247824982117 0.0058999999999999955 -0.0075124504157892905 -0.0027349247824981909 0.013530000000000004 0.0063176042431978136 F #
-57 loop $-1 353162 -1 $-1 $-1 $99 $34 T -0.0027349247824982074 0.0058999999999999608 0.0063176042431978118 0.0070797034278589008 0.013530000000000004 0.0074684089428570313 unknown #
-58 spline-surface $-1 -1 -1 $-1 forward { sumsur 
	intcurve forward { ref 1 } I I 
	straight 0.048185636730217786 0 -0.028655160204026586 0 1 0 I I 
	0.048185636730217786 0 -0.028655160204026586 
	full nubs 3 1 open open none none 9 2 
	-1.0779590238399819 3 -0.5 3 0.36127635196199465 1 0.46945142820195473 1 0.5029950953784319 1 
	0.53653876255490895 1 0.63716976408434034 1 1.5 3 2.8140297292319647 3 
	-0.16879752232624406 1 0.17117052232624408 1 
	0.07995871772459634 -0.16879752232624406 -0.084839111392087385 
	0.069367690726470171 -0.16879752232624406 -0.06611112766273379 
	0.058776663728343968 -0.16879752232624406 -0.047383143933380195 
	0.048185636730217786 -0.16879752232624406 -0.028655160204026586 
	0.032402855044638211 -0.16879752232624406 -0.0007466600497195823 
	0.0067919010316905906 -0.16879752232624406 -0.014479336494540127 
	-0.013103333406330221 -0.16879752232624406 -0.0035316237150253768 
	-0.016598237315275391 -0.16879752232624406 0.00018503852681811192 
	-0.013337314676454499 -0.16879752232624406 0.003590522563381604 
	0.0088634010912183592 -0.16879752232624406 0.010831316722825782 
	0.029979447022184129 -0.16879752232624406 0.0047853919256121633 
	0.049401342093241658 -0.16879752232624406 0.016206191774500986 
	0.078979521506843009 -0.16879752232624406 0.033599266226883508 
	0.10855770092044434 -0.16879752232624406 0.050992340679266043 
	0.13813588033404567 -0.16879752232624406 0.068385415131648558 
	0.07995871772459634 0.17117052232624408 -0.084839111392087385 
	0.069367690726470171 0.17117052232624408 -0.06611112766273379 
	0.058776663728343968 0.17117052232624408 -0.047383143933380195 
	0.048185636730217786 0.17117052232624408 -0.028655160204026586 
	0.032402855044638211 0.17117052232624408 -0.0007466600497195823 
	0.0067919010316905906 0.17117052232624408 -0.014479336494540127 
	-0.013103333406330221 0.17117052232624408 -0.0035316237150253768 
	-0.016598237315275391 0.17117052232624408 0.00018503852681811192 
	-0.013337314676454499 0.17117052232624408 0.003590522563381604 
	0.0088634010912183592 0.17117052232624408 0.010831316722825782 
	0.029979447022184129 0.17117052232624408 0.0047853919256121633 
	0.049401342093241658 0.17117052232624408 0.016206191774500986 
	0.078979521506843009 0.17117052232624408 0.033599266226883508 
	0.10855770092044434 0.17117052232624408 0.050992340679266043 
	0.13813588033404567 0.17117052232624408 0.068385415131648558 
	0 
	0 
	2 -0.5 1.5 
	5 0.36127635196199465 0.46945142820195473 0.5029950953784319 0.53653876255490895 0.63716976408434034 
	0 
	0 
	0 
	} F 0.7178991242374575 F 0.86560109359357829 F 0.0058999999999999608 F 0.013530000000000014 #
-59 coedge $-1 353802 -1 $-1 $100 $101 $61 $102 forward $35 $103 #
-60 coedge $-1 353164 -1 $-1 $104 $37 $99 $105 reversed $20 $-1 #
-61 coedge $-1 353803 -1 $-1 $37 $104 $59 $102 reversed $20 $-1 #
-62 coedge $-1 353139 -1 $-1 $106 $107 $37 $63 forward $108 $-1 #
-63 edge $109 353049 -1 $-1 $110 -0.0080326921493553902 $111 0.0080213082055920239 $62 $112 forward @7 unknown T 0.0070797034113587645 0.013529999999999997 -0.0085855914145457884 0.0070797034357747259 0.013530000000000006 0.0074684089404016257 #
-64 string_attrib-name_attrib-gen-attrib $-1 -1 $-1 $-1 $39 2 1 1 1 1 1 1 1 1 1 1 1 1 1 0 1 1 1 @17 ATTRIB_XACIS_NAME @7 1:17540 #
-65 face $113 352907 -1 $-1 $114 $115 $4 $-1 $116 forward single T 0.0070797034278588522 0.023509999999999996 -0.0085855914137703063 0.0070797034278589008 0.030000000000000002 0.0074684089428570331 T -0.0080971709269408703 0.0079568294296864708 -6.9388939039072284e-18 0.0064899999999999958 #
-66 loop $-1 353197 -1 $-1 $-1 $117 $39 T -0.0027349247824982117 0.023509999999999996 -0.008585591413770308 0.0070797034278589129 0.029999999999999999 -0.0075124504157892888 unknown #
-67 spline-surface $-1 -1 -1 $-1 forward { ref 2 } F 0.12974365006067734 F 0.27703209238311111 F 0.023519999999999992 F 0.030009999999999995 #
-68 loop $-1 353092 -1 $-1 $118 $119 $23 T -0.016598237315275391 0.029999999999999971 -0.0073925569746052791 -0.0032991186576376542 0.030000000000000002 0.0062171920467967538 hole $41 F #
-69 coedge $-1 353279 -1 $-1 $120 $121 $122 $123 forward $40 $-1 #
-70 coedge $-1 353211 -1 $-1 $124 $42 $125 $126 reversed $24 $127 #
-71 coedge $-1 354140 -1 $-1 $42 $124 $128 $129 reversed $24 $130 #
-72 pcurve $-1 -1 -1 $-1 0 reversed { exppc nubs 1 open 2 
	-1.0779590238399819 1 2.8140297292319647 1 
	-1.0779590238399819 0.023509999999999975 
	2.8140297292319647 0.023509999999999975 
	0 
	-1 
	spline reversed { ref 0 } I I I I 
	} 0 0 #
-73 coedge $-1 353115 -1 $-1 $128 $125 $43 $74 forward $131 $-1 #
-74 edge $132 352960 -1 $-1 $77 -0.00683999421982862 $76 0.0067697548015734103 $73 $133 forward @7 unknown T -0.003299118657637691 0.023509999999999996 -0.007392556974605273 -0.0032991186576376893 0.023510000000000007 0.0062171920467967573 #
-75 string_attrib-name_attrib-gen-attrib $-1 -1 $-1 $-1 $44 2 1 1 1 1 1 1 1 1 1 1 1 1 1 0 1 1 1 @17 ATTRIB_XACIS_NAME @7 1:17699 #
-76 vertex $-1 354135 -1 $-1 $44 $134 #
-77 vertex $-1 354136 -1 $-1 $44 $135 #
-78 intcurve-curve $-1 -1 -1 $-1 forward { exactcur full nubs 3 open 7 
	0.28576509640698866 3 0.36127635196199465 1 0.46945142820195473 1 0.5029950953784319 1 0.53653876255490895 1 
	0.63716976408434034 1 0.70942097225739653 3 
	-0.0032991186576376542 0.023509999999999975 -0.0073925569746052791 
	-0.004921742788721652 0.023509999999999975 -0.007034737752962119 
	-0.0087943973243673843 0.023509999999999975 -0.0059026937698957432 
	-0.013103333406330221 0.023509999999999975 -0.0035316237150253798 
	-0.016598237315275391 0.023509999999999975 0.00018503852681811268 
	-0.013337314676454499 0.023509999999999975 0.003590522563381604 
	-0.0087407452930551126 0.023509999999999975 0.0050897000265362983 
	-0.0049019810689088471 0.023509999999999975 0.0059252999996340823 
	-0.0032991186576376941 0.023509999999999975 0.0062171920467967538 
	0 
	null_surface 
	null_surface 
	nullbs 
	nullbs 
	-1 
	-1 
	I I 
	0 
	0 
	5 0.36127635196199465 0.46945142820195473 0.5029950953784319 0.53653876255490895 0.63716976408434034 
	
	-1 
	none F F 1 F 0 } I I #
-79 string_attrib-name_attrib-gen-attrib $-1 -1 $-1 $-1 $45 2 1 1 1 1 1 1 1 1 1 1 1 1 1 0 1 1 1 @17 ATTRIB_XACIS_NAME @7 1:17687 #
-80 face $136 352956 -1 $-1 $137 $138 $27 $-1 $85 forward single T -0.003299118657637691 0.0058999999999999964 -0.0073925569746052799 -0.0032991186576376563 0.013530000000000004 0.0062171920467967573 F #
-81 loop $-1 353186 -1 $-1 $-1 $139 $45 T -0.016598237315275391 0.013529999999999997 -0.0073925569746052791 -0.0032991186576376542 0.013530000000000004 0.0062171920467967521 periphery $21 F #
-82 string_attrib-name_attrib-gen-attrib $-1 -1 $-1 $-1 $47 2 1 1 1 1 1 1 1 1 1 1 1 1 1 0 1 1 1 @17 ATTRIB_XACIS_NAME @7 1:17678 #
-83 face $140 352953 -1 $-1 $141 $142 $16 $-1 $143 reversed single T -0.016598237315275391 0.014269999999999994 -0.0073925569749117345 -0.0032991186305470891 0.022770000000000002 0.0062171920566635149 T 0.28576509640698866 0.70942097225739675 0.014269999999999994 0.022769999999999999 #
-84 loop $-1 353171 -1 $-1 $-1 $144 $47 T -0.003299118657637691 0.014269999999999994 -0.0073925569749117345 -0.0032991186305470891 0.022770000000000002 0.0062171920566635149 unknown #
-85 plane-surface $-1 -1 -1 $-1 -0.0032991186576376884 0.029999999999999999 -0.00060532107572961076 -1 1.0058164623697429e-16 -4.9111514833599071e-32 0 -4.8827511450638243e-16 -1 forward_v I I I I #
-86 coedge $-1 353233 -1 $-1 $145 $145 $144 $146 reversed $48 $-1 #
-87 string_attrib-name_attrib-gen-attrib $-1 -1 $-1 $-1 $51 2 1 1 1 1 1 1 1 1 1 1 1 1 1 0 1 1 1 @17 ATTRIB_XACIS_NAME @7 1:17663 #
-88 face $147 352948 -1 $-1 $148 $149 $10 $-1 $150 reversed single T -0.0027350852253478731 0.014267521832526806 -0.0085856080376638336 0.0070798722420073804 0.022769999999999999 -0.0075124175828237653 T 0.12974117189293211 0.27703457054879538 0.014277521832526809 0.022780000000000002 #
-89 loop $-1 353167 -1 $-1 $-1 $151 $51 T -0.0027349247824982091 0.014270000000000001 0.0063176042431978136 0.0070797034278589008 0.022770000000000002 0.0074684089428570322 periphery $90 T #
-90 spline-surface $-1 -1 -1 $-1 forward { ref 4 } F 0.7178991242374575 F 0.86560109359357829 F 0.014269999999999994 F 0.022770000000000002 #
-91 coedge $-1 353228 -1 $-1 $152 $153 $154 $155 forward $52 $-1 #
-92 coedge $-1 353111 -1 $-1 $156 $54 $157 $158 reversed $31 $-1 #
-93 coedge $-1 353259 -1 $-1 $54 $156 $159 $160 reversed $31 $-1 #
-94 coedge $-1 353659 -1 $-1 $161 $162 $54 $95 forward $89 $163 #
-95 edge $164 353061 -1 $-1 $165 0.7178991242374575 $166 0.86560109359357817 $54 $167 reversed @7 unknown T -0.0027349247824982091 0.022769999999999985 0.0063176042431978136 0.0070797034278589008 0.022770000000000002 0.0074684089428570313 #
-96 string_attrib-name_attrib-gen-attrib $-1 -1 $-1 $-1 $56 2 1 1 1 1 1 1 1 1 1 1 1 1 1 0 1 1 1 @17 ATTRIB_XACIS_NAME @7 1:17648 #
-97 face $168 352943 -1 $-1 $169 $108 $6 $-1 $170 forward single T 0.0070797034113587645 0.0058999999999999955 -0.0085855914145457884 0.0070797034357747259 0.013530000000000006 0.0074684089428570313 F #
-98 loop $-1 353193 -1 $-1 $-1 $171 $56 T -0.0027349247824982117 0.0058999999999999955 -0.0075124504157892905 -0.0027349247824981909 0.013530000000000004 0.0063176042431978136 unknown #
-99 coedge $-1 353163 -1 $-1 $172 $173 $60 $105 forward $57 $174 #
-100 coedge $-1 353806 -1 $-1 $175 $59 $176 $177 reversed $35 $178 #
-101 coedge $-1 353810 -1 $-1 $59 $175 $106 $179 reversed $35 $180 #
-102 edge $181 353052 -1 $-1 $111 -0.0097473120400936482 $182 -1.0207406672946978e-05 $59 $183 forward @7 unknown T -0.0027349414063917335 0.013529983376106471 -0.0085856080380525019 0.0070797200596871982 0.013530016623893523 -0.0075124337918957649 #
-103 pcurve $-1 -1 -1 $-1 2 $183 0 0 #
-104 coedge $-1 353231 -1 $-1 $61 $60 $171 $184 reversed $20 $-1 #
-105 edge $185 353050 -1 $-1 $186 0.7178991242374575 $110 0.86560109334365509 $99 $187 forward @7 unknown T -0.0027349247824982074 0.013530000000000002 0.0063176042431978118 0.0070797034113587645 0.013530000000000004 0.0074684089416225683 #
-106 coedge $-1 353811 -1 $-1 $188 $62 $101 $179 forward $108 $-1 #
-107 coedge $-1 353160 -1 $-1 $62 $188 $172 $189 forward $108 $-1 #
-108 loop $-1 353109 -1 $-1 $-1 $62 $97 T 0.0070797034113587645 0.0058999999999999955 -0.0085855914145457884 0.0070797034357747259 0.013530000000000006 0.0074684089428570313 periphery $170 F #
-109 string_attrib-name_attrib-gen-attrib $-1 -1 $-1 $-1 $63 2 1 1 1 1 1 1 1 1 1 1 1 1 1 0 1 1 1 @17 ATTRIB_XACIS_NAME @7 1:17969 #
-110 vertex $-1 353795 -1 $-1 $105 $190 #
-111 vertex $-1 353800 -1 $-1 $179 $191 #
-112 straight-curve $-1 -1 -1 $-1 0.007079703427858886 0.013530000000000002 -0.00056428320895376483 -1.0291156174788997e-16 -4.081702296415982e-16 -1 I I #
-113 string_attrib-name_attrib-gen-attrib $-1 -1 $-1 $-1 $65 2 1 1 1 1 1 1 1 1 1 1 1 1 1 0 1 1 1 @17 ATTRIB_XACIS_NAME @7 1:17543 #
-114 face $192 352908 -1 $-1 $193 $194 $4 $-1 $195 reversed single T -0.0027349247824982074 0.023509999999999975 0.0063176042431978118 0.0070797034278589008 0.030000000000000041 0.0074684089428570322 T 0.71789912423745761 0.86560109359357806 0.023509999999999975 0.030000000000000041 #
-115 loop $-1 353196 -1 $-1 $-1 $196 $65 T 0.0070797034278588522 0.023509999999999996 -0.0085855914137703063 0.0070797034278589008 0.030000000000000002 0.0074684089428570331 periphery $116 F #
-116 plane-surface $-1 -1 -1 $-1 0.0070797034278588878 0.029999999999999995 -0.00062876198408383811 -1 1.0058164623697433e-16 1.0291156174788994e-16 -1.0291156174788997e-16 -4.116462469915599e-16 -1 forward_v I I I I #
-117 coedge $-1 353214 -1 $-1 $197 $198 $199 $200 forward $66 $201 #
-118 loop $-1 353088 -1 $-1 $-1 $202 $23 T -0.016603821037771572 0.029956815438108061 -0.0096518281561178542 0.016008881474255006 0.030043184561891936 0.0086522192884704568 periphery $41 F #
-119 coedge $-1 353090 -1 $-1 $203 $203 $124 $204 forward $68 $-1 #
-120 coedge $-1 353255 -1 $-1 $205 $69 $206 $207 reversed $40 $-1 #
-121 coedge $-1 353137 -1 $-1 $69 $205 $208 $209 reversed $40 $-1 #
-122 coedge $-1 353278 -1 $-1 $198 $197 $69 $123 reversed $66 $210 #
-123 edge $211 352964 -1 $-1 $212 -0.27703209238311105 $213 -0.1297436500606777 $122 $214 forward @7 unknown T -0.0027349247824982044 0.029999999999999988 -0.0085855914137703063 0.0070797034278588878 0.029999999999999999 -0.0075124504157892923 #
-124 coedge $-1 353091 -1 $-1 $71 $70 $119 $204 reversed $24 $215 #
-125 coedge $-1 353210 -1 $-1 $73 $216 $70 $126 forward $131 $-1 #
-126 edge $217 352961 -1 $-1 $218 -0.029999999999999999 $77 -0.023509999999999996 $125 $219 forward @7 unknown T -0.003299118657637691 0.023509999999999996 -0.0073925569746052799 -0.0032991186576376563 0.029999999999999999 -0.0073925569746052721 #
-127 pcurve $-1 -1 -1 $-1 0 reversed { exppc nubs 1 open 2 
	-0.35986563899037433 1 0.35470563899037527 1 
	0.28576509640698866 0.35986563899037433 
	0.28576509640698866 -0.35470563899037527 
	1.0000000000000001e-05 
	-1 
	spline reversed { ref 0 } I I I I 
	} 0 0 #
-128 coedge $-1 354139 -1 $-1 $216 $73 $71 $129 forward $131 $-1 #
-129 edge $220 352963 -1 $-1 $76 0.023510000000000003 $221 0.029999999999999999 $128 $222 forward @7 unknown T -0.0032991186576377257 0.023510000000000003 0.0062171920467967434 -0.0032991186576376871 0.029999999999999999 0.0062171920467967573 #
-130 pcurve $-1 -1 -1 $-1 0 reversed { exppc nubs 1 open 2 
	-0.35470563899037527 1 0.35986563899037433 1 
	0.70942097225739609 -0.35470563899037527 
	0.70942097225739609 0.35986563899037433 
	1.0000000000000001e-05 
	-1 
	spline reversed { ref 0 } I I I I 
	} 0 0 #
-131 loop $-1 353117 -1 $-1 $-1 $73 $223 T -0.0032991186576377257 0.023509999999999996 -0.0073925569746052799 -0.0032991186576376563 0.030000000000000002 0.0062171920467967573 periphery $224 F #
-132 string_attrib-name_attrib-gen-attrib $-1 -1 $-1 $-1 $74 2 1 1 1 1 1 1 1 1 1 1 1 1 1 0 1 1 1 @17 ATTRIB_XACIS_NAME @7 1:17702 #
-133 straight-curve $-1 -1 -1 $-1 -0.0032991186576376893 0.023510000000000003 -0.000552562754776653 -8.057081191323283e-33 4.081702296415982e-16 1 I I #
-134 point $-1 -1 -1 $-1 -0.003299118657637691 0.023510000000000003 0.0062171920467967573 #
-135 point $-1 -1 -1 $-1 -0.003299118657637691 0.023509999999999996 -0.007392556974605273 #
-136 string_attrib-name_attrib-gen-attrib $-1 -1 $-1 $-1 $80 2 1 1 1 1 1 1 1 1 1 1 1 1 1 0 1 1 1 @17 ATTRIB_XACIS_NAME @7 1:17690 #
-137 face $225 352957 -1 $-1 $226 $227 $27 $-1 $228 reversed single T -0.016598237315275391 0.0058999999999999608 -0.0073925569746052791 -0.0032991186576376542 0.0059000000000000033 0.0062171920467967573 F #
-138 loop $-1 353187 -1 $-1 $-1 $229 $80 T -0.003299118657637691 0.0058999999999999964 -0.0073925569746052799 -0.0032991186576376563 0.013530000000000004 0.0062171920467967573 periphery $85 F #
-139 coedge $-1 353235 -1 $-1 $230 $230 $229 $231 reversed $81 $-1 #
-140 string_attrib-name_attrib-gen-attrib $-1 -1 $-1 $-1 $83 2 1 1 1 1 1 1 1 1 1 1 1 1 1 0 1 1 1 @17 ATTRIB_XACIS_NAME @7 1:17681 #
-141 face $232 352954 -1 $-1 $-1 $233 $16 $-1 $234 forward single T -0.016598237315275391 0.022769999999999985 -0.0073925569746052791 -0.0032991186576376542 0.022770000000000002 0.0062171920467967573 F #
-142 loop $-1 353176 -1 $-1 $-1 $235 $83 T -0.016598237315275391 0.014269999999999996 -0.0073925569749117345 -0.0032991186305470891 0.022770000000000002 0.0062171920566635149 periphery $143 T #
-143 spline-surface $-1 -1 -1 $-1 forward { ref 4 } F 0.28576509640698866 F 0.70942097225739675 F 0.014269999999999994 F 0.022769999999999999 #
-144 coedge $-1 353232 -1 $-1 $236 $237 $86 $146 forward $84 $-1 #
-145 coedge $-1 353241 -1 $-1 $86 $86 $235 $238 reversed $48 $-1 #
-146 edge $239 353073 -1 $-1 $240 -0.0068399942201350832 $241 0.0067697548114401662 $144 $242 forward @7 unknown T -0.0032991186576376902 0.014269999999999994 -0.0073925569749117345 -0.0032991186305470891 0.014270000000000003 0.0062171920566635149 #
-147 string_attrib-name_attrib-gen-attrib $-1 -1 $-1 $-1 $88 2 1 1 1 1 1 1 1 1 1 1 1 1 1 0 1 1 1 @17 ATTRIB_XACIS_NAME @7 1:17666 #
-148 face $243 352949 -1 $-1 $244 $245 $10 $-1 $170 forward single T 0.0070797034278588661 0.014269999999999996 -0.0085855914137703063 0.0070797034278589008 0.022770000000000002 0.0074684089428570322 F #
-149 loop $-1 353192 -1 $-1 $-1 $246 $88 T -0.0027349414062495009 0.014269983376106469 -0.0085856080376638336 0.0070797200517524203 0.022769999999999999 -0.0075124337919248701 unknown #
-150 spline-surface $-1 -1 -1 $-1 forward { ref 2 } F 0.12974117189293211 F 0.27703457054879538 F 0.014277521832526809 F 0.022780000000000002 #
-151 coedge $-1 353165 -1 $-1 $162 $161 $247 $248 forward $89 $249 #
-152 coedge $-1 353219 -1 $-1 $157 $91 $250 $251 forward $52 $-1 #
-153 coedge $-1 353172 -1 $-1 $91 $157 $162 $252 forward $52 $-1 #
-154 coedge $-1 353229 -1 $-1 $247 $253 $91 $155 reversed $254 $-1 #
-155 edge $255 353065 -1 $-1 $256 -0.0068701670145098256 $257 0.0069598876610686032 $91 $258 forward @7 unknown T -0.0027349247824982065 0.014269999999999994 -0.0075124504158452544 -0.0027349247349520121 0.014270000000000003 0.0063176042597331743 #
-156 coedge $-1 353217 -1 $-1 $93 $92 $259 $260 reversed $31 $-1 #
-157 coedge $-1 353112 -1 $-1 $153 $152 $92 $158 forward $52 $-1 #
-158 edge $261 353062 -1 $-1 $262 -0.0069598876610126367 $165 0.0068701669979744657 $92 $263 forward @7 unknown T -0.0027349247824982117 0.022769999999999995 -0.0075124504157892888 -0.0027349247824982048 0.022770000000000002 0.0063176042431978136 #
-159 coedge $-1 353258 -1 $-1 $264 $265 $93 $160 forward $245 $-1 #
-160 edge $266 353064 -1 $-1 $166 -0.0080326921518107976 $267 0.00802130820481654 $159 $268 forward @7 unknown T 0.007079703427858886 0.022769999999999995 -0.0085855914137703063 0.0070797034278589008 0.022770000000000002 0.0074684089428570313 #
-161 coedge $-1 353661 -1 $-1 $151 $94 $265 $269 reversed $89 $270 #
-162 coedge $-1 353173 -1 $-1 $94 $151 $153 $252 reversed $89 $271 #
-163 pcurve $-1 -1 -1 $-1 0 reversed { exppc nubs 1 open 2 
	-2.8140297292319647 1 1.0779590238399819 1 
	2.8140297292319647 0.022769999999999985 
	-1.0779590238399819 0.022769999999999985 
	0 
	-1 
	spline reversed { ref 4 } I I I I 
	} 0 0 #
-164 string_attrib-name_attrib-gen-attrib $-1 -1 $-1 $-1 $95 2 1 1 1 1 1 1 1 1 1 1 1 1 1 0 1 1 1 @17 ATTRIB_XACIS_NAME @7 1:18005 #
-165 vertex $-1 353656 -1 $-1 $252 $272 #
-166 vertex $-1 353657 -1 $-1 $95 $273 #
-167 intcurve-curve $-1 -1 -1 $-1 reversed { exactcur full nubs 3 open 2 
	0.7178991242374575 3 0.86560109359357817 3 
	-0.0027349247824982091 0.022769999999999985 0.0063176042431978136 
	0.00054110281572364435 0.022769999999999985 0.0068872639533415119 
	0.0038113375768164788 0.022769999999999985 0.0072252239460199293 
	0.0070797034278588748 0.022769999999999985 0.0074684089428570313 
	0 
	null_surface 
	null_surface 
	nullbs 
	nullbs 
	-1 
	-1 
	I I 
	0 
	0 
	0 
	
	-1 
	none F F 1 F 0 } I I #
-168 string_attrib-name_attrib-gen-attrib $-1 -1 $-1 $-1 $97 2 1 1 1 1 1 1 1 1 1 1 1 1 1 0 1 1 1 @17 ATTRIB_XACIS_NAME @7 1:17651 #
-169 face $274 352944 -1 $-1 $-1 $275 $6 $-1 $276 reversed single T -0.0027349247824982117 0.0058999999999999608 -0.008585591413770308 0.0070797034278589129 0.0059000000000000033 0.0074684089428570313 F #
-170 plane-surface $-1 -1 -1 $-1 0.0070797034278588878 0.029999999999999995 -0.00062876198408383811 -1 1.0058164623697433e-16 1.0291156174788994e-16 -1.0291156174788997e-16 -4.116462469915599e-16 -1 forward_v I I I I #
-171 coedge $-1 353230 -1 $-1 $277 $176 $104 $184 forward $98 $-1 #
-172 coedge $-1 353161 -1 $-1 $278 $99 $107 $189 reversed $57 $279 #
-173 coedge $-1 353799 -1 $-1 $99 $278 $277 $280 reversed $57 $281 #
-174 pcurve $-1 -1 -1 $-1 0 forward { exppc nubs 1 open 2 
	0.7178991242374575 1 0.86560109359357829 1 
	0.7178991242374575 0.013530000000000004 
	0.86560109359357829 0.013530000000000004 
	0 
	-1 
	spline reversed { ref 4 } F 0.7178991242374575 F 0.86560109359357829 F 0.0058999999999999608 F 0.022770000000000002 
	} 0 0 #
-175 coedge $-1 353808 -1 $-1 $101 $100 $282 $283 forward $35 $284 #
-176 coedge $-1 353807 -1 $-1 $171 $285 $100 $177 forward $98 $-1 #
-177 edge $286 353053 -1 $-1 $287 -0.011300000000000004 $182 -0.0036700000000000031 $100 $288 forward @7 unknown T -0.0027349247824982117 0.0058999999999999955 -0.0075124504157892905 -0.0027349247824982048 0.013529999999999997 -0.0075124504157892888 #
-178 pcurve $-1 -1 -1 $-1 0 forward { exppc nubs 1 open 2 
	-0.0055699999999999951 1 0.011300000000000004 1 
	0.27703209238311111 0.022779999999999995 
	0.27703209238311111 0.0059099999999999847 
	1.0000000000000001e-05 
	-1 
	spline reversed { ref 2 } I I I I 
	} 0 0 #
-179 edge $289 353055 -1 $-1 $111 0.0036700000000000031 $290 0.011300000000000004 $101 $291 reversed @7 unknown T 0.0070797034278588938 0.0058999999999999955 -0.0085855914145457884 0.0070797034357747259 0.013529999999999997 -0.0085855914137703063 #
-180 pcurve $-1 -1 -1 $-1 0 forward { exppc nubs 1 open 2 
	-0.011300000000000004 1 0.0055699999999999951 1 
	0.12974365006067767 0.0059099999999999847 
	0.12974365006067767 0.022779999999999995 
	1.0000000000000001e-05 
	-1 
	spline reversed { ref 2 } I I I I 
	} 0 0 #
-181 string_attrib-name_attrib-gen-attrib $-1 -1 $-1 $-1 $102 2 1 1 1 1 1 1 1 1 1 1 1 1 1 0 1 1 1 @17 ATTRIB_XACIS_NAME @7 1:17978 #
-182 vertex $-1 353801 -1 $-1 $184 $292 #
-183 intcurve-curve $-1 -1 -1 $-1 forward { surfintcur full nubs 3 open 2 
	-0.0097570216288412268 3 -0 3 
	0.0070897034278589151 0.013529999999999997 -0.0085860809532754545 
	0.0037400382726790705 0.013529999999999997 -0.008422198858849813 
	0.00044121281658170575 0.013529999999999997 -0.008163278010791853 
	-0.0027449247824982113 0.013529999999999997 -0.0075104026727474925 
	1.662389352536798e-08 
	plane -0.00029911865763769492 0.01353 -0.00049980443382369752 -1.0058164623697429e-16 -1 4.081702296415982e-16 -0 -4.081702296415982e-16 -1 forward_v I I I I 
	spline reversed { ref 2 } I I I I 
	nullbs 
	nubs 3 open 2 
	-0.0097570216288412268 3 -0 3 
	0.12959685375370777 0.013539999999999996 
	0.17876792668819885 0.013539999999999996 
	0.22797052149795013 0.013539999999999996 
	0.27718655589300822 0.013539999999999996 
	
	-1 
	-1 
	I I 
	0 
	0 
	0 
	
	-1 
	none F } I I #
-184 edge $293 353051 -1 $-1 $182 -0.0069598876610126401 $186 0.0068701669979744622 $171 $294 forward @7 unknown T -0.002734924782498207 0.013529999999999997 -0.0075124504157892905 -0.0027349247824982048 0.013530000000000004 0.0063176042431978118 #
-185 string_attrib-name_attrib-gen-attrib $-1 -1 $-1 $-1 $105 2 1 1 1 1 1 1 1 1 1 1 1 1 1 0 1 1 1 @17 ATTRIB_XACIS_NAME @7 1:17972 #
-186 vertex $-1 353794 -1 $-1 $280 $295 #
-187 intcurve-curve $-1 -1 -1 $-1 forward { exactcur full nubs 3 open 9 
	-1.0779590238399819 3 -0.5 3 0.36127635196199465 1 0.46945142820195473 1 0.5029950953784319 1 
	0.53653876255490895 1 0.63716976408434034 1 1.5 3 4.2413636049009389 3 
	0.07995871772459634 0.013530000000000004 -0.084839111392087385 
	0.069367690726470158 0.013530000000000004 -0.06611112766273379 
	0.058776663728343975 0.013530000000000004 -0.047383143933380188 
	0.048185636730217786 0.013530000000000004 -0.028655160204026586 
	0.032402855044638211 0.013530000000000004 -0.0007466600497195823 
	0.0067919010316905898 0.013530000000000004 -0.014479336494540123 
	-0.013103333406330221 0.013530000000000004 -0.0035316237150253798 
	-0.016598237315275391 0.013530000000000004 0.00018503852681811268 
	-0.013337314676454499 0.013530000000000004 0.003590522563381604 
	0.0088634010912183609 0.013530000000000004 0.010831316722825782 
	0.029979447022184136 0.013530000000000004 0.0047853919256121633 
	0.049401342093241658 0.013530000000000004 0.016206191774500986 
	0.11110812295205059 0.013530000000000004 0.052492084110409259 
	0.17281490381085954 0.013530000000000004 0.088777976446317533 
	0.23452168466966847 0.013530000000000004 0.12506386878222581 
	0 
	null_surface 
	null_surface 
	nullbs 
	nullbs 
	-1 
	-1 
	I I 
	0 
	2 -0.5 1.5 
	5 0.36127635196199465 0.46945142820195473 0.5029950953784319 0.53653876255490895 0.63716976408434034 
	
	-1 
	none F F -0.5 F 1.5 } F 0.7178991242374575 F 0.86560109359357829 #
-188 coedge $-1 353107 -1 $-1 $107 $106 $296 $297 forward $108 $-1 #
-189 edge $298 353056 -1 $-1 $299 0.0059000000000000016 $110 0.013530000000000002 $107 $300 forward @7 unknown T 0.0070797034113587645 0.0059000000000000016 0.0074684089404016257 0.0070797034278589008 0.013530000000000002 0.0074684089428570313 #
-190 point $-1 -1 -1 $-1 0.0070797034113587645 0.013530000000000002 0.0074684089404016257 #
-191 point $-1 -1 -1 $-1 0.0070797034357747259 0.013529999999999997 -0.0085855914145457884 #
-192 string_attrib-name_attrib-gen-attrib $-1 -1 $-1 $-1 $114 2 1 1 1 1 1 1 1 1 1 1 1 1 1 0 1 1 1 @17 ATTRIB_XACIS_NAME @7 1:17546 #
-193 face $301 352909 -1 $-1 $302 $303 $4 $-1 $304 forward single T -0.0027349247824982117 0.023509999999999996 -0.0075124504157892923 -0.0027349247824981632 0.030000000000000002 0.0063176042431978205 T -0.0069071293400596815 0.0069229253189274313 -3.4694469519536142e-18 0.0064899999999999992 #
-194 loop $-1 353195 -1 $-1 $-1 $305 $114 T -0.0027349247824982074 0.023509999999999975 0.0063176042431978118 0.0070797034278589008 0.030000000000000002 0.0074684089428570322 periphery $195 T #
-195 spline-surface $-1 -1 -1 $-1 forward { ref 0 } F 0.71789912423745761 F 0.86560109359357806 F 0.023509999999999975 F 0.030000000000000041 #
-196 coedge $-1 354027 -1 $-1 $306 $307 $308 $309 forward $115 $-1 #
-197 coedge $-1 354031 -1 $-1 $122 $117 $307 $310 reversed $66 $311 #
-198 coedge $-1 353212 -1 $-1 $117 $122 $312 $313 reversed $66 $314 #
-199 coedge $-1 353215 -1 $-1 $315 $308 $117 $200 reversed $316 $-1 #
-200 edge $317 352975 -1 $-1 $318 -0.27703209238311099 $319 -0.12974365006067734 $117 $320 forward @7 unknown T -0.0027349247824982117 0.023509999999999996 -0.008585591413770308 0.0070797034278589129 0.023509999999999996 -0.0075124504157892888 #
-201 pcurve $-1 -1 -1 $-1 0 forward { exppc nubs 1 open 2 
	-0.27703209238311111 1 -0.12974365006067734 1 
	0.27703209238311111 0.023519999999999999 
	0.12974365006067734 0.023519999999999999 
	0 
	-1 
	spline reversed { ref 2 } F 0.12974365006067734 F 0.27703209238311111 F 0.014279999999999987 F 0.030009999999999995 
	} 0 0 #
-202 coedge $-1 353256 -1 $-1 $321 $322 $323 $324 reversed $118 $-1 #
-203 coedge $-1 353135 -1 $-1 $119 $119 $216 $325 reversed $68 $-1 #
-204 edge $326 352962 -1 $-1 $221 -0.70942097225739664 $218 -0.28576509640698866 $119 $327 reversed @7 unknown T -0.016598237315275391 0.029999999999999971 -0.0073925569746052791 -0.0032991186576376542 0.029999999999999999 0.0062171920467967538 #
-205 coedge $-1 353370 -1 $-1 $121 $120 $328 $329 forward $40 $-1 #
-206 coedge $-1 353254 -1 $-1 $307 $306 $120 $207 forward $115 $-1 #
-207 edge $330 352965 -1 $-1 $331 -0.012011106866654041 $213 0.0040428934899732986 $206 $332 forward @7 unknown T 0.007079703427858886 0.029999999999999992 -0.0085855914137703063 0.0070797034278588938 0.030000000000000002 0.0074684089428570331 #
-208 coedge $-1 353136 -1 $-1 $333 $312 $121 $209 forward $303 $-1 #
-209 edge $334 352967 -1 $-1 $212 0.00019838730184622809 $335 0.014028441960833334 $208 $336 forward @7 unknown T -0.0027349247824982061 0.029999999999999995 -0.0075124504157892923 -0.0027349247824982044 0.030000000000000002 0.0063176042431978136 #
-210 pcurve $-1 -1 -1 $-1 0 forward { exppc nubs 1 open 2 
	0.1297436500606777 1 0.27703209238311105 1 
	0.12974365006067767 0.030009999999999981 
	0.27703209238311111 0.030009999999999995 
	1.0000000000000001e-05 
	-1 
	spline reversed { ref 2 } I I I I 
	} 0 0 #
-211 string_attrib-name_attrib-gen-attrib $-1 -1 $-1 $-1 $123 2 1 1 1 1 1 1 1 1 1 1 1 1 1 0 1 1 1 @17 ATTRIB_XACIS_NAME @7 1:17714 #
-212 vertex $-1 354030 -1 $-1 $123 $337 #
-213 vertex $-1 354029 -1 $-1 $310 $338 #
-214 intcurve-curve $-1 -1 -1 $-1 reversed { exactcur full nubs 3 open 2 
	0.1297436500606777 3 0.27703209238311105 3 
	0.0070797034278588869 0.029999999999999988 -0.0085855914137703028 
	0.0037352477776716598 0.029999999999999992 -0.0084217698985615229 
	0.00044368856135113877 0.029999999999999995 -0.0081629136992152594 
	-0.0027349247824982039 0.029999999999999999 -0.0075124504157892923 
	0 
	null_surface 
	null_surface 
	nullbs 
	nullbs 
	-1 
	-1 
	I I 
	0 
	0 
	0 
	
	-1 
	none F F 1 F 0 } I I #
-215 pcurve $-1 -1 -1 $-1 0 forward { exppc nubs 1 open 2 
	-1.0779590238399819 1 2.8140297292319647 1 
	-1.0779590238399819 0.029999999999999971 
	2.8140297292319647 0.029999999999999971 
	0 
	-1 
	spline reversed { ref 0 } I I I I 
	} 0 0 #
-216 coedge $-1 353134 -1 $-1 $125 $128 $203 $325 forward $131 $-1 #
-217 string_attrib-name_attrib-gen-attrib $-1 -1 $-1 $-1 $126 2 1 1 1 1 1 1 1 1 1 1 1 1 1 0 1 1 1 @17 ATTRIB_XACIS_NAME @7 1:17705 #
-218 vertex $-1 354137 -1 $-1 $204 $339 #
-219 straight-curve $-1 -1 -1 $-1 -0.0032991186576376563 0 -0.0073925569746052799 -0 -1 -0 F -0.35986563899037433 F 0.35470563899037527 #
-220 string_attrib-name_attrib-gen-attrib $-1 -1 $-1 $-1 $129 2 1 1 1 1 1 1 1 1 1 1 1 1 1 0 1 1 1 @17 ATTRIB_XACIS_NAME @7 1:17711 #
-221 vertex $-1 354138 -1 $-1 $204 $340 #
-222 straight-curve $-1 -1 -1 $-1 -0.0032991186576377257 0 0.0062171920467967434 0 1 0 F -0.35470563899037527 F 0.35986563899037433 #
-223 face $341 352933 -1 $-1 $342 $131 $4 $-1 $224 forward single T -0.0032991186576377257 0.023509999999999996 -0.0073925569746052799 -0.0032991186576376563 0.030000000000000002 0.0062171920467967573 T -0.0068225131225263646 0.0067872358988756726 -3.4694469519536142e-18 0.0064899999999999992 #
-224 plane-surface $-1 -1 -1 $-1 -0.0032991186576376884 0.029999999999999999 -0.00060532107572961076 -1 1.0058164623697429e-16 -4.9111514833599071e-32 0 -4.8827511450638243e-16 -1 forward_v I I I I #
-225 string_attrib-name_attrib-gen-attrib $-1 -1 $-1 $-1 $137 2 1 1 1 1 1 1 1 1 1 1 1 1 1 0 1 1 1 @17 ATTRIB_XACIS_NAME @7 1:17693 #
-226 face $343 352958 -1 $-1 $-1 $344 $27 $-1 $345 reversed single T -0.016598237315275391 0.0058999999999999608 -0.0073925569746052799 -0.0032991186576376542 0.013530000000000014 0.0062171920467967573 T 0.28576509640698866 0.70942097225739675 0.0058999999999999608 0.013530000000000014 #
-227 loop $-1 353188 -1 $-1 $-1 $346 $137 T -0.016598237315275391 0.0058999999999999608 -0.0073925569746052791 -0.0032991186576376542 0.0059000000000000033 0.0062171920467967573 periphery $228 T #
-228 plane-surface $-1 -1 -1 $-1 -0.00029911865763769486 0.005899999999999999 -0.00049980443382369785 -1.0058164623697429e-16 -1 4.081702296415982e-16 -0 -4.081702296415982e-16 -1 forward_v I I I I #
-229 coedge $-1 353234 -1 $-1 $347 $348 $139 $231 forward $138 $-1 #
-230 coedge $-1 353253 -1 $-1 $139 $139 $349 $350 reversed $81 $-1 #
-231 edge $351 353079 -1 $-1 $352 -0.0067697548015734025 $353 0.0068399942198286226 $229 $354 forward @7 unknown T -0.0032991186576376902 0.013529999999999997 -0.007392556974605273 -0.0032991186576376876 0.013530000000000004 0.0062171920467967521 #
-232 string_attrib-name_attrib-gen-attrib $-1 -1 $-1 $-1 $141 2 1 1 1 1 1 1 1 1 1 1 1 1 1 0 1 1 1 @17 ATTRIB_XACIS_NAME @7 1:17684 #
-233 loop $-1 353170 -1 $-1 $-1 $355 $141 T -0.016598237315275391 0.022769999999999985 -0.0073925569746052791 -0.0032991186576376542 0.022770000000000002 0.0062171920467967573 periphery $234 F #
-234 plane-surface $-1 -1 -1 $-1 -0.00029911865763769486 0.022769999999999999 -0.00049980443382369752 -1.0058164623697429e-16 -1 4.081702296415982e-16 -0 -4.081702296415982e-16 -1 forward_v I I I I #
-235 coedge $-1 353240 -1 $-1 $356 $357 $145 $238 forward $142 $358 #
-236 coedge $-1 353174 -1 $-1 $359 $144 $357 $360 forward $84 $-1 #
-237 coedge $-1 353220 -1 $-1 $144 $359 $356 $361 forward $84 $-1 #
-238 edge $362 353074 -1 $-1 $241 -0.70942097225739675 $240 -0.28576509640698866 $235 $363 forward @7 unknown T -0.016598237315275391 0.014269999999999996 -0.0073925569749117345 -0.0032991186305470891 0.014270000000000003 0.0062171920566635149 #
-239 string_attrib-name_attrib-gen-attrib $-1 -1 $-1 $-1 $146 2 1 1 1 1 1 1 1 1 1 1 1 1 1 0 1 1 1 @17 ATTRIB_XACIS_NAME @7 1:18041 #
-240 vertex $-1 353938 -1 $-1 $146 $364 #
-241 vertex $-1 353937 -1 $-1 $360 $365 #
-242 straight-curve $-1 -1 -1 $-1 -0.0032991186576376902 0.014269999999999998 -0.00055256275477665105 -8.057081191323283e-33 4.081702296415982e-16 1 I I #
-243 string_attrib-name_attrib-gen-attrib $-1 -1 $-1 $-1 $148 2 1 1 1 1 1 1 1 1 1 1 1 1 1 0 1 1 1 @17 ATTRIB_XACIS_NAME @7 1:17669 #
-244 face $366 352950 -1 $-1 $-1 $254 $10 $-1 $49 reversed single T -0.0027349414062495009 0.014269983376106469 -0.0085856080376638336 0.0070797200517524203 0.014270016623893524 0.0074684089428570322 F #
-245 loop $-1 353147 -1 $-1 $-1 $367 $148 T 0.0070797034278588661 0.014269999999999996 -0.0085855914137703063 0.0070797034278589008 0.022770000000000002 0.0074684089428570322 periphery $170 F #
-246 coedge $-1 353664 -1 $-1 $368 $250 $253 $369 forward $149 $370 #
-247 coedge $-1 353166 -1 $-1 $371 $154 $151 $248 reversed $254 $-1 #
-248 edge $372 353068 -1 $-1 $373 -0.86560109359357795 $256 -0.71789912497298014 $151 $374 forward @7 unknown T -0.0027349247349520121 0.014270000000000001 0.0063176042517081449 0.0070797034278588878 0.014270000000000003 0.0074684089428570322 #
-249 pcurve $-1 -1 -1 $-1 0 forward { exppc nubs 1 open 2 
	-0.86560109359357829 1 -0.7178991242374575 1 
	0.86560109359357829 0.014270000000000003 
	0.7178991242374575 0.014270000000000003 
	0 
	-1 
	spline reversed { ref 4 } F 0.7178991242374575 F 0.86560109359357829 F 0.0058999999999999608 F 0.022770000000000002 
	} 0 0 #
-250 coedge $-1 353218 -1 $-1 $246 $259 $152 $251 reversed $149 $375 #
-251 edge $376 353066 -1 $-1 $257 -0.0029300000000000038 $262 0.0055699999999999951 $250 $288 forward @7 unknown T -0.0027349247824982117 0.014269999999999996 -0.0075124504158452544 -0.0027349247823614683 0.022769999999999995 -0.0075124504157892888 #
-252 edge $377 353067 -1 $-1 $165 -0.022770000000000002 $256 -0.014270000000000003 $153 $378 forward @7 unknown T -0.0027349247824982048 0.014270000000000003 0.0063176042431978136 -0.0027349247349520121 0.022770000000000002 0.0063176042597331743 #
-253 coedge $-1 353665 -1 $-1 $154 $371 $246 $369 reversed $254 $-1 #
-254 loop $-1 353148 -1 $-1 $-1 $371 $244 T -0.0027349414062495009 0.014269983376106469 -0.0085856080376638336 0.0070797200517524203 0.014270016623893524 0.0074684089428570322 periphery $49 T #
-255 string_attrib-name_attrib-gen-attrib $-1 -1 $-1 $-1 $155 2 1 1 1 1 1 1 1 1 1 1 1 1 1 0 1 1 1 @17 ATTRIB_XACIS_NAME @7 1:18017 #
-256 vertex $-1 353655 -1 $-1 $155 $379 #
-257 vertex $-1 353663 -1 $-1 $251 $380 #
-258 straight-curve $-1 -1 -1 $-1 -0.0027349247824982065 0.014269999999999998 -0.00055256275477665105 8.057081191323283e-33 -4.081702296415982e-16 -1 I I #
-259 coedge $-1 353216 -1 $-1 $250 $368 $156 $260 forward $149 $381 #
-260 edge $382 353063 -1 $-1 $267 0.12974365006067734 $262 0.27703209238311099 $259 $383 forward @7 unknown T -0.0027349247824982117 0.022769999999999995 -0.008585591413770308 0.0070797034278589129 0.022769999999999999 -0.0075124504157892888 #
-261 string_attrib-name_attrib-gen-attrib $-1 -1 $-1 $-1 $158 2 1 1 1 1 1 1 1 1 1 1 1 1 1 0 1 1 1 @17 ATTRIB_XACIS_NAME @7 1:18008 #
-262 vertex $-1 353667 -1 $-1 $260 $384 #
-263 straight-curve $-1 -1 -1 $-1 -0.0027349247824982057 0.022769999999999999 -0.00055256275477665257 -8.057081191323283e-33 4.081702296415982e-16 1 I I #
-264 coedge $-1 353669 -1 $-1 $367 $159 $368 $385 forward $245 $-1 #
-265 coedge $-1 353660 -1 $-1 $159 $367 $161 $269 forward $245 $-1 #
-266 string_attrib-name_attrib-gen-attrib $-1 -1 $-1 $-1 $160 2 1 1 1 1 1 1 1 1 1 1 1 1 1 0 1 1 1 @17 ATTRIB_XACIS_NAME @7 1:18014 #
-267 vertex $-1 353666 -1 $-1 $385 $386 #
-268 straight-curve $-1 -1 -1 $-1 0.0070797034278588869 0.022769999999999999 -0.00056428320895376667 -1.0291156174788997e-16 -4.081702296415982e-16 -1 I I #
-269 edge $387 353069 -1 $-1 $373 0.014270000000000001 $166 0.022770000000000002 $265 $300 forward @7 unknown T 0.0070797034278588661 0.014270000000000001 0.0074684089428570313 0.0070797034278589008 0.022770000000000002 0.0074684089428570322 #
-270 pcurve $-1 -1 -1 $-1 0 reversed { exppc nubs 1 open 2 
	-0.16879752232624406 1 0.17117052232624408 1 
	0.86560109359357806 -0.16879752232624406 
	0.86560109359357806 0.17117052232624408 
	1.0000000000000001e-05 
	-1 
	spline reversed { ref 4 } I I I I 
	} 0 0 #
-271 pcurve $-1 -1 -1 $-1 0 reversed { exppc nubs 1 open 2 
	-0.17117052232624408 1 0.16879752232624406 1 
	0.71789912423745772 0.17117052232624408 
	0.71789912423745772 -0.16879752232624406 
	1.0000000000000001e-05 
	-1 
	spline reversed { ref 4 } I I I I 
	} 0 0 #
-272 point $-1 -1 -1 $-1 -0.0027349247824982048 0.022770000000000002 0.0063176042431978136 #
-273 point $-1 -1 -1 $-1 0.0070797034278589008 0.022770000000000002 0.0074684089428570313 #
-274 string_attrib-name_attrib-gen-attrib $-1 -1 $-1 $-1 $169 2 1 1 1 1 1 1 1 1 1 1 1 1 1 0 1 1 1 @17 ATTRIB_XACIS_NAME @7 1:17654 #
-275 loop $-1 353110 -1 $-1 $-1 $388 $169 T -0.0027349247824982117 0.0058999999999999608 -0.008585591413770308 0.0070797034278589129 0.0059000000000000033 0.0074684089428570313 periphery $276 T #
-276 plane-surface $-1 -1 -1 $-1 -0.00029911865763769486 0.005899999999999999 -0.00049980443382369785 -1.0058164623697429e-16 -1 4.081702296415982e-16 -0 -4.081702296415982e-16 -1 forward_v I I I I #
-277 coedge $-1 353798 -1 $-1 $285 $171 $173 $280 forward $98 $-1 #
-278 coedge $-1 353209 -1 $-1 $173 $172 $388 $389 forward $57 $390 #
-279 pcurve $-1 -1 -1 $-1 0 reversed { ref 21 } 0 0 #
-280 edge $391 353058 -1 $-1 $186 -0.013530000000000004 $392 -0.0059000000000000016 $277 $378 forward @7 unknown T -0.002734924782498207 0.0059000000000000016 0.0063176042431978118 -0.0027349247824981909 0.013530000000000004 0.0063176042431978136 #
-281 pcurve $-1 -1 -1 $-1 0 reversed { ref 22 } 0 0 #
-282 coedge $-1 353809 -1 $-1 $393 $296 $175 $283 reversed $275 $-1 #
-283 edge $394 353054 -1 $-1 $287 -0.27703209238311099 $290 -0.12974365006067734 $175 $395 forward @7 unknown T -0.0027349247824982117 0.0058999999999999947 -0.008585591413770308 0.0070797034278589129 0.0058999999999999955 -0.0075124504157892888 #
-284 pcurve $-1 -1 -1 $-1 0 forward { exppc nubs 1 open 2 
	-0.27703209238311111 1 -0.12974365006067734 1 
	0.27703209238311111 0.0059099999999999977 
	0.12974365006067734 0.0059099999999999977 
	0 
	-1 
	spline reversed { ref 2 } F 0.12974365006067734 F 0.27703209238311111 F 9.9999999999961231e-06 F 0.01354 
	} 0 0 #
-285 coedge $-1 353262 -1 $-1 $176 $277 $393 $396 forward $98 $-1 #
-286 string_attrib-name_attrib-gen-attrib $-1 -1 $-1 $-1 $177 2 1 1 1 1 1 1 1 1 1 1 1 1 1 0 1 1 1 @17 ATTRIB_XACIS_NAME @7 1:17981 #
-287 vertex $-1 353804 -1 $-1 $177 $397 #
-288 straight-curve $-1 -1 -1 $-1 -0.0027349247824982117 0.0172 -0.0075124504157892888 0 1 0 I I #
-289 string_attrib-name_attrib-gen-attrib $-1 -1 $-1 $-1 $179 2 1 1 1 1 1 1 1 1 1 1 1 1 1 0 1 1 1 @17 ATTRIB_XACIS_NAME @7 1:17987 #
-290 vertex $-1 353805 -1 $-1 $283 $398 #
-291 straight-curve $-1 -1 -1 $-1 0.0070797034278588938 0.0172 -0.0085855914137703063 0 1 0 I I #
-292 point $-1 -1 -1 $-1 -0.0027349247824982048 0.013529999999999997 -0.0075124504157892905 #
-293 string_attrib-name_attrib-gen-attrib $-1 -1 $-1 $-1 $184 2 1 1 1 1 1 1 1 1 1 1 1 1 1 0 1 1 1 @17 ATTRIB_XACIS_NAME @7 1:17975 #
-294 straight-curve $-1 -1 -1 $-1 -0.0027349247824982065 0.01353 -0.00055256275477665073 -8.057081191323283e-33 4.081702296415982e-16 1 I I #
-295 point $-1 -1 -1 $-1 -0.002734924782498207 0.013530000000000004 0.0063176042431978118 #
-296 coedge $-1 353108 -1 $-1 $282 $388 $188 $297 reversed $275 $-1 #
-297 edge $399 353060 -1 $-1 $290 -0.0080213082048165435 $299 0.0080326921518107941 $188 $400 forward @7 unknown T 0.0070797034278588843 0.0058999999999999955 -0.0085855914137703063 0.0070797034278589008 0.0059000000000000025 0.0074684089428570313 #
-298 string_attrib-name_attrib-gen-attrib $-1 -1 $-1 $-1 $189 2 1 1 1 1 1 1 1 1 1 1 1 1 1 0 1 1 1 @17 ATTRIB_XACIS_NAME @7 1:17990 #
-299 vertex $-1 353796 -1 $-1 $389 $401 #
-300 straight-curve $-1 -1 -1 $-1 0.0070797034278588661 0 0.0074684089428570313 0 1 0 F -0.16879752232624406 F 0.17117052232624408 #
-301 string_attrib-name_attrib-gen-attrib $-1 -1 $-1 $-1 $193 2 1 1 1 1 1 1 1 1 1 1 1 1 1 0 1 1 1 @17 ATTRIB_XACIS_NAME @7 1:17549 #
-302 face $402 352910 -1 $-1 $403 $404 $4 $-1 $405 forward single T 0.0077008813423622771 0.023509999999999996 -0.0086149689970946089 0.0077008813423623465 0.029999999999999999 0.0075135232996920015 T -0.0079862070130107717 0.0081422852837758387 0 0.0064900000000000027 #
-303 loop $-1 353129 -1 $-1 $-1 $406 $193 T -0.0027349247824982117 0.023509999999999996 -0.0075124504157892923 -0.0027349247824981632 0.030000000000000002 0.0063176042431978205 periphery $304 F #
-304 plane-surface $-1 -1 -1 $-1 -0.0027349247824982048 0.029999999999999999 -0.00060532107572961076 1 -1.0058164623697429e-16 4.9111514833599071e-32 0 4.8827511450638243e-16 1 forward_v I I I I #
-305 coedge $-1 354020 -1 $-1 $407 $408 $409 $410 forward $194 $411 #
-306 coedge $-1 354023 -1 $-1 $206 $196 $408 $412 forward $115 $-1 #
-307 coedge $-1 354032 -1 $-1 $196 $206 $197 $310 forward $115 $-1 #
-308 coedge $-1 354028 -1 $-1 $199 $409 $196 $309 reversed $316 $-1 #
-309 edge $413 352978 -1 $-1 $319 -0.00802130820481654 $414 0.0080326921518107976 $196 $415 forward @7 unknown T 0.007079703427858886 0.023509999999999996 -0.0085855914137703063 0.0070797034278589008 0.023510000000000003 0.0074684089428570313 #
-310 edge $416 352976 -1 $-1 $213 -0.012799999999999992 $319 -0.0063099999999999962 $197 $291 reversed @7 unknown T 0.0070797034278588878 0.023509999999999996 -0.0085855914137703063 0.0070797034278588938 0.029999999999999992 -0.0085855914137703063 #
-311 pcurve $-1 -1 -1 $-1 0 forward { exppc nubs 1 open 2 
	-0.0029300000000000055 1 0.012799999999999992 1 
	0.12974365006067767 0.014279999999999987 
	0.12974365006067767 0.030009999999999995 
	1.0000000000000001e-05 
	-1 
	spline reversed { ref 2 } I I I I 
	} 0 0 #
-312 coedge $-1 353213 -1 $-1 $208 $406 $198 $313 forward $303 $-1 #
-313 edge $417 352977 -1 $-1 $318 0.0063099999999999962 $212 0.012799999999999999 $198 $288 forward @7 unknown T -0.0027349247824982117 0.023509999999999996 -0.0075124504157892923 -0.0027349247824982044 0.029999999999999999 -0.0075124504157892888 #
-314 pcurve $-1 -1 -1 $-1 0 forward { exppc nubs 1 open 2 
	-0.012799999999999999 1 0.002930000000000002 1 
	0.27703209238311111 0.030009999999999995 
	0.27703209238311111 0.014280000000000001 
	1.0000000000000001e-05 
	-1 
	spline reversed { ref 2 } I I I I 
	} 0 0 #
-315 coedge $-1 353127 -1 $-1 $409 $199 $406 $418 reversed $316 $-1 #
-316 loop $-1 353128 -1 $-1 $-1 $409 $419 T -0.0027349247824982117 0.023509999999999975 -0.008585591413770308 0.0070797034278589129 0.023510000000000007 0.0074684089428570313 periphery $420 T #
-317 string_attrib-name_attrib-gen-attrib $-1 -1 $-1 $-1 $200 2 1 1 1 1 1 1 1 1 1 1 1 1 1 0 1 1 1 @17 ATTRIB_XACIS_NAME @7 1:17747 #
-318 vertex $-1 354026 -1 $-1 $313 $421 #
-319 vertex $-1 354025 -1 $-1 $200 $422 #
-320 intcurve-curve $-1 -1 -1 $-1 reversed { exactcur full nubs 3 open 7 
	-0.5 3 0.36127635196199465 1 0.46945142820195473 1 0.5029950953784319 1 0.53653876255490895 1 
	0.63716976408434034 1 1.5 3 
	0.048185636730217786 0.023509999999999996 -0.028655160204026586 
	0.032402855044638211 0.023509999999999996 -0.0007466600497195823 
	0.0067919010316905898 0.023509999999999996 -0.014479336494540123 
	-0.013103333406330221 0.023509999999999996 -0.0035316237150253798 
	-0.016598237315275391 0.023509999999999996 0.00018503852681811268 
	-0.013337314676454499 0.023509999999999996 0.003590522563381604 
	0.0088634010912183609 0.023509999999999996 0.010831316722825782 
	0.029979447022184136 0.023509999999999996 0.0047853919256121633 
	0.049401342093241658 0.023509999999999996 0.016206191774500986 
	0 
	null_surface 
	null_surface 
	nullbs 
	nullbs 
	-1 
	-1 
	I I 
	0 
	0 
	5 0.36127635196199465 0.46945142820195473 0.5029950953784319 0.53653876255490895 0.63716976408434034 
	
	-1 
	none F F 1 F 0 } F -0.27703209238311111 F -0.12974365006067734 #
-321 coedge $-1 353284 -1 $-1 $423 $202 $424 $425 forward $118 $-1 #
-322 coedge $-1 353317 -1 $-1 $202 $426 $427 $428 forward $118 $-1 #
-323 coedge $-1 353257 -1 $-1 $429 $430 $202 $324 forward $404 $-1 #
-324 edge $431 352969 -1 $-1 $432 0.0004420174085876822 $433 0.016570509705374284 $202 $434 forward @7 unknown T 0.0077008813423623083 0.029999999999999995 -0.0086149689970946089 0.0077008813423623118 0.029999999999999999 0.0075135232996919937 #
-325 edge $435 352968 -1 $-1 $221 0.000283003519379545 $218 0.01389275254078157 $216 $436 forward @7 unknown T -0.0032991186576376884 0.029999999999999995 -0.0073925569746052721 -0.0032991186576376871 0.030000000000000002 0.0062171920467967538 #
-326 string_attrib-name_attrib-gen-attrib $-1 -1 $-1 $-1 $204 2 1 1 1 1 1 1 1 1 1 1 1 1 1 0 1 1 1 @17 ATTRIB_XACIS_NAME @7 1:17708 #
-327 intcurve-curve $-1 -1 -1 $-1 forward { exactcur full nubs 3 open 7 
	0.28576509640698866 3 0.36127635196199465 1 0.46945142820195473 1 0.5029950953784319 1 0.53653876255490895 1 
	0.63716976408434034 1 0.70942097225739664 3 
	-0.0032991186576376542 0.029999999999999971 -0.0073925569746052791 
	-0.004921742788721652 0.029999999999999971 -0.007034737752962119 
	-0.0087943973243673843 0.029999999999999971 -0.0059026937698957432 
	-0.013103333406330221 0.029999999999999971 -0.0035316237150253798 
	-0.016598237315275391 0.029999999999999971 0.00018503852681811268 
	-0.013337314676454499 0.029999999999999971 0.003590522563381604 
	-0.0087407452930551091 0.029999999999999971 0.0050897000265362983 
	-0.004901981068908841 0.029999999999999975 0.0059252999996340823 
	-0.0032991186576376849 0.029999999999999971 0.0062171920467967521 
	0 
	null_surface 
	null_surface 
	nullbs 
	nullbs 
	-1 
	-1 
	I I 
	0 
	0 
	5 0.36127635196199465 0.46945142820195473 0.5029950953784319 0.53653876255490895 0.63716976408434034 
	
	-1 
	none F F 1 F 0 } I I #
-328 coedge $-1 353371 -1 $-1 $408 $407 $205 $329 reversed $194 $437 #
-329 edge $438 352966 -1 $-1 $331 -0.86560109359357795 $335 -0.7178991242374575 $205 $439 reversed @7 unknown T -0.0027349247824982074 0.029999999999999971 0.0063176042431978118 0.007079703427858886 0.030000000000000002 0.0074684089428570322 #
-330 string_attrib-name_attrib-gen-attrib $-1 -1 $-1 $-1 $207 2 1 1 1 1 1 1 1 1 1 1 1 1 1 0 1 1 1 @17 ATTRIB_XACIS_NAME @7 1:17717 #
-331 vertex $-1 354018 -1 $-1 $329 $440 #
-332 straight-curve $-1 -1 -1 $-1 0.0070797034278588921 0.029999999999999999 -0.0045426979237970077 4.8624987345743327e-16 -4.0817022964159825e-16 -1 I I #
-333 coedge $-1 354021 -1 $-1 $406 $208 $407 $441 forward $303 $-1 #
-334 string_attrib-name_attrib-gen-attrib $-1 -1 $-1 $-1 $209 2 1 1 1 1 1 1 1 1 1 1 1 1 1 0 1 1 1 @17 ATTRIB_XACIS_NAME @7 1:17723 #
-335 vertex $-1 354017 -1 $-1 $329 $442 #
-336 straight-curve $-1 -1 -1 $-1 -0.0027349247824982048 0.029999999999999995 -0.0077108377176355204 0 4.8827511450638243e-16 1 I I #
-337 point $-1 -1 -1 $-1 -0.0027349247824982044 0.029999999999999999 -0.0075124504157892923 #
-338 point $-1 -1 -1 $-1 0.0070797034278588878 0.029999999999999992 -0.0085855914137703063 #
-339 point $-1 -1 -1 $-1 -0.0032991186576376884 0.029999999999999999 -0.0073925569746052721 #
-340 point $-1 -1 -1 $-1 -0.0032991186576376871 0.029999999999999999 0.0062171920467967538 #
-341 string_attrib-name_attrib-gen-attrib $-1 -1 $-1 $-1 $223 2 1 1 1 1 1 1 1 1 1 1 1 1 1 0 1 1 1 @17 ATTRIB_XACIS_NAME @7 1:17621 #
-342 face $443 352934 -1 $-1 $444 $445 $4 $-1 $446 forward single T 0.0077008813423622771 0.014269999999999994 -0.0086149689970946089 0.0077008813423623465 0.022770000000000002 0.0075135232996920015 F #
-343 string_attrib-name_attrib-gen-attrib $-1 -1 $-1 $-1 $226 2 1 1 1 1 1 1 1 1 1 1 1 1 1 0 1 1 1 @17 ATTRIB_XACIS_NAME @7 1:17696 #
-344 loop $-1 353201 -1 $-1 $-1 $349 $226 T -0.016598237315275391 0.0058999999999999608 -0.0073925569746052799 -0.0032991186576376542 0.013530000000000004 0.0062171920467967573 unknown #
-345 spline-surface $-1 -1 -1 $-1 forward { ref 4 } F 0.28576509640698866 F 0.70942097225739675 F 0.0058999999999999608 F 0.013530000000000014 #
-346 coedge $-1 353242 -1 $-1 $447 $447 $448 $449 reversed $227 $-1 #
-347 coedge $-1 353968 -1 $-1 $450 $229 $451 $452 forward $138 $-1 #
-348 coedge $-1 353966 -1 $-1 $229 $450 $453 $454 forward $138 $-1 #
-349 coedge $-1 353252 -1 $-1 $453 $451 $230 $350 forward $344 $455 #
-350 edge $456 353080 -1 $-1 $353 0.28576509640698866 $352 0.70942097225739664 $349 $457 forward @7 unknown T -0.016598237315275391 0.013529999999999999 -0.0073925569746052791 -0.0032991186576376542 0.013530000000000004 0.0062171920467967521 #
-351 string_attrib-name_attrib-gen-attrib $-1 -1 $-1 $-1 $231 2 1 1 1 1 1 1 1 1 1 1 1 1 1 0 1 1 1 @17 ATTRIB_XACIS_NAME @7 1:18059 #
-352 vertex $-1 353963 -1 $-1 $350 $458 #
-353 vertex $-1 353962 -1 $-1 $452 $459 #
-354 straight-curve $-1 -1 -1 $-1 -0.0032991186576376902 0.01353 -0.00055256275477665073 8.057081191323283e-33 -4.081702296415982e-16 -1 I I #
-355 coedge $-1 353222 -1 $-1 $460 $460 $461 $462 reversed $233 $-1 #
-356 coedge $-1 353221 -1 $-1 $461 $235 $237 $361 reversed $142 $463 #
-357 coedge $-1 353175 -1 $-1 $235 $461 $236 $360 reversed $142 $464 #
-358 pcurve $-1 -1 -1 $-1 0 forward { exppc nubs 1 open 2 
	-0.70942097225739675 1 -0.28576509640698866 1 
	0.70942097225739675 0.014269999999999996 
	0.28576509640698866 0.014269999999999996 
	0 
	-1 
	spline reversed { ref 4 } F 0.28576509640698866 F 0.70942097225739675 F 0.0058999999999999608 F 0.022769999999999999 
	} 0 0 #
-359 coedge $-1 353169 -1 $-1 $237 $236 $460 $465 forward $84 $-1 #
-360 edge $466 353075 -1 $-1 $241 0.014270000000000003 $467 0.022770000000000002 $236 $468 forward @7 unknown T -0.003299118657637691 0.014270000000000003 0.0062171920467967573 -0.0032991186305470891 0.022770000000000002 0.0062171920566635149 #
-361 edge $469 353077 -1 $-1 $470 -0.022769999999999995 $240 -0.014269999999999998 $237 $471 forward @7 unknown T -0.003299118657637691 0.014269999999999998 -0.0073925569749117345 -0.0032991186569428211 0.022769999999999995 -0.007392556974605273 #
-362 string_attrib-name_attrib-gen-attrib $-1 -1 $-1 $-1 $238 2 1 1 1 1 1 1 1 1 1 1 1 1 1 0 1 1 1 @17 ATTRIB_XACIS_NAME @7 1:18044 #
-363 intcurve-curve $-1 -1 -1 $-1 reversed { exactcur full nubs 3 open 9 
	-1.0779590238399819 3 -0.5 3 0.36127635196199465 1 0.46945142820195473 1 0.5029950953784319 1 
	0.53653876255490895 1 0.63716976408434034 1 1.5 3 4.2413636049009389 3 
	0.07995871772459634 0.014269999999999996 -0.084839111392087385 
	0.069367690726470158 0.014269999999999996 -0.06611112766273379 
	0.058776663728343975 0.014269999999999996 -0.047383143933380188 
	0.048185636730217786 0.014269999999999996 -0.028655160204026586 
	0.032402855044638211 0.014269999999999996 -0.0007466600497195823 
	0.0067919010316905898 0.014269999999999996 -0.014479336494540123 
	-0.013103333406330221 0.014269999999999996 -0.0035316237150253798 
	-0.016598237315275391 0.014269999999999996 0.00018503852681811268 
	-0.013337314676454499 0.014269999999999996 0.003590522563381604 
	0.0088634010912183609 0.014269999999999996 0.010831316722825782 
	0.029979447022184136 0.014269999999999996 0.0047853919256121633 
	0.049401342093241658 0.014269999999999996 0.016206191774500986 
	0.11110812295205059 0.014269999999999996 0.052492084110409259 
	0.17281490381085954 0.014269999999999996 0.088777976446317533 
	0.23452168466966847 0.014269999999999996 0.12506386878222581 
	0 
	null_surface 
	null_surface 
	nullbs 
	nullbs 
	-1 
	-1 
	I I 
	0 
	2 -0.5 1.5 
	5 0.36127635196199465 0.46945142820195473 0.5029950953784319 0.53653876255490895 0.63716976408434034 
	
	-1 
	none F F -0.5 F 1.5 } F -0.70942097225739675 F -0.28576509640698866 #
-364 point $-1 -1 -1 $-1 -0.0032991186569428211 0.014269999999999998 -0.0073925569749117345 #
-365 point $-1 -1 -1 $-1 -0.0032991186305470891 0.014270000000000003 0.0062171920566635149 #
-366 string_attrib-name_attrib-gen-attrib $-1 -1 $-1 $-1 $244 2 1 1 1 1 1 1 1 1 1 1 1 1 1 0 1 1 1 @17 ATTRIB_XACIS_NAME @7 1:17672 #
-367 coedge $-1 353145 -1 $-1 $265 $264 $371 $472 forward $245 $-1 #
-368 coedge $-1 353668 -1 $-1 $259 $246 $264 $385 reversed $149 $473 #
-369 edge $474 353070 -1 $-1 $257 -0.010050489721543774 $475 -1.0012112380381258e-05 $246 $476 forward @7 unknown T -0.0027349414062495009 0.014269983376106469 -0.0085856080376638336 0.0070797200517524203 0.014270016623893524 -0.0075124337919248701 #
-370 pcurve $-1 -1 -1 $-1 2 $476 0 0 #
-371 coedge $-1 353146 -1 $-1 $253 $247 $367 $472 reversed $254 $-1 #
-372 string_attrib-name_attrib-gen-attrib $-1 -1 $-1 $-1 $248 2 1 1 1 1 1 1 1 1 1 1 1 1 1 0 1 1 1 @17 ATTRIB_XACIS_NAME @7 1:18026 #
-373 vertex $-1 353654 -1 $-1 $269 $477 #
-374 intcurve-curve $-1 -1 -1 $-1 reversed { exactcur full nubs 3 open 9 
	-1.0779590238399819 3 -0.5 3 0.36127635196199465 1 0.46945142820195473 1 0.5029950953784319 1 
	0.53653876255490895 1 0.63716976408434034 1 1.5 3 4.2413636049009389 3 
	0.07995871772459634 0.014270000000000003 -0.084839111392087385 
	0.069367690726470158 0.014270000000000003 -0.06611112766273379 
	0.058776663728343975 0.014270000000000003 -0.047383143933380188 
	0.048185636730217786 0.014270000000000003 -0.028655160204026586 
	0.032402855044638211 0.014270000000000003 -0.0007466600497195823 
	0.0067919010316905898 0.014270000000000003 -0.014479336494540123 
	-0.013103333406330221 0.014270000000000003 -0.0035316237150253798 
	-0.016598237315275391 0.014270000000000003 0.00018503852681811268 
	-0.013337314676454499 0.014270000000000003 0.003590522563381604 
	0.0088634010912183609 0.014270000000000003 0.010831316722825782 
	0.029979447022184136 0.014270000000000003 0.0047853919256121633 
	0.049401342093241658 0.014270000000000003 0.016206191774500986 
	0.11110812295205059 0.014270000000000003 0.052492084110409259 
	0.17281490381085954 0.014270000000000003 0.088777976446317533 
	0.23452168466966847 0.014270000000000003 0.12506386878222581 
	0 
	null_surface 
	null_surface 
	nullbs 
	nullbs 
	-1 
	-1 
	I I 
	0 
	2 -0.5 1.5 
	5 0.36127635196199465 0.46945142820195473 0.5029950953784319 0.53653876255490895 0.63716976408434034 
	
	-1 
	none F F -0.5 F 1.5 } F -0.86560109359357829 F -0.7178991242374575 #
-375 pcurve $-1 -1 -1 $-1 0 forward { ref 12 } 0 0 #
-376 string_attrib-name_attrib-gen-attrib $-1 -1 $-1 $-1 $251 2 1 1 1 1 1 1 1 1 1 1 1 1 1 0 1 1 1 @17 ATTRIB_XACIS_NAME @7 1:18020 #
-377 string_attrib-name_attrib-gen-attrib $-1 -1 $-1 $-1 $252 2 1 1 1 1 1 1 1 1 1 1 1 1 1 0 1 1 1 @17 ATTRIB_XACIS_NAME @7 1:18023 #
-378 straight-curve $-1 -1 -1 $-1 -0.0027349247824981909 0 0.0063176042431978136 -0 -1 -0 F -0.17117052232624408 F 0.16879752232624406 #
-379 point $-1 -1 -1 $-1 -0.0027349247349520121 0.014270000000000003 0.0063176042597331743 #
-380 point $-1 -1 -1 $-1 -0.0027349247823614683 0.014269999999999996 -0.0075124504158452544 #
-381 pcurve $-1 -1 -1 $-1 0 forward { exppc nubs 1 open 2 
	0.12974365006067734 1 0.27703209238311111 1 
	0.12974365006067734 0.022780000000000002 
	0.27703209238311111 0.022780000000000002 
	0 
	-1 
	spline reversed { ref 2 } F 0.12974365006067734 F 0.27703209238311111 F 0.014279999999999987 F 0.030009999999999995 
	} 0 0 #
-382 string_attrib-name_attrib-gen-attrib $-1 -1 $-1 $-1 $260 2 1 1 1 1 1 1 1 1 1 1 1 1 1 0 1 1 1 @17 ATTRIB_XACIS_NAME @7 1:18011 #
-383 intcurve-curve $-1 -1 -1 $-1 forward { exactcur full nubs 3 open 7 
	-0.5 3 0.36127635196199465 1 0.46945142820195473 1 0.5029950953784319 1 0.53653876255490895 1 
	0.63716976408434034 1 1.5 3 
	0.048185636730217786 0.022769999999999999 -0.028655160204026586 
	0.032402855044638211 0.022769999999999999 -0.0007466600497195823 
	0.0067919010316905898 0.022769999999999999 -0.014479336494540123 
	-0.013103333406330221 0.022769999999999999 -0.0035316237150253798 
	-0.016598237315275391 0.022769999999999999 0.00018503852681811268 
	-0.013337314676454499 0.022769999999999999 0.003590522563381604 
	0.0088634010912183609 0.022769999999999999 0.010831316722825782 
	0.029979447022184136 0.022769999999999999 0.0047853919256121633 
	0.049401342093241658 0.022769999999999999 0.016206191774500986 
	0 
	null_surface 
	null_surface 
	nullbs 
	nullbs 
	-1 
	-1 
	I I 
	0 
	0 
	5 0.36127635196199465 0.46945142820195473 0.5029950953784319 0.53653876255490895 0.63716976408434034 
	
	-1 
	none F F 1 F 0 } F 0.12974365006067734 F 0.27703209238311111 #
-384 point $-1 -1 -1 $-1 -0.0027349247824982117 0.022769999999999995 -0.0075124504157892888 #
-385 edge $478 353071 -1 $-1 $267 -0.0055699999999999951 $475 0.0029300000000000038 $368 $291 reversed @7 unknown T 0.0070797034278588886 0.014269999999999996 -0.0085855914137703063 0.0070797034278588938 0.022769999999999995 -0.0085855914137703063 #
-386 point $-1 -1 -1 $-1 0.0070797034278588938 0.022769999999999995 -0.0085855914137703063 #
-387 string_attrib-name_attrib-gen-attrib $-1 -1 $-1 $-1 $269 2 1 1 1 1 1 1 1 1 1 1 1 1 1 0 1 1 1 @17 ATTRIB_XACIS_NAME @7 1:18029 #
-388 coedge $-1 353208 -1 $-1 $296 $393 $278 $389 reversed $275 $-1 #
-389 edge $479 353057 -1 $-1 $299 -0.86560109359357817 $392 -0.7178991242374575 $388 $480 reversed @7 unknown T -0.0027349247824982074 0.0058999999999999608 0.0063176042431978118 0.0070797034278589008 0.0059000000000000016 0.0074684089428570313 #
-390 pcurve $-1 -1 -1 $-1 0 reversed { exppc nubs 1 open 2 
	-1.0779590238399819 1 2.8140297292319647 1 
	-1.0779590238399819 0.0058999999999999608 
	2.8140297292319647 0.0058999999999999608 
	0 
	-1 
	spline reversed { ref 4 } I I I I 
	} 0 0 #
-391 string_attrib-name_attrib-gen-attrib $-1 -1 $-1 $-1 $280 2 1 1 1 1 1 1 1 1 1 1 1 1 1 0 1 1 1 @17 ATTRIB_XACIS_NAME @7 1:17996 #
-392 vertex $-1 353797 -1 $-1 $389 $481 #
-393 coedge $-1 353263 -1 $-1 $388 $282 $285 $396 reversed $275 $-1 #
-394 string_attrib-name_attrib-gen-attrib $-1 -1 $-1 $-1 $283 2 1 1 1 1 1 1 1 1 1 1 1 1 1 0 1 1 1 @17 ATTRIB_XACIS_NAME @7 1:17984 #
-395 intcurve-curve $-1 -1 -1 $-1 reversed { exactcur full nubs 3 open 7 
	-0.5 3 0.36127635196199465 1 0.46945142820195473 1 0.5029950953784319 1 0.53653876255490895 1 
	0.63716976408434034 1 1.5 3 
	0.048185636730217786 0.0058999999999999947 -0.028655160204026586 
	0.032402855044638211 0.0058999999999999947 -0.0007466600497195823 
	0.0067919010316905898 0.0058999999999999947 -0.014479336494540123 
	-0.013103333406330221 0.0058999999999999947 -0.0035316237150253798 
	-0.016598237315275391 0.0058999999999999947 0.00018503852681811268 
	-0.013337314676454499 0.0058999999999999947 0.003590522563381604 
	0.0088634010912183609 0.0058999999999999947 0.010831316722825782 
	0.029979447022184136 0.0058999999999999947 0.0047853919256121633 
	0.049401342093241658 0.0058999999999999947 0.016206191774500986 
	0 
	null_surface 
	null_surface 
	nullbs 
	nullbs 
	-1 
	-1 
	I I 
	0 
	0 
	5 0.36127635196199465 0.46945142820195473 0.5029950953784319 0.53653876255490895 0.63716976408434034 
	
	-1 
	none F F 1 F 0 } F -0.27703209238311111 F -0.12974365006067734 #
-396 edge $482 353059 -1 $-1 $392 -0.0068701669979744631 $287 0.0069598876610126393 $285 $483 forward @7 unknown T -0.0027349247824982117 0.0058999999999999955 -0.0075124504157892888 -0.0027349247824982048 0.0059000000000000033 0.0063176042431978136 #
-397 point $-1 -1 -1 $-1 -0.0027349247824982117 0.0058999999999999955 -0.0075124504157892888 #
-398 point $-1 -1 -1 $-1 0.0070797034278588938 0.0058999999999999955 -0.0085855914137703063 #
-399 string_attrib-name_attrib-gen-attrib $-1 -1 $-1 $-1 $297 2 1 1 1 1 1 1 1 1 1 1 1 1 1 0 1 1 1 @17 ATTRIB_XACIS_NAME @7 1:18002 #
-400 straight-curve $-1 -1 -1 $-1 0.0070797034278588852 0.005899999999999999 -0.00056428320895376353 1.0291156174788997e-16 4.081702296415982e-16 1 I I #
-401 point $-1 -1 -1 $-1 0.0070797034278589008 0.0059000000000000016 0.0074684089428570313 #
-402 string_attrib-name_attrib-gen-attrib $-1 -1 $-1 $-1 $302 2 1 1 1 1 1 1 1 1 1 1 1 1 1 0 1 1 1 @17 ATTRIB_XACIS_NAME @7 1:17552 #
-403 face $484 352911 -1 $-1 $485 $486 $4 $-1 $487 reversed single T 0.0077008340366697117 0 -0.0090000000000000045 0.016000000000000018 0.029999999999999999 -0.0086149216914020426 T -2.9143354396410359e-16 0.12063354747668464 0 0.029999999999999999 #
-404 loop $-1 353184 -1 $-1 $-1 $488 $302 T 0.0077008813423622771 0.023509999999999996 -0.0086149689970946089 0.0077008813423623465 0.029999999999999999 0.0075135232996920015 periphery $405 F #
-405 plane-surface $-1 -1 -1 $-1 0.0077008813423623118 0.029999999999999999 -0.00062876198408383724 1 -1.0058164623697429e-16 0 0 0 1 forward_v I I I I #
-406 coedge $-1 353126 -1 $-1 $312 $333 $315 $418 forward $303 $-1 #
-407 coedge $-1 354022 -1 $-1 $328 $305 $333 $441 reversed $194 $489 #
-408 coedge $-1 354024 -1 $-1 $305 $328 $306 $412 reversed $194 $490 #
-409 coedge $-1 354019 -1 $-1 $308 $315 $305 $410 reversed $316 $-1 #
-410 edge $491 352980 -1 $-1 $414 -0.86560109359357817 $492 -0.7178991242374575 $409 $493 reversed @7 unknown T -0.0027349247824982074 0.023509999999999975 0.0063176042431978118 0.0070797034278589008 0.023510000000000003 0.0074684089428570313 #
-411 pcurve $-1 -1 -1 $-1 0 reversed { exppc nubs 1 open 2 
	-1.0779590238399819 1 2.8140297292319647 1 
	-1.0779590238399819 0.023509999999999975 
	2.8140297292319647 0.023509999999999975 
	0 
	-1 
	spline reversed { ref 0 } I I I I 
	} 0 0 #
-412 edge $494 352979 -1 $-1 $414 0.023510000000000003 $331 0.029999999999999999 $306 $495 forward @7 unknown T 0.0070797034278588522 0.023510000000000003 0.0074684089428570313 0.0070797034278589008 0.029999999999999999 0.0074684089428570322 #
-413 string_attrib-name_attrib-gen-attrib $-1 -1 $-1 $-1 $309 2 1 1 1 1 1 1 1 1 1 1 1 1 1 0 1 1 1 @17 ATTRIB_XACIS_NAME @7 1:17756 #
-414 vertex $-1 354015 -1 $-1 $410 $496 #
-415 straight-curve $-1 -1 -1 $-1 0.0070797034278588869 0.02351 -0.00056428320895376711 1.0291156174788997e-16 4.081702296415982e-16 1 I I #
-416 string_attrib-name_attrib-gen-attrib $-1 -1 $-1 $-1 $310 2 1 1 1 1 1 1 1 1 1 1 1 1 1 0 1 1 1 @17 ATTRIB_XACIS_NAME @7 1:17750 #
-417 string_attrib-name_attrib-gen-attrib $-1 -1 $-1 $-1 $313 2 1 1 1 1 1 1 1 1 1 1 1 1 1 0 1 1 1 @17 ATTRIB_XACIS_NAME @7 1:17753 #
-418 edge $497 352982 -1 $-1 $492 -0.0068701669979744666 $318 0.0069598876610126358 $406 $498 forward @7 unknown T -0.0027349247824982117 0.023509999999999996 -0.0075124504157892888 -0.0027349247824982048 0.023510000000000007 0.0063176042431978136 #
-419 face $499 352915 -1 $-1 $500 $316 $4 $-1 $420 reversed single T -0.0027349247824982117 0.023509999999999975 -0.008585591413770308 0.0070797034278589129 0.023510000000000007 0.0074684089428570313 T -0.0079682133766807283 0.0080857869799466093 -0.002435806124860513 0.0073788220854966073 #
-420 plane-surface $-1 -1 -1 $-1 -0.00029911865763769486 0.02351 -0.00049980443382369785 -1.0058164623697429e-16 -1 4.081702296415982e-16 -0 -4.081702296415982e-16 -1 forward_v I I I I #
-421 point $-1 -1 -1 $-1 -0.0027349247824982117 0.023509999999999996 -0.0075124504157892888 #
-422 point $-1 -1 -1 $-1 0.0070797034278588938 0.023509999999999996 -0.0085855914137703063 #
-423 coedge $-1 353373 -1 $-1 $501 $321 $502 $503 reversed $118 $-1 #
-424 coedge $-1 353285 -1 $-1 $504 $505 $321 $425 reversed $486 $506 #
-425 edge $507 352970 -1 $-1 $432 -0.12063354747668387 $508 2.7755575615628914e-16 $321 $509 reversed @7 unknown T 0.0077008813423623118 0.029999999999999971 -0.0090000000000000045 0.016000000000000018 0.029999999999999999 -0.0086149689970946089 #
-426 coedge $-1 353375 -1 $-1 $322 $501 $510 $511 reversed $118 $-1 #
-427 coedge $-1 353318 -1 $-1 $512 $513 $322 $428 reversed $514 $515 #
-428 edge $516 352974 -1 $-1 $517 -0.99999999999998868 $433 -0.8749587136846817 $322 $518 reversed @7 unknown T 0.0077008813423622745 0.029999999999999971 0.0075135232996919928 0.015999999999999997 0.029999999999999999 0.0079999999999999984 #
-429 coedge $-1 353315 -1 $-1 $488 $323 $513 $519 forward $404 $-1 #
-430 coedge $-1 353354 -1 $-1 $323 $488 $504 $520 forward $404 $-1 #
-431 string_attrib-name_attrib-gen-attrib $-1 -1 $-1 $-1 $324 2 1 1 1 1 1 1 1 1 1 1 1 1 1 0 1 1 1 @17 ATTRIB_XACIS_NAME @7 1:17729 #
-432 vertex $-1 353333 -1 $-1 $520 $521 #
-433 vertex $-1 353296 -1 $-1 $519 $522 #
-434 straight-curve $-1 -1 -1 $-1 0.0077008813423623118 0.029999999999999999 -0.0090569864056822911 0 0 1 I I #
-435 string_attrib-name_attrib-gen-attrib $-1 -1 $-1 $-1 $325 2 1 1 1 1 1 1 1 1 1 1 1 1 1 0 1 1 1 @17 ATTRIB_XACIS_NAME @7 1:17726 #
-436 straight-curve $-1 -1 -1 $-1 -0.0032991186576376884 0.030000000000000002 0.0065001955661762988 0 -4.8827511450638243e-16 -1 I I #
-437 pcurve $-1 -1 -1 $-1 0 forward { exppc nubs 1 open 2 
	-1.0779590238399819 1 2.8140297292319647 1 
	-1.0779590238399819 0.029999999999999971 
	2.8140297292319647 0.029999999999999971 
	0 
	-1 
	spline reversed { ref 0 } I I I I 
	} 0 0 #
-438 string_attrib-name_attrib-gen-attrib $-1 -1 $-1 $-1 $329 2 1 1 1 1 1 1 1 1 1 1 1 1 1 0 1 1 1 @17 ATTRIB_XACIS_NAME @7 1:17720 #
-439 intcurve-curve $-1 -1 -1 $-1 forward { exactcur full nubs 3 open 2 
	0.7178991242374575 3 0.86560109359357795 3 
	-0.0027349247824982074 0.029999999999999971 0.0063176042431978118 
	0.00054110281572363958 0.029999999999999971 0.0068872639533415084 
	0.003811337576816468 0.029999999999999971 0.007225223946019925 
	0.0070797034278588583 0.029999999999999971 0.0074684089428570279 
	0 
	null_surface 
	null_surface 
	nullbs 
	nullbs 
	-1 
	-1 
	I I 
	0 
	0 
	0 
	
	-1 
	none F F 1 F 0 } I I #
-440 point $-1 -1 -1 $-1 0.007079703427858886 0.029999999999999999 0.0074684089428570322 #
-441 edge $523 352981 -1 $-1 $335 -0.030000000000000002 $492 -0.023510000000000003 $333 $524 forward @7 unknown T -0.0027349247824982061 0.023510000000000003 0.0063176042431978136 -0.0027349247824981632 0.030000000000000002 0.0063176042431978205 #
-442 point $-1 -1 -1 $-1 -0.0027349247824982061 0.030000000000000002 0.0063176042431978136 #
-443 string_attrib-name_attrib-gen-attrib $-1 -1 $-1 $-1 $342 2 1 1 1 1 1 1 1 1 1 1 1 1 1 0 1 1 1 @17 ATTRIB_XACIS_NAME @7 1:17624 #
-444 face $525 352935 -1 $-1 $526 $514 $4 $-1 $527 reversed single T 0.0077008763372493818 -2.7755575615628914e-17 0.0075135182945791253 0.016 0.029999999999999999 0.0080000000000000002 T 0.87495871368468137 1 -2.7755575615628914e-17 0.029999999999999971 #
-445 loop $-1 353152 -1 $-1 $-1 $528 $342 T 0.0077008813423622771 0.014269999999999994 -0.0086149689970946089 0.0077008813423623465 0.022770000000000002 0.0075135232996920015 periphery $446 F #
-446 plane-surface $-1 -1 -1 $-1 0.0077008813423623118 0.029999999999999999 -0.00062876198408383724 1 -1.0058164623697429e-16 0 0 0 1 forward_v I I I I #
-447 coedge $-1 353239 -1 $-1 $346 $346 $450 $529 reversed $227 $-1 #
-448 coedge $-1 353243 -1 $-1 $451 $453 $346 $449 forward $344 $530 #
-449 edge $531 353084 -1 $-1 $532 -0.70942097225739653 $533 -0.28576509640698866 $346 $534 reversed @7 unknown T -0.016598237315275391 0.0058999999999999608 -0.0073925569746052791 -0.0032991186576376542 0.0059000000000000016 0.0062171920467967573 #
-450 coedge $-1 353238 -1 $-1 $348 $347 $447 $529 forward $138 $-1 #
-451 coedge $-1 353969 -1 $-1 $349 $448 $347 $452 reversed $344 $535 #
-452 edge $536 353081 -1 $-1 $353 -0.013529999999999999 $533 -0.0058999999999999964 $347 $471 forward @7 unknown T -0.003299118657637691 0.0058999999999999964 -0.0073925569746052799 -0.0032991186576376563 0.013529999999999999 -0.007392556974605273 #
-453 coedge $-1 353967 -1 $-1 $448 $349 $348 $454 reversed $344 $537 #
-454 edge $538 353083 -1 $-1 $532 0.0059000000000000016 $352 0.013530000000000004 $348 $468 forward @7 unknown T -0.003299118657637691 0.0059000000000000016 0.0062171920467967521 -0.0032991186576376876 0.013530000000000004 0.0062171920467967573 #
-455 pcurve $-1 -1 -1 $-1 0 forward { exppc nubs 1 open 2 
	0.28576509640698866 1 0.70942097225739675 1 
	0.28576509640698866 0.013530000000000004 
	0.70942097225739675 0.013530000000000004 
	0 
	-1 
	spline reversed { ref 4 } F 0.28576509640698866 F 0.70942097225739675 F 0.0058999999999999608 F 0.022769999999999999 
	} 0 0 #
-456 string_attrib-name_attrib-gen-attrib $-1 -1 $-1 $-1 $350 2 1 1 1 1 1 1 1 1 1 1 1 1 1 0 1 1 1 @17 ATTRIB_XACIS_NAME @7 1:18062 #
-457 intcurve-curve $-1 -1 -1 $-1 forward { ref 15 } F 0.28576509640698866 F 0.70942097225739675 #
-458 point $-1 -1 -1 $-1 -0.0032991186576376876 0.013530000000000004 0.0062171920467967521 #
-459 point $-1 -1 -1 $-1 -0.003299118657637688 0.013529999999999999 -0.007392556974605273 #
-460 coedge $-1 353168 -1 $-1 $355 $355 $359 $465 reversed $233 $-1 #
-461 coedge $-1 353223 -1 $-1 $357 $356 $355 $462 forward $142 $539 #
-462 edge $540 353078 -1 $-1 $470 0.28576509640698866 $467 0.70942097225739653 $355 $541 reversed @7 unknown T -0.016598237315275391 0.022769999999999985 -0.0073925569746052791 -0.0032991186576376542 0.022770000000000002 0.0062171920467967573 #
-463 pcurve $-1 -1 -1 $-1 0 reversed { exppc nubs 1 open 2 
	-0.17117052232624408 1 0.16879752232624406 1 
	0.28576509640698866 0.17117052232624408 
	0.28576509640698866 -0.16879752232624406 
	1.0000000000000001e-05 
	-1 
	spline reversed { ref 4 } I I I I 
	} 0 0 #
-464 pcurve $-1 -1 -1 $-1 0 reversed { exppc nubs 1 open 2 
	-0.16879752232624406 1 0.17117052232624408 1 
	0.70942097225739653 -0.16879752232624406 
	0.70942097225739653 0.17117052232624408 
	1.0000000000000001e-05 
	-1 
	spline reversed { ref 4 } I I I I 
	} 0 0 #
-465 edge $542 353076 -1 $-1 $467 -0.0067697548015734094 $470 0.0068399942198286209 $460 $543 forward @7 unknown T -0.003299118657637691 0.022769999999999995 -0.007392556974605273 -0.0032991186576376893 0.022770000000000002 0.0062171920467967573 #
-466 string_attrib-name_attrib-gen-attrib $-1 -1 $-1 $-1 $360 2 1 1 1 1 1 1 1 1 1 1 1 1 1 0 1 1 1 @17 ATTRIB_XACIS_NAME @7 1:18047 #
-467 vertex $-1 353940 -1 $-1 $360 $544 #
-468 straight-curve $-1 -1 -1 $-1 -0.003299118657637691 0 0.0062171920467967573 0 1 0 F -0.16879752232624406 F 0.17117052232624408 #
-469 string_attrib-name_attrib-gen-attrib $-1 -1 $-1 $-1 $361 2 1 1 1 1 1 1 1 1 1 1 1 1 1 0 1 1 1 @17 ATTRIB_XACIS_NAME @7 1:18053 #
-470 vertex $-1 353939 -1 $-1 $361 $545 #
-471 straight-curve $-1 -1 -1 $-1 -0.0032991186576376563 0 -0.0073925569746052799 -0 -1 -0 F -0.17117052232624408 F 0.16879752232624406 #
-472 edge $546 353072 -1 $-1 $475 -0.0080213082048165418 $373 0.0080326921518107976 $367 $547 forward @7 unknown T 0.0070797034278588852 0.014269999999999996 -0.0085855914137703063 0.0070797034278588886 0.014270000000000005 0.0074684089428570322 #
-473 pcurve $-1 -1 -1 $-1 0 forward { ref 13 } 0 0 #
-474 string_attrib-name_attrib-gen-attrib $-1 -1 $-1 $-1 $369 2 1 1 1 1 1 1 1 1 1 1 1 1 1 0 1 1 1 @17 ATTRIB_XACIS_NAME @7 1:18032 #
-475 vertex $-1 353662 -1 $-1 $369 $548 #
-476 intcurve-curve $-1 -1 -1 $-1 forward { surfintcur full nubs 3 open 2 
	-0.010061015154261818 3 -0 3 
	-0.0027449247824982113 0.014269999999999996 -0.0075104026727474925 
	0.00044121281658177341 0.014269999999999996 -0.0081632780107918669 
	0.003740038272679198 0.014269999999999996 -0.0084221988588498234 
	0.0070897034278589073 0.014269999999999996 -0.0085860809532754562 
	1.6623893527123353e-08 
	plane -0.00029911865763769492 0.01427 -0.00049980443382369785 1.0058164623697429e-16 1 -4.081702296415982e-16 -0 -4.081702296415982e-16 -1 reverse_v I I I I 
	spline reversed { ref 2 } I I I I 
	nullbs 
	nubs 3 open 2 
	-0.010061015154261818 3 -0 3 
	0.27718655589300822 0.014280000000000001 
	0.22797052149794908 0.014280000000000001 
	0.17876792668819699 0.014280000000000001 
	0.12959685375370789 0.014280000000000001 
	
	-1 
	-1 
	I I 
	0 
	0 
	0 
	
	-1 
	none F } I I #
-477 point $-1 -1 -1 $-1 0.0070797034278588878 0.014270000000000001 0.0074684089428570322 #
-478 string_attrib-name_attrib-gen-attrib $-1 -1 $-1 $-1 $385 2 1 1 1 1 1 1 1 1 1 1 1 1 1 0 1 1 1 @17 ATTRIB_XACIS_NAME @7 1:18035 #
-479 string_attrib-name_attrib-gen-attrib $-1 -1 $-1 $-1 $389 2 1 1 1 1 1 1 1 1 1 1 1 1 1 0 1 1 1 @17 ATTRIB_XACIS_NAME @7 1:17993 #
-480 intcurve-curve $-1 -1 -1 $-1 forward { exactcur full nubs 3 open 2 
	0.7178991242374575 3 0.86560109359357817 3 
	-0.0027349247824982074 0.0058999999999999608 0.0063176042431978118 
	0.00054110281572364392 0.0058999999999999608 0.0068872639533415093 
	0.0038113375768164771 0.0058999999999999608 0.0072252239460199267 
	0.007079703427858873 0.0058999999999999608 0.0074684089428570296 
	0 
	null_surface 
	null_surface 
	nullbs 
	nullbs 
	-1 
	-1 
	I I 
	0 
	0 
	0 
	
	-1 
	none F F 1 F 0 } I I #
-481 point $-1 -1 -1 $-1 -0.0027349247824982048 0.0059000000000000016 0.0063176042431978136 #
-482 string_attrib-name_attrib-gen-attrib $-1 -1 $-1 $-1 $396 2 1 1 1 1 1 1 1 1 1 1 1 1 1 0 1 1 1 @17 ATTRIB_XACIS_NAME @7 1:17999 #
-483 straight-curve $-1 -1 -1 $-1 -0.0027349247824982074 0.0059000000000000007 -0.00055256275477664942 8.057081191323283e-33 -4.081702296415982e-16 -1 I I #
-484 string_attrib-name_attrib-gen-attrib $-1 -1 $-1 $-1 $403 2 1 1 1 1 1 1 1 1 1 1 1 1 1 0 1 1 1 @17 ATTRIB_XACIS_NAME @7 1:17555 #
-485 face $549 352912 -1 $-1 $550 $551 $4 $-1 $552 forward single T 0.015933403430572559 -2.5939771622431454e-05 -0.0096345833658483485 0.016 0.030025939771622431 -0.0090000000000000011 T 0 0.0006100000000000029 -0.015000000000000003 0.015000000000000003 #
-486 loop $-1 353200 -1 $-1 $-1 $553 $403 T 0.0077008340366697117 0 -0.0090000000000000045 0.016000000000000018 0.029999999999999999 -0.0086149216914020426 unknown #
-487 spline-surface $-1 -1 -1 $-1 forward { ref 0 } F -2.9143354396410359e-16 F 0.12063354747668464 F 0 F 0.029999999999999999 #
-488 coedge $-1 353250 -1 $-1 $430 $429 $554 $555 forward $404 $-1 #
-489 pcurve $-1 -1 -1 $-1 0 reversed { exppc nubs 1 open 2 
	-0.35986563899037433 1 0.35470563899037527 1 
	0.71789912423745816 0.35986563899037433 
	0.71789912423745816 -0.35470563899037527 
	1.0000000000000001e-05 
	-1 
	spline reversed { ref 0 } I I I I 
	} 0 0 #
-490 pcurve $-1 -1 -1 $-1 0 reversed { exppc nubs 1 open 2 
	-0.35470563899037527 1 0.35986563899037433 1 
	0.86560109359357784 -0.35470563899037527 
	0.86560109359357784 0.35986563899037433 
	1.0000000000000001e-05 
	-1 
	spline reversed { ref 0 } I I I I 
	} 0 0 #
-491 string_attrib-name_attrib-gen-attrib $-1 -1 $-1 $-1 $410 2 1 1 1 1 1 1 1 1 1 1 1 1 1 0 1 1 1 @17 ATTRIB_XACIS_NAME @7 1:17762 #
-492 vertex $-1 354016 -1 $-1 $410 $556 #
-493 intcurve-curve $-1 -1 -1 $-1 forward { exactcur full nubs 3 open 2 
	0.7178991242374575 3 0.86560109359357817 3 
	-0.0027349247824982074 0.023509999999999975 0.0063176042431978118 
	0.00054110281572364392 0.023509999999999975 0.0068872639533415093 
	0.0038113375768164771 0.023509999999999975 0.0072252239460199267 
	0.007079703427858873 0.023509999999999975 0.0074684089428570296 
	0 
	null_surface 
	null_surface 
	nullbs 
	nullbs 
	-1 
	-1 
	I I 
	0 
	0 
	0 
	
	-1 
	none F F 1 F 0 } I I #
-494 string_attrib-name_attrib-gen-attrib $-1 -1 $-1 $-1 $412 2 1 1 1 1 1 1 1 1 1 1 1 1 1 0 1 1 1 @17 ATTRIB_XACIS_NAME @7 1:17759 #
-495 straight-curve $-1 -1 -1 $-1 0.0070797034278588522 0 0.0074684089428570313 0 1 0 F -0.35470563899037527 F 0.35986563899037433 #
-496 point $-1 -1 -1 $-1 0.0070797034278589008 0.023510000000000003 0.0074684089428570313 #
-497 string_attrib-name_attrib-gen-attrib $-1 -1 $-1 $-1 $418 2 1 1 1 1 1 1 1 1 1 1 1 1 1 0 1 1 1 @17 ATTRIB_XACIS_NAME @7 1:17768 #
-498 straight-curve $-1 -1 -1 $-1 -0.0027349247824982057 0.023510000000000003 -0.000552562754776653 8.057081191323283e-33 -4.081702296415982e-16 -1 I I #
-499 string_attrib-name_attrib-gen-attrib $-1 -1 $-1 $-1 $419 2 1 1 1 1 1 1 1 1 1 1 1 1 1 0 1 1 1 @17 ATTRIB_XACIS_NAME @7 1:17567 #
-500 face $557 352916 -1 $-1 $558 $559 $4 $-1 $560 reversed single T 0.0077008813423622745 0.023509999999999975 -0.0089671998857262444 0.015490838134431136 0.023510000000000003 0.0079715434458496048 T -0.0084713478796733035 0.0084673954519025457 0.0079999999999999689 0.015789956792068831 #
-501 coedge $-1 353087 -1 $-1 $426 $423 $561 $562 reversed $118 $-1 #
-502 coedge $-1 353372 -1 $-1 $563 $564 $423 $503 forward $551 $-1 #
-503 edge $565 352971 -1 $-1 $566 0 $508 0.00060999999999999997 $502 $567 forward @7 unknown T 0.015959343202194973 0.029999999999999999 -0.0096086435942259203 0.016 0.029999999999999999 -0.0090000000000000045 #
-504 coedge $-1 353355 -1 $-1 $568 $424 $430 $520 reversed $486 $569 #
-505 coedge $-1 353353 -1 $-1 $424 $570 $563 $571 forward $486 $572 #
-506 pcurve $-1 -1 -1 $-1 0 forward { exppc nubs 1 open 2 
	-1.0779590238399819 1 2.8140297292319647 1 
	-1.0779590238399819 0.029999999999999971 
	2.8140297292319647 0.029999999999999971 
	0 
	-1 
	spline reversed { ref 0 } I I I I 
	} 0 0 #
-507 string_attrib-name_attrib-gen-attrib $-1 -1 $-1 $-1 $425 2 1 1 1 1 1 1 1 1 1 1 1 1 1 0 1 1 1 @17 ATTRIB_XACIS_NAME @7 1:17732 #
-508 vertex $-1 353332 -1 $-1 $425 $573 #
-509 intcurve-curve $-1 -1 -1 $-1 forward { exactcur full nubs 3 open 2 
	-2.7755575615628914e-16 3 0.12063354747668387 3 
	0.016000000000000018 0.029999999999999971 -0.0090000000000000011 
	0.013222629816282009 0.029999999999999971 -0.0088144743835959546 
	0.010445259632564 0.029999999999999971 -0.0087404442131178688 
	0.0077008813423623283 0.029999999999999971 -0.0086149689970946089 
	0 
	null_surface 
	null_surface 
	nullbs 
	nullbs 
	-1 
	-1 
	I I 
	0 
	0 
	0 
	
	-1 
	none F F 1 F 0 } I I #
-510 coedge $-1 353374 -1 $-1 $574 $575 $426 $511 forward $576 $-1 #
-511 edge $577 352973 -1 $-1 $517 -0.00061000000000000052 $578 0 $510 $579 forward @7 unknown T 0.015965696912363068 0.029999999999999999 0.0079999999999999984 0.015999999999999997 0.029999999999999999 0.0086090347265785194 #
-512 coedge $-1 353320 -1 $-1 $580 $427 $575 $581 reversed $514 $582 #
-513 coedge $-1 353316 -1 $-1 $427 $583 $429 $519 reversed $514 $584 #
-514 loop $-1 353103 -1 $-1 $-1 $585 $444 T 0.0077008763372493818 -1.972126725632495e-34 0.0075135182945791253 0.016 0.029999999999999999 0.0080000000000000002 periphery $527 T #
-515 pcurve $-1 -1 -1 $-1 0 forward { exppc nubs 1 open 2 
	-1.0779590238399819 1 2.8140297292319647 1 
	-1.0779590238399819 0.029999999999999971 
	2.8140297292319647 0.029999999999999971 
	0 
	-1 
	spline reversed { ref 0 } I I I I 
	} 0 0 #
-516 string_attrib-name_attrib-gen-attrib $-1 -1 $-1 $-1 $428 2 1 1 1 1 1 1 1 1 1 1 1 1 1 0 1 1 1 @17 ATTRIB_XACIS_NAME @7 1:17744 #
-517 vertex $-1 353297 -1 $-1 $428 $586 #
-518 intcurve-curve $-1 -1 -1 $-1 forward { exactcur full nubs 3 open 2 
	0.8749587136846817 3 0.99999999999998868 3 
	0.0077008813423622745 0.029999999999999971 0.0075135232996919928 
	0.010467621897573201 0.029999999999999971 0.0077096972535286223 
	0.013233201184449352 0.029999999999999971 0.0078441636607870131 
	0.015999999999999244 0.029999999999999971 0.0079999999999999568 
	0 
	null_surface 
	null_surface 
	nullbs 
	nullbs 
	-1 
	-1 
	I I 
	0 
	0 
	0 
	
	-1 
	none F F 1 F 0 } I I #
-519 edge $587 352985 -1 $-1 $433 -0.029999999999999995 $588 -0.023510000000000003 $429 $589 forward @7 unknown T 0.0077008813423623083 0.023510000000000003 0.0075135232996919937 0.0077008813423623465 0.029999999999999995 0.0075135232996920015 #
-520 edge $590 352984 -1 $-1 $591 0.023509999999999996 $432 0.029999999999999995 $430 $592 forward @7 unknown T 0.0077008813423622771 0.023509999999999996 -0.0086149689970946089 0.0077008813423623118 0.029999999999999995 -0.0086149689970946054 #
-521 point $-1 -1 -1 $-1 0.0077008813423623118 0.029999999999999995 -0.0086149689970946089 #
-522 point $-1 -1 -1 $-1 0.0077008813423623083 0.029999999999999995 0.0075135232996919937 #
-523 string_attrib-name_attrib-gen-attrib $-1 -1 $-1 $-1 $441 2 1 1 1 1 1 1 1 1 1 1 1 1 1 0 1 1 1 @17 ATTRIB_XACIS_NAME @7 1:17765 #
-524 straight-curve $-1 -1 -1 $-1 -0.0027349247824981632 0 0.0063176042431978205 -0 -1 -0 F -0.35986563899037433 F 0.35470563899037527 #
-525 string_attrib-name_attrib-gen-attrib $-1 -1 $-1 $-1 $444 2 1 1 1 1 1 1 1 1 1 1 1 1 1 0 1 1 1 @17 ATTRIB_XACIS_NAME @7 1:17627 #
-526 face $593 352936 -1 $-1 $594 $595 $4 $-1 $49 reversed single T 0.0077008340633268708 0.014269952720964589 -0.0089672471647616499 0.015490885413466531 0.014270047279035402 0.0079715484509624689 F #
-527 spline-surface $-1 -1 -1 $-1 forward { ref 0 } F 0.87495871368468137 F 1 F -2.7755575615628914e-17 F 0.029999999999999971 #
-528 coedge $-1 353149 -1 $-1 $596 $597 $598 $599 forward $445 $-1 #
-529 edge $600 353082 -1 $-1 $533 -0.0068399942198286235 $532 0.0067697548015734068 $450 $601 forward @7 unknown T -0.003299118657637691 0.0058999999999999964 -0.007392556974605273 -0.003299118657637691 0.0059000000000000033 0.0062171920467967573 #
-530 pcurve $-1 -1 -1 $-1 0 reversed { exppc nubs 1 open 2 
	-1.0779590238399819 1 2.8140297292319647 1 
	-1.0779590238399819 0.0058999999999999608 
	2.8140297292319647 0.0058999999999999608 
	0 
	-1 
	spline reversed { ref 4 } I I I I 
	} 0 0 #
-531 string_attrib-name_attrib-gen-attrib $-1 -1 $-1 $-1 $449 2 1 1 1 1 1 1 1 1 1 1 1 1 1 0 1 1 1 @17 ATTRIB_XACIS_NAME @7 1:18074 #
-532 vertex $-1 353964 -1 $-1 $449 $602 #
-533 vertex $-1 353965 -1 $-1 $449 $603 #
-534 intcurve-curve $-1 -1 -1 $-1 forward { exactcur full nubs 3 open 7 
	0.28576509640698866 3 0.36127635196199465 1 0.46945142820195473 1 0.5029950953784319 1 0.53653876255490895 1 
	0.63716976408434034 1 0.70942097225739653 3 
	-0.0032991186576376542 0.0058999999999999608 -0.0073925569746052791 
	-0.004921742788721652 0.0058999999999999608 -0.007034737752962119 
	-0.0087943973243673843 0.0058999999999999608 -0.0059026937698957432 
	-0.013103333406330221 0.0058999999999999608 -0.0035316237150253798 
	-0.016598237315275391 0.0058999999999999608 0.00018503852681811268 
	-0.013337314676454499 0.0058999999999999608 0.003590522563381604 
	-0.0087407452930551126 0.0058999999999999608 0.0050897000265362983 
	-0.0049019810689088471 0.0058999999999999608 0.0059252999996340823 
	-0.0032991186576376941 0.0058999999999999608 0.0062171920467967538 
	0 
	null_surface 
	null_surface 
	nullbs 
	nullbs 
	-1 
	-1 
	I I 
	0 
	0 
	5 0.36127635196199465 0.46945142820195473 0.5029950953784319 0.53653876255490895 0.63716976408434034 
	
	-1 
	none F F 1 F 0 } I I #
-535 pcurve $-1 -1 -1 $-1 0 reversed { ref 39 } 0 0 #
-536 string_attrib-name_attrib-gen-attrib $-1 -1 $-1 $-1 $452 2 1 1 1 1 1 1 1 1 1 1 1 1 1 0 1 1 1 @17 ATTRIB_XACIS_NAME @7 1:18065 #
-537 pcurve $-1 -1 -1 $-1 0 reversed { ref 40 } 0 0 #
-538 string_attrib-name_attrib-gen-attrib $-1 -1 $-1 $-1 $454 2 1 1 1 1 1 1 1 1 1 1 1 1 1 0 1 1 1 @17 ATTRIB_XACIS_NAME @7 1:18071 #
-539 pcurve $-1 -1 -1 $-1 0 reversed { exppc nubs 1 open 2 
	-2.8140297292319647 1 1.0779590238399819 1 
	2.8140297292319647 0.022769999999999985 
	-1.0779590238399819 0.022769999999999985 
	0 
	-1 
	spline reversed { ref 4 } I I I I 
	} 0 0 #
-540 string_attrib-name_attrib-gen-attrib $-1 -1 $-1 $-1 $462 2 1 1 1 1 1 1 1 1 1 1 1 1 1 0 1 1 1 @17 ATTRIB_XACIS_NAME @7 1:18056 #
-541 intcurve-curve $-1 -1 -1 $-1 reversed { exactcur full nubs 3 open 7 
	0.28576509640698866 3 0.36127635196199465 1 0.46945142820195473 1 0.5029950953784319 1 0.53653876255490895 1 
	0.63716976408434034 1 0.70942097225739653 3 
	-0.0032991186576376542 0.022769999999999985 -0.0073925569746052791 
	-0.004921742788721652 0.022769999999999985 -0.007034737752962119 
	-0.0087943973243673843 0.022769999999999985 -0.0059026937698957432 
	-0.013103333406330221 0.022769999999999985 -0.0035316237150253798 
	-0.016598237315275391 0.022769999999999985 0.00018503852681811268 
	-0.013337314676454499 0.022769999999999985 0.003590522563381604 
	-0.0087407452930551126 0.022769999999999985 0.0050897000265362983 
	-0.0049019810689088471 0.022769999999999985 0.0059252999996340823 
	-0.0032991186576376941 0.022769999999999985 0.0062171920467967538 
	0 
	null_surface 
	null_surface 
	nullbs 
	nullbs 
	-1 
	-1 
	I I 
	0 
	0 
	5 0.36127635196199465 0.46945142820195473 0.5029950953784319 0.53653876255490895 0.63716976408434034 
	
	-1 
	none F F 1 F 0 } I I #
-542 string_attrib-name_attrib-gen-attrib $-1 -1 $-1 $-1 $465 2 1 1 1 1 1 1 1 1 1 1 1 1 1 0 1 1 1 @17 ATTRIB_XACIS_NAME @7 1:18050 #
-543 straight-curve $-1 -1 -1 $-1 -0.0032991186576376893 0.022769999999999999 -0.00055256275477665257 8.057081191323283e-33 -4.081702296415982e-16 -1 I I #
-544 point $-1 -1 -1 $-1 -0.003299118657637691 0.022770000000000002 0.0062171920467967573 #
-545 point $-1 -1 -1 $-1 -0.003299118657637691 0.022769999999999995 -0.007392556974605273 #
-546 string_attrib-name_attrib-gen-attrib $-1 -1 $-1 $-1 $472 2 1 1 1 1 1 1 1 1 1 1 1 1 1 0 1 1 1 @17 ATTRIB_XACIS_NAME @7 1:18038 #
-547 straight-curve $-1 -1 -1 $-1 0.007079703427858886 0.014270000000000001 -0.00056428320895376516 1.0291156174788997e-16 4.081702296415982e-16 1 I I #
-548 point $-1 -1 -1 $-1 0.0070797034278588886 0.014269999999999996 -0.0085855914137703063 #
-549 string_attrib-name_attrib-gen-attrib $-1 -1 $-1 $-1 $485 2 1 1 1 1 1 1 1 1 1 1 1 1 1 0 1 1 1 @17 ATTRIB_XACIS_NAME @7 1:17558 #
-550 face $604 352913 -1 $-1 $605 $606 $4 $-1 $607 forward single T -0.016603821037771572 -4.318456189193764e-05 -0.0096518281561178542 0.016008881474255006 0.030043184561891936 0.0086522192884704568 T -2.7755575615628914e-16 1 0 0.029999999999999999 #
-551 loop $-1 353177 -1 $-1 $-1 $564 $485 T 0.015933403430572559 -2.5939771622431454e-05 -0.0096345833658483485 0.016 0.030025939771622431 -0.0090000000000000011 unknown #
-552 plane-surface $-1 -1 -1 $-1 0.016 0.014999999999999999 -0.0090000000000000011 0.99777638397691282 0 -0.066650488204933855 -0.066650488204933869 0 -0.99777638397691293 forward_v I I I I #
-553 coedge $-1 353325 -1 $-1 $608 $609 $610 $611 forward $486 $612 #
-554 coedge $-1 353251 -1 $-1 $613 $614 $488 $555 reversed $559 $-1 #
-555 edge $615 352983 -1 $-1 $588 -0.0080778065086457608 $591 0.0080506857881408427 $488 $616 forward @7 unknown T 0.0077008813423623049 0.023509999999999996 -0.0086149689970946089 0.0077008813423623187 0.023510000000000003 0.0075135232996919946 #
-556 point $-1 -1 -1 $-1 -0.0027349247824982048 0.023510000000000003 0.0063176042431978136 #
-557 string_attrib-name_attrib-gen-attrib $-1 -1 $-1 $-1 $500 2 1 1 1 1 1 1 1 1 1 1 1 1 1 0 1 1 1 @17 ATTRIB_XACIS_NAME @7 1:17570 #
-558 face $617 352917 -1 $-1 $618 $619 $4 $-1 $620 forward single T 0.015490838134431091 0.022769999999999995 -0.0089671998857262444 0.015490838134431174 0.023510000000000003 0.0079715434458496048 T -0.0083827076762361119 0.0085560356553397374 0 0.00074000000000000107 #
-559 loop $-1 353183 -1 $-1 $-1 $613 $500 T 0.0077008813423622745 0.023509999999999975 -0.0089671998857262444 0.015490838134431136 0.023510000000000003 0.0079715434458496048 periphery $560 T #
-560 plane-surface $-1 -1 -1 $-1 -0.00029911865763769486 0.02351 -0.00049980443382369785 -1.0058164623697429e-16 -1 4.081702296415982e-16 -0 -4.081702296415982e-16 -1 forward_v I I I I #
-561 coedge $-1 353086 -1 $-1 $621 $622 $501 $562 forward $606 $623 #
-562 edge $624 352972 -1 $-1 $578 -1 $566 2.7755575615628914e-16 $561 $625 forward @7 unknown T -0.016603821037771572 0.029956815438108061 -0.0096518281561178542 0.016008881474255006 0.030043184561891936 0.0086522192884704568 #
-563 coedge $-1 353352 -1 $-1 $626 $502 $505 $571 reversed $551 $-1 #
-564 coedge $-1 353385 -1 $-1 $502 $626 $621 $627 forward $551 $-1 #
-565 string_attrib-name_attrib-gen-attrib $-1 -1 $-1 $-1 $503 2 1 1 1 1 1 1 1 1 1 1 1 1 1 0 1 1 1 @17 ATTRIB_XACIS_NAME @7 1:17735 #
-566 vertex $-1 354220 -1 $-1 $627 $628 #
-567 straight-curve $-1 -1 -1 $-1 0.015959343202194973 0.029999999999999999 -0.0096086435942259203 0.06665048820496218 0 0.99777638397691104 I I #
-568 coedge $-1 353357 -1 $-1 $629 $504 $614 $630 forward $486 $631 #
-569 pcurve $-1 -1 -1 $-1 0 reversed { exppc nubs 1 open 2 
	-0.35470563899037527 1 0.35986563899037433 1 
	0.12063354747668464 -0.35470563899037527 
	0.12063354747668464 0.35986563899037433 
	1.0000000000000001e-05 
	-1 
	spline reversed { ref 0 } I I I I 
	} 0 0 #
-570 coedge $-1 353351 -1 $-1 $505 $632 $633 $634 reversed $486 $635 #
-571 edge $636 352993 -1 $-1 $637 0 $508 0.029999999999999999 $563 $638 forward @7 unknown T 0.016 0 -0.0090000000000000045 0.016 0.029999999999999999 -0.0090000000000000011 #
-572 pcurve $-1 -1 -1 $-1 0 forward { exppc nubs 1 open 2 
	-0.35470563899037527 1 0.35986563899037433 1 
	0 -0.35470563899037527 
	0 0.35986563899037433 
	1.0000000000000001e-05 
	-1 
	spline reversed { ref 0 } I I I I 
	} 0 0 #
-573 point $-1 -1 -1 $-1 0.016 0.029999999999999999 -0.0090000000000000045 #
-574 coedge $-1 353376 -1 $-1 $639 $510 $622 $640 reversed $576 $-1 #
-575 coedge $-1 353319 -1 $-1 $510 $639 $512 $581 forward $576 $-1 #
-576 loop $-1 353178 -1 $-1 $-1 $574 $605 T 0.015939757140740637 -2.5939771622431454e-05 0.0079999999999999984 0.016 0.030025939771622431 0.0086349744982009511 periphery $641 T #
-577 string_attrib-name_attrib-gen-attrib $-1 -1 $-1 $-1 $511 2 1 1 1 1 1 1 1 1 1 1 1 1 1 0 1 1 1 @17 ATTRIB_XACIS_NAME @7 1:17741 #
-578 vertex $-1 354219 -1 $-1 $562 $642 #
-579 straight-curve $-1 -1 -1 $-1 0.015965696912363068 0.029999999999999999 0.0086090347265785194 -0.056234569896603866 -0 0.99841758455495166 I I #
-580 coedge $-1 353157 -1 $-1 $643 $512 $644 $645 reversed $514 $646 #
-581 edge $647 353005 -1 $-1 $648 0 $517 0.029999999999999999 $575 $649 reversed @7 unknown T 0.015999999999999993 0 0.0079999999999999984 0.016 0.029999999999999999 0.0080000000000000002 #
-582 pcurve $-1 -1 -1 $-1 0 forward { exppc nubs 1 open 2 
	-0.35986563899037433 1 0.35470563899037527 1 
	1 0.35986563899037433 
	1 -0.35470563899037527 
	1.0000000000000001e-05 
	-1 
	spline reversed { ref 0 } I I I I 
	} 0 0 #
-583 coedge $-1 353314 -1 $-1 $513 $650 $613 $651 forward $514 $652 #
-584 pcurve $-1 -1 -1 $-1 0 reversed { exppc nubs 1 open 2 
	-0.35986563899037433 1 0.35470563899037527 1 
	0.87495871368468281 0.35986563899037433 
	0.87495871368468281 -0.35470563899037527 
	1.0000000000000001e-05 
	-1 
	spline reversed { ref 0 } I I I I 
	} 0 0 #
-585 coedge $-1 353303 -1 $-1 $653 $654 $655 $656 forward $514 $657 #
-586 point $-1 -1 -1 $-1 0.015999999999999997 0.029999999999999999 0.0079999999999999984 #
-587 string_attrib-name_attrib-gen-attrib $-1 -1 $-1 $-1 $519 2 1 1 1 1 1 1 1 1 1 1 1 1 1 0 1 1 1 @17 ATTRIB_XACIS_NAME @7 1:17777 #
-588 vertex $-1 353295 -1 $-1 $651 $658 #
-589 straight-curve $-1 -1 -1 $-1 0.0077008813423623465 0 0.0075135232996920015 -0 -1 -0 F -0.35986563899037433 F 0.35470563899037527 #
-590 string_attrib-name_attrib-gen-attrib $-1 -1 $-1 $-1 $520 2 1 1 1 1 1 1 1 1 1 1 1 1 1 0 1 1 1 @17 ATTRIB_XACIS_NAME @7 1:17774 #
-591 vertex $-1 353334 -1 $-1 $630 $659 #
-592 straight-curve $-1 -1 -1 $-1 0.0077008813423622771 0 -0.0086149689970946054 0 1 0 F -0.35470563899037527 F 0.35986563899037433 #
-593 string_attrib-name_attrib-gen-attrib $-1 -1 $-1 $-1 $526 2 1 1 1 1 1 1 1 1 1 1 1 1 1 0 1 1 1 @17 ATTRIB_XACIS_NAME @7 1:17630 #
-594 face $660 352937 -1 $-1 $661 $662 $4 $-1 $663 forward single T 0.015490838124431121 0.013529999989999994 -0.0089671998957262453 0.015490838144431127 0.014270000010000002 0.0079715434558496057 T -0.0083827076762361119 0.0085560356553397391 -1.7347234759768071e-18 0.00073999999999999934 #
-595 loop $-1 353151 -1 $-1 $-1 $598 $526 T 0.0077008340633268708 0.014269952720964589 -0.0089672471647616499 0.015490885413466531 0.014270047279035402 0.0079715484509624689 periphery $49 T #
-596 coedge $-1 353362 -1 $-1 $664 $528 $665 $666 forward $445 $-1 #
-597 coedge $-1 353309 -1 $-1 $528 $664 $667 $668 forward $445 $-1 #
-598 coedge $-1 353150 -1 $-1 $669 $670 $528 $599 reversed $595 $-1 #
-599 edge $671 353042 -1 $-1 $672 -0.0080778065086457591 $673 0.0080506857881408444 $528 $674 forward @7 unknown T 0.0077008813423623075 0.014269999999999994 -0.0086149689970946089 0.0077008813423623118 0.014270000000000001 0.0075135232996919946 #
-600 string_attrib-name_attrib-gen-attrib $-1 -1 $-1 $-1 $529 2 1 1 1 1 1 1 1 1 1 1 1 1 1 0 1 1 1 @17 ATTRIB_XACIS_NAME @7 1:18068 #
-601 straight-curve $-1 -1 -1 $-1 -0.003299118657637691 0.0059000000000000007 -0.00055256275477664942 -8.057081191323283e-33 4.081702296415982e-16 1 I I #
-602 point $-1 -1 -1 $-1 -0.003299118657637691 0.0059000000000000016 0.0062171920467967573 #
-603 point $-1 -1 -1 $-1 -0.003299118657637691 0.0058999999999999964 -0.007392556974605273 #
-604 string_attrib-name_attrib-gen-attrib $-1 -1 $-1 $-1 $550 2 1 1 1 1 1 1 1 1 1 1 1 1 1 0 1 1 1 @17 ATTRIB_XACIS_NAME @7 1:17561 #
-605 face $675 352914 -1 $-1 $419 $576 $4 $-1 $641 reversed single T 0.015939757140740637 -2.5939771622431454e-05 0.0079999999999999984 0.016 0.030025939771622431 0.0086349744982009511 T -1.7347234759768071e-18 0.00061000000000000117 -0.014999999999999996 0.014999999999999996 #
-606 loop $-1 353089 -1 $-1 $-1 $561 $550 T -0.016603821037771572 -4.318456189193764e-05 -0.0096518281561178542 0.016008881474255006 0.030043184561891936 0.0086522192884704568 periphery $607 F #
-607 spline-surface $-1 -1 -1 $-1 forward { offsur 
	spline forward { sumsur 
	intcurve forward { exactcur full nubs 3 open 7 
	-0.5 3 0.36127635196199465 1 0.46945142820195473 1 0.5029950953784319 1 0.53653876255490895 1 
	0.63716976408434034 1 1.5 3 
	0.048185636730217786 0 -0.028655160204026586 
	0.032402855044638211 0 -0.0007466600497195823 
	0.0067919010316905898 0 -0.014479336494540123 
	-0.013103333406330221 0 -0.0035316237150253798 
	-0.016598237315275391 0 0.00018503852681811268 
	-0.013337314676454499 0 0.003590522563381604 
	0.0088634010912183609 0 0.010831316722825782 
	0.029979447022184136 0 0.0047853919256121633 
	0.049401342093241658 0 0.016206191774500986 
	0 
	null_surface 
	null_surface 
	nullbs 
	nullbs 
	-1 
	-1 
	I I 
	0 
	0 
	5 0.36127635196199465 0.46945142820195473 0.5029950953784319 0.53653876255490895 0.63716976408434034 
	
	-1 
	none F F 1 F 0 } F -0.5 F 1.5 
	straight 0.048185636730217786 0 -0.028655160204026586 0 1 0 I I 
	0.048185636730217786 0 -0.028655160204026586 
	full nubs 3 1 open open none none 7 2 
	-0.5 3 0.36127635196199465 1 0.46945142820195473 1 0.5029950953784319 1 0.53653876255490895 1 
	0.63716976408434034 1 1.5 3 
	0 1 0.033030000000000004 1 
	0.048185636730217786 0 -0.028655160204026586 
	0.032402855044638211 0 -0.0007466600497195823 
	0.0067919010316905906 0 -0.014479336494540127 
	-0.013103333406330221 0 -0.0035316237150253768 
	-0.016598237315275391 0 0.00018503852681811192 
	-0.013337314676454499 0 0.003590522563381604 
	0.0088634010912183592 0 0.010831316722825782 
	0.029979447022184129 0 0.0047853919256121633 
	0.049401342093241658 0 0.016206191774500986 
	0.048185636730217786 0.033030000000000004 -0.028655160204026586 
	0.032402855044638211 0.033030000000000004 -0.0007466600497195823 
	0.0067919010316905906 0.033030000000000004 -0.014479336494540127 
	-0.013103333406330221 0.033030000000000004 -0.0035316237150253768 
	-0.016598237315275391 0.033030000000000004 0.00018503852681811192 
	-0.013337314676454499 0.033030000000000004 0.003590522563381604 
	0.0088634010912183592 0.033030000000000004 0.010831316722825782 
	0.029979447022184129 0.033030000000000004 0.0047853919256121633 
	0.049401342093241658 0.033030000000000004 0.016206191774500986 
	0 
	0 
	0 
	5 0.36127635196199465 0.46945142820195473 0.5029950953784319 0.53653876255490895 0.63716976408434034 
	0 
	0 
	0 
	} F -2.7755575615628914e-16 F 1 F 0 F 0.029999999999999999 
	0.00061000000000000008 
	forward forward full nubs 3 3 open open none none 7 2 
	-2.7755575615628914e-16 3 0.36127635196199465 3 0.46945142820195473 3 0.5029950953784319 3 0.53653876255490895 3 
	0.63716976408434034 3 1 3 
	0 3 0.029999999999999999 3 
	0.015959343202194991 0 -0.0096086435942259168 
	0.0076901718928128159 0 -0.0090562710249092598 
	-0.00069523849426779416 0 -0.0095209529840788107 
	-0.0082909234413266978 0 -0.0065239112606560812 
	-0.010565259399881909 0 -0.0056265228344141664 
	-0.012795123147300521 0 -0.0043993679712157471 
	-0.015010769622210372 0 -0.0023111764961176928 
	-0.015697812428357771 0 -0.0016636558076546042 
	-0.016534672262436181 0 -0.00091925483945108123 
	-0.016547654369157908 0 0.00016259948467053735 
	-0.016560636475879634 0 0.0012444538087921513 
	-0.015722478439119066 0 0.0019836416557114109 
	-0.015011955667891028 0 0.0025846796029202813 
	-0.012880387354206912 0 0.004387793444546895 
	-0.010528028608334265 0 0.0051487854739135424 
	-0.0082676853662985664 0 0.0057434452298448643 
	-0.00011790190699035447 0 0.0078875214713101417 
	0.0079463642258959175 0 0.0081573562591141582 
	0.015965696912363068 0 0.0086090347265785194 
	0.015959343202194991 0.0099999999999999985 -0.0096086435942259168 
	0.0076901718928128159 0.0099999999999999985 -0.0090562710249092598 
	-0.00069523849426779416 0.0099999999999999985 -0.0095209529840788107 
	-0.0082909234413266978 0.0099999999999999985 -0.0065239112606560812 
	-0.010565259399881909 0.0099999999999999985 -0.0056265228344141664 
	-0.012795123147300521 0.0099999999999999985 -0.0043993679712157471 
	-0.015010769622210372 0.0099999999999999985 -0.0023111764961176928 
	-0.015697812428357771 0.0099999999999999985 -0.0016636558076546042 
	-0.016534672262436181 0.0099999999999999985 -0.00091925483945108123 
	-0.016547654369157908 0.0099999999999999985 0.00016259948467053735 
	-0.016560636475879634 0.0099999999999999985 0.0012444538087921513 
	-0.015722478439119066 0.0099999999999999985 0.0019836416557114109 
	-0.015011955667891028 0.0099999999999999985 0.0025846796029202813 
	-0.012880387354206912 0.0099999999999999985 0.004387793444546895 
	-0.010528028608334265 0.0099999999999999985 0.0051487854739135424 
	-0.0082676853662985664 0.0099999999999999985 0.0057434452298448643 
	-0.00011790190699035447 0.0099999999999999985 0.0078875214713101417 
	0.0079463642258959175 0.0099999999999999985 0.0081573562591141582 
	0.015965696912363068 0.0099999999999999985 0.0086090347265785194 
	0.015959343202194991 0.02 -0.0096086435942259168 
	0.0076901718928128159 0.02 -0.0090562710249092598 
	-0.00069523849426779416 0.02 -0.0095209529840788107 
	-0.0082909234413266978 0.02 -0.0065239112606560812 
	-0.010565259399881909 0.02 -0.0056265228344141664 
	-0.012795123147300521 0.02 -0.0043993679712157471 
	-0.015010769622210372 0.02 -0.0023111764961176928 
	-0.015697812428357771 0.02 -0.0016636558076546042 
	-0.016534672262436181 0.02 -0.00091925483945108123 
	-0.016547654369157908 0.02 0.00016259948467053735 
	-0.016560636475879634 0.02 0.0012444538087921513 
	-0.015722478439119066 0.02 0.0019836416557114109 
	-0.015011955667891028 0.02 0.0025846796029202813 
	-0.012880387354206912 0.02 0.004387793444546895 
	-0.010528028608334265 0.02 0.0051487854739135424 
	-0.0082676853662985664 0.02 0.0057434452298448643 
	-0.00011790190699035447 0.02 0.0078875214713101417 
	0.0079463642258959175 0.02 0.0081573562591141582 
	0.015965696912363068 0.02 0.0086090347265785194 
	0.015959343202194991 0.029999999999999999 -0.0096086435942259168 
	0.0076901718928128159 0.029999999999999999 -0.0090562710249092598 
	-0.00069523849426779416 0.029999999999999999 -0.0095209529840788107 
	-0.0082909234413266978 0.029999999999999999 -0.0065239112606560812 
	-0.010565259399881909 0.029999999999999999 -0.0056265228344141664 
	-0.012795123147300521 0.029999999999999999 -0.0043993679712157471 
	-0.015010769622210372 0.029999999999999999 -0.0023111764961176928 
	-0.015697812428357771 0.029999999999999999 -0.0016636558076546042 
	-0.016534672262436181 0.029999999999999999 -0.00091925483945108123 
	-0.016547654369157908 0.029999999999999999 0.00016259948467053735 
	-0.016560636475879634 0.029999999999999999 0.0012444538087921513 
	-0.015722478439119066 0.029999999999999999 0.0019836416557114109 
	-0.015011955667891028 0.029999999999999999 0.0025846796029202813 
	-0.012880387354206912 0.029999999999999999 0.004387793444546895 
	-0.010528028608334265 0.029999999999999999 0.0051487854739135424 
	-0.0082676853662985664 0.029999999999999999 0.0057434452298448643 
	-0.00011790190699035447 0.029999999999999999 0.0078875214713101417 
	0.0079463642258959175 0.029999999999999999 0.0081573562591141582 
	0.015965696912363068 0.029999999999999999 0.0086090347265785194 
	2.5939771622431454e-05 
	0 
	0 
	5 0.36127635196199465 0.46945142820195473 0.5029950953784319 0.53653876255490895 0.63716976408434034 
	0 
	0 
	0 
	FALSE } I I I I #
-608 coedge $-1 353341 -1 $-1 $676 $553 $677 $678 reversed $486 $679 #
-609 coedge $-1 353366 -1 $-1 $553 $680 $681 $682 forward $486 $683 #
-610 coedge $-1 353326 -1 $-1 $684 $685 $553 $611 reversed $686 $-1 #
-611 edge $687 352986 -1 $-1 $688 -0.0077312381427233848 $689 -0 $553 $690 forward @7 unknown T 0.0077008340366697117 0.013529952694307431 -0.008967247191418809 0.01549088544012369 0.013530047305692561 -0.0086149216914020426 #
-612 pcurve $-1 -1 -1 $-1 2 $690 0 0 #
-613 coedge $-1 353313 -1 $-1 $691 $554 $583 $651 reversed $559 $-1 #
-614 coedge $-1 353356 -1 $-1 $554 $691 $568 $630 reversed $559 $-1 #
-615 string_attrib-name_attrib-gen-attrib $-1 -1 $-1 $-1 $555 2 1 1 1 1 1 1 1 1 1 1 1 1 1 0 1 1 1 @17 ATTRIB_XACIS_NAME @7 1:17771 #
-616 straight-curve $-1 -1 -1 $-1 0.0077008813423623101 0.02351 -0.00056428320895376624 -4.1054433642275788e-32 -4.081702296415982e-16 -1 I I #
-617 string_attrib-name_attrib-gen-attrib $-1 -1 $-1 $-1 $558 2 1 1 1 1 1 1 1 1 1 1 1 1 1 0 1 1 1 @17 ATTRIB_XACIS_NAME @7 1:17573 #
-618 face $692 352918 -1 $-1 $693 $694 $4 $-1 $695 forward single T 0.0077008813423622736 0.022769999999999995 -0.0089671998857262444 0.015490838134431136 0.022770000000000012 0.0079715434458496048 T -0.0084713478796733018 0.0084673954519025475 0.0079999999999999689 0.015789956792068831 #
-619 loop $-1 353182 -1 $-1 $-1 $696 $558 T 0.015490838134431091 0.022769999999999995 -0.0089671998857262444 0.015490838134431174 0.023510000000000003 0.0079715434458496048 periphery $620 F #
-620 plane-surface $-1 -1 -1 $-1 0.015490838134431126 0.022769999999999999 -0.00041116423038650734 1 -1.0058164623697422e-16 1.7502376178275731e-16 1.7502376178275728e-16 -3.5004752356551456e-16 -1 forward_v I I I I #
-621 coedge $-1 353204 -1 $-1 $697 $561 $564 $627 reversed $606 $698 #
-622 coedge $-1 353205 -1 $-1 $561 $697 $574 $640 forward $606 $699 #
-623 pcurve $-1 -1 -1 $-1 1 $625 0 0 #
-624 string_attrib-name_attrib-gen-attrib $-1 -1 $-1 $-1 $562 2 1 1 1 1 1 1 1 1 1 1 1 1 1 0 1 1 1 @17 ATTRIB_XACIS_NAME @7 1:17738 #
-625 intcurve-curve $-1 -1 -1 $-1 reversed { parcur summary 3 7 -2.7755575615628914e-16 0.36127635196199465 0.46945142820195473 0.5029950953784319 0.53653876255490895 
	0.63716976408434034 1 4.318456189193764e-05 OPEN 
	spline forward { ref 58 } I I I I 
	null_surface 
	nubs 1 open 2 
	-2.7755575615628914e-16 1 1 1 
	-2.7755575615628914e-16 0.029999999999999995 
	1 0.029999999999999995 
	
	nullbs 
	-1 
	-1 
	I I 
	0 
	0 
	5 0.36127635196199465 0.46945142820195473 0.5029950953784319 0.53653876255490895 0.63716976408434034 
	
	-1 
	none F surf1 } I I #
-626 coedge $-1 353379 -1 $-1 $564 $563 $700 $701 reversed $551 $-1 #
-627 edge $702 353000 -1 $-1 $703 0 $566 0.029999999999999999 $621 $704 forward @7 unknown T 0.015933403430572559 -2.5939771622431454e-05 -0.0096345833658483485 0.015985282973817422 0.030025939771622431 -0.009582703822603485 #
-628 point $-1 -1 -1 $-1 0.015959343202194973 0.029999999999999999 -0.0096086435942259203 #
-629 coedge $-1 353359 -1 $-1 $705 $568 $706 $707 forward $486 $708 #
-630 edge $709 352994 -1 $-1 $591 -0.12063354747668387 $710 -0.0073718309351560318 $614 $711 reversed @7 unknown T 0.0077008813423623049 0.023509999999999975 -0.0089671998857262444 0.015490838134431136 0.023509999999999996 -0.0086149689970946089 #
-631 pcurve $-1 -1 -1 $-1 0 reversed { exppc nubs 1 open 2 
	-1.0779590238399819 1 2.8140297292319647 1 
	-1.0779590238399819 0.023509999999999975 
	2.8140297292319647 0.023509999999999975 
	0 
	-1 
	spline reversed { ref 0 } I I I I 
	} 0 0 #
-632 coedge $-1 353349 -1 $-1 $570 $712 $713 $714 reversed $486 $715 #
-633 coedge $-1 353350 -1 $-1 $716 $700 $570 $634 forward $717 $-1 #
-634 edge $718 352992 -1 $-1 $637 -2.7755575615628914e-16 $719 0.12063354747668387 $633 $720 reversed @7 unknown T 0.0077008813423623101 0 -0.0090000000000000011 0.016000000000000018 6.4509341906260863e-35 -0.0086149689970946089 #
-635 pcurve $-1 -1 -1 $-1 0 forward { exppc nubs 1 open 2 
	-2.8140297292319647 1 1.0779590238399819 1 
	2.8140297292319647 0 
	-1.0779590238399819 0 
	0 
	-1 
	spline reversed { ref 0 } I I I I 
	} 0 0 #
-636 string_attrib-name_attrib-gen-attrib $-1 -1 $-1 $-1 $571 2 1 1 1 1 1 1 1 1 1 1 1 1 1 0 1 1 1 @17 ATTRIB_XACIS_NAME @7 1:17801 #
-637 vertex $-1 353331 -1 $-1 $634 $721 #
-638 straight-curve $-1 -1 -1 $-1 0.016 0 -0.0090000000000000045 0 1 0 F -0.35470563899037527 F 0.35986563899037433 #
-639 coedge $-1 353377 -1 $-1 $575 $574 $722 $723 forward $576 $-1 #
-640 edge $724 353003 -1 $-1 $725 0 $578 0.029999999999999999 $622 $726 forward @7 unknown T 0.015939757140740637 -2.5939771622431454e-05 0.0085830949549560876 0.0159916366839855 0.030025939771622431 0.0086349744982009511 #
-641 plane-surface $-1 -1 -1 $-1 0.016 0.014999999999999999 0.0080000000000000002 -0.99841758455495133 0 -0.056234569896609694 -0.056234569896609694 0 0.99841758455495133 forward_v I I I I #
-642 point $-1 -1 -1 $-1 0.015965696912363068 0.029999999999999999 0.0086090347265785194 #
-643 coedge $-1 353102 -1 $-1 $727 $580 $728 $729 reversed $514 $730 #
-644 coedge $-1 353156 -1 $-1 $722 $716 $580 $645 forward $717 $-1 #
-645 edge $731 353023 -1 $-1 $732 0.87495871368468159 $648 0.99999999999998868 $644 $733 reversed @7 unknown T 0.0077008813423622676 -1.972126725632495e-34 0.0075135232996919911 0.016 0 0.0080000000000000002 #
-646 pcurve $-1 -1 -1 $-1 0 forward { exppc nubs 1 open 2 
	-2.8140297292319647 1 1.0779590238399819 1 
	2.8140297292319647 0 
	-1.0779590238399819 0 
	0 
	-1 
	spline reversed { ref 0 } I I I I 
	} 0 0 #
-647 string_attrib-name_attrib-gen-attrib $-1 -1 $-1 $-1 $581 2 1 1 1 1 1 1 1 1 1 1 1 1 1 0 1 1 1 @17 ATTRIB_XACIS_NAME @7 1:17837 #
-648 vertex $-1 353298 -1 $-1 $645 $734 #
-649 straight-curve $-1 -1 -1 $-1 0.015999999999999993 0 0.0080000000000000002 -0 -1 -0 F -0.35986563899037433 F 0.35470563899037527 #
-650 coedge $-1 353312 -1 $-1 $583 $735 $696 $736 forward $514 $737 #
-651 edge $738 353006 -1 $-1 $739 -0.99232953416280578 $588 -0.8749587136846817 $613 $740 reversed @7 unknown T 0.0077008813423622745 0.023509999999999975 0.0075135232996919928 0.015490838134431124 0.023510000000000003 0.0079715434458496048 #
-652 pcurve $-1 -1 -1 $-1 0 reversed { exppc nubs 1 open 2 
	-1.0779590238399819 1 2.8140297292319647 1 
	-1.0779590238399819 0.023509999999999975 
	2.8140297292319647 0.023509999999999975 
	0 
	-1 
	spline reversed { ref 0 } I I I I 
	} 0 0 #
-653 coedge $-1 353305 -1 $-1 $741 $585 $742 $743 forward $514 $744 #
-654 coedge $-1 353159 -1 $-1 $585 $745 $746 $747 reversed $514 $748 #
-655 coedge $-1 353304 -1 $-1 $685 $684 $585 $656 reversed $686 $-1 #
-656 edge $749 353044 -1 $-1 $750 -0.0078183138313266797 $751 -1.8137048310811615e-05 $585 $752 forward @7 unknown T 0.0077008763390105876 0.013529994996648335 0.0075135182963403232 0.015490843137823132 0.013530005003351671 0.0079715484492035096 #
-657 pcurve $-1 -1 -1 $-1 2 $752 0 0 #
-658 point $-1 -1 -1 $-1 0.0077008813423623187 0.023510000000000003 0.0075135232996919946 #
-659 point $-1 -1 -1 $-1 0.0077008813423623049 0.023509999999999996 -0.0086149689970946089 #
-660 string_attrib-name_attrib-gen-attrib $-1 -1 $-1 $-1 $594 2 1 1 1 1 1 1 1 1 1 1 1 1 1 0 1 1 1 @17 ATTRIB_XACIS_NAME @7 1:17633 #
-661 face $753 352938 -1 $-1 $-1 $686 $4 $-1 $21 forward single T 0.0077008340366697117 0.013529952694307431 -0.008967247191418809 0.01549088544012369 0.013530047305692561 0.0079715484492035096 F #
-662 loop $-1 353180 -1 $-1 $-1 $742 $594 T 0.015490838124431121 0.013529999989999994 -0.0089671998957262453 0.015490838144431127 0.014270000010000002 0.0079715434558496057 unknown #
-663 plane-surface $-1 -1 -1 $-1 0.015490838134431126 0.013529999999999999 -0.00041116423038650734 1 -1.0058164623697422e-16 1.7502376178275731e-16 1.7502376178275728e-16 -3.5004752356551456e-16 -1 forward_v I I I I #
-664 coedge $-1 353369 -1 $-1 $597 $596 $754 $755 forward $445 $-1 #
-665 coedge $-1 353363 -1 $-1 $680 $705 $596 $666 reversed $486 $756 #
-666 edge $757 352997 -1 $-1 $673 0.014269999999999996 $758 0.022769999999999995 $596 $759 forward @7 unknown T 0.0077008813423622771 0.014269999999999996 -0.0086149689970946089 0.0077008813423623118 0.022769999999999995 -0.0086149689970946054 #
-667 coedge $-1 353310 -1 $-1 $735 $741 $597 $668 reversed $514 $760 #
-668 edge $761 353043 -1 $-1 $762 -0.022770000000000002 $672 -0.014270000000000001 $597 $763 forward @7 unknown T 0.0077008813423623075 0.014270000000000001 0.0075135232996919946 0.0077008813423623465 0.022770000000000002 0.0075135232996920015 #
-669 coedge $-1 353308 -1 $-1 $764 $598 $741 $765 reversed $595 $-1 #
-670 coedge $-1 353365 -1 $-1 $598 $764 $680 $766 reversed $595 $-1 #
-671 string_attrib-name_attrib-gen-attrib $-1 -1 $-1 $-1 $599 2 1 1 1 1 1 1 1 1 1 1 1 1 1 0 1 1 1 @17 ATTRIB_XACIS_NAME @7 1:17948 #
-672 vertex $-1 353291 -1 $-1 $599 $767 #
-673 vertex $-1 353338 -1 $-1 $666 $768 #
-674 straight-curve $-1 -1 -1 $-1 0.0077008813423623101 0.014269999999999998 -0.00056428320895376429 -4.1054433642275788e-32 -4.081702296415982e-16 -1 I I #
-675 string_attrib-name_attrib-gen-attrib $-1 -1 $-1 $-1 $605 2 1 1 1 1 1 1 1 1 1 1 1 1 1 0 1 1 1 @17 ATTRIB_XACIS_NAME @7 1:17564 #
-676 coedge $-1 353343 -1 $-1 $769 $608 $770 $771 forward $486 $772 #
-677 coedge $-1 353340 -1 $-1 $773 $774 $608 $678 forward $775 $-1 #
-678 edge $776 352987 -1 $-1 $777 0.0058999999999999947 $689 0.013529999999999997 $677 $759 forward @7 unknown T 0.0077008813423622771 0.0058999999999999947 -0.0086149689977888591 0.0077008813499545702 0.013529999999999997 -0.0086149689970946054 #
-679 pcurve $-1 -1 -1 $-1 0 reversed { exppc nubs 1 open 2 
	-0.35470563899037527 1 0.35986563899037433 1 
	0.12063354747668464 -0.35470563899037527 
	0.12063354747668464 0.35986563899037433 
	1.0000000000000001e-05 
	-1 
	spline reversed { ref 0 } I I I I 
	} 0 0 #
-680 coedge $-1 353364 -1 $-1 $609 $665 $670 $766 forward $486 $778 #
-681 coedge $-1 353367 -1 $-1 $779 $780 $609 $682 reversed $662 $-1 #
-682 edge $781 352999 -1 $-1 $782 -0.00075000001000000323 $688 -1.0000010000003781e-05 $609 $783 forward @7 unknown T 0.015490838124431121 0.013529999989999994 -0.0089671998957262453 0.015490838144431127 0.014270000009999994 -0.0089671998757262436 #
-683 pcurve $-1 -1 -1 $-1 2 $783 0 0 #
-684 coedge $-1 353274 -1 $-1 $655 $610 $780 $784 forward $686 $-1 #
-685 coedge $-1 353143 -1 $-1 $610 $655 $773 $785 reversed $686 $-1 #
-686 loop $-1 353144 -1 $-1 $-1 $685 $661 T 0.0077008340366697117 0.013529952694307431 -0.008967247191418809 0.01549088544012369 0.013530047305692561 0.0079715484492035096 periphery $21 F #
-687 string_attrib-name_attrib-gen-attrib $-1 -1 $-1 $-1 $611 2 1 1 1 1 1 1 1 1 1 1 1 1 1 0 1 1 1 @17 ATTRIB_XACIS_NAME @7 1:17780 #
-688 vertex $-1 353324 -1 $-1 $682 $786 #
-689 vertex $-1 353323 -1 $-1 $611 $787 #
-690 intcurve-curve $-1 -1 -1 $-1 forward { surfintcur full nubs 3 open 2 
	-0.0077491699297547309 3 -0 3 
	0.015508947319641128 0.013529999999999995 -0.0089683261674782071 
	0.012900360868826229 0.013529999999999995 -0.0088058803496250896 
	0.010281242409155164 0.013529999999999997 -0.0087329452117548868 
	0.0077008813423622754 0.013529999999999997 -0.0086149689970946054 
	4.7305692563843047e-08 
	plane -0.00029911865763769492 0.01353 -0.00049980443382369752 -1.0058164623697429e-16 -1 4.081702296415982e-16 -0 -4.081702296415982e-16 -1 forward_v I I I I 
	spline reversed { ref 0 } F -2.9143354396410359e-16 F 0.12063354747668464 F 0 F 0.029999999999999999 
	nullbs 
	nubs 3 open 2 
	-0.0077491699297547309 3 -0 3 
	0.007109632210659458 0.013529999999999995 
	0.044878696837995849 0.013529999999999995 
	0.082825578319114801 0.013529999999999997 
	0.12063354747668467 0.013529999999999997 
	
	-1 
	-1 
	I I 
	0 
	0 
	0 
	
	-1 
	none F } I I #
-691 coedge $-1 353265 -1 $-1 $614 $613 $788 $789 reversed $559 $-1 #
-692 string_attrib-name_attrib-gen-attrib $-1 -1 $-1 $-1 $618 2 1 1 1 1 1 1 1 1 1 1 1 1 1 0 1 1 1 @17 ATTRIB_XACIS_NAME @7 1:17576 #
-693 face $790 352919 -1 $-1 $791 $775 $4 $-1 $446 forward single T 0.0077008813221407383 0.0058999999999999947 -0.0086149689977888591 0.0077008813499545702 0.013530000000000004 0.0075135232996920015 F #
-694 loop $-1 353181 -1 $-1 $-1 $792 $618 T 0.0077008813423622736 0.022769999999999995 -0.0089671998857262444 0.015490838134431136 0.022770000000000012 0.0079715434458496048 periphery $695 F #
-695 plane-surface $-1 -1 -1 $-1 -0.00029911865763769486 0.022769999999999999 -0.00049980443382369752 -1.0058164623697429e-16 -1 4.081702296415982e-16 -0 -4.081702296415982e-16 -1 forward_v I I I I #
-696 coedge $-1 353311 -1 $-1 $793 $788 $650 $736 reversed $619 $-1 #
-697 coedge $-1 353153 -1 $-1 $622 $621 $794 $795 forward $606 $796 #
-698 pcurve $-1 -1 -1 $-1 -1 $704 0 0 #
-699 pcurve $-1 -1 -1 $-1 1 $726 0 0 #
-700 coedge $-1 353380 -1 $-1 $633 $794 $626 $701 forward $717 $-1 #
-701 edge $797 353001 -1 $-1 $703 0 $637 0.00060999999999999997 $626 $798 forward @7 unknown T 0.015959343202194973 0 -0.0096086435942259168 0.016 0 -0.0090000000000000011 #
-702 string_attrib-name_attrib-gen-attrib $-1 -1 $-1 $-1 $627 2 1 1 1 1 1 1 1 1 1 1 1 1 1 0 1 1 1 @17 ATTRIB_XACIS_NAME @7 1:17822 #
-703 vertex $-1 354221 -1 $-1 $795 $799 #
-704 intcurve-curve $-1 -1 -1 $-1 forward { parcur summary 3 2 0 0.029999999999999999 2.5939771622431454e-05 OPEN 
	spline forward { ref 58 } I I I I 
	null_surface 
	nubs 1 open 2 
	0 1 0.029999999999999999 1 
	0 0 
	0 0.029999999999999999 
	
	nullbs 
	-1 
	-1 
	I I 
	0 
	0 
	0 
	
	-1 
	none F surf1 } I I #
-705 coedge $-1 353361 -1 $-1 $665 $629 $800 $801 forward $486 $802 #
-706 coedge $-1 353358 -1 $-1 $788 $793 $629 $707 reversed $619 $-1 #
-707 edge $803 352995 -1 $-1 $710 -0.023509999999999996 $804 -0.022769999999999995 $706 $805 reversed @7 unknown T 0.015490838134431091 0.022769999999999995 -0.0089671998857262444 0.015490838134431128 0.023509999999999996 -0.0089671998857262444 #
-708 pcurve $-1 -1 -1 $-1 0 reversed { exppc nubs 1 open 2 
	-0.35470563899037527 1 0.35986563899037433 1 
	0.007371830935156698 -0.35470563899037527 
	0.007371830935156698 0.35986563899037433 
	1.0000000000000001e-05 
	-1 
	spline reversed { ref 0 } I I I I 
	} 0 0 #
-709 string_attrib-name_attrib-gen-attrib $-1 -1 $-1 $-1 $630 2 1 1 1 1 1 1 1 1 1 1 1 1 1 0 1 1 1 @17 ATTRIB_XACIS_NAME @7 1:17804 #
-710 vertex $-1 353335 -1 $-1 $630 $806 #
-711 intcurve-curve $-1 -1 -1 $-1 forward { exactcur full nubs 3 open 2 
	0.0073718309351560318 3 0.12063354747668387 3 
	0.015490838134431136 0.023509999999999975 -0.0089671998857262444 
	0.012883306756471435 0.023509999999999975 -0.0088052344070796325 
	0.010277552612413652 0.023509999999999975 -0.0087327765112354024 
	0.0077008813423623266 0.023509999999999975 -0.0086149689970946089 
	0 
	null_surface 
	null_surface 
	nullbs 
	nullbs 
	-1 
	-1 
	I I 
	0 
	0 
	0 
	
	-1 
	none F F 1 F 0 } I I #
-712 coedge $-1 353347 -1 $-1 $632 $769 $807 $808 forward $486 $809 #
-713 coedge $-1 353348 -1 $-1 $810 $811 $632 $714 forward $812 $-1 #
-714 edge $813 352991 -1 $-1 $719 6.4509341906260863e-35 $814 0.0051599999999999953 $713 $815 forward @7 unknown T 0.0077008813423622771 6.4509341906260863e-35 -0.0086149689970946089 0.0077008813423623101 0.0051599999999999953 -0.0086149689970946054 #
-715 pcurve $-1 -1 -1 $-1 0 reversed { ref 66 } 0 0 #
-716 coedge $-1 353225 -1 $-1 $644 $633 $811 $816 reversed $717 $-1 #
-717 loop $-1 353155 -1 $-1 $817 $633 $818 T -0.016603821037771572 -4.318456189193764e-05 -0.0096518281561178542 0.016008881474255006 4.318456189193764e-05 0.0086522192884704568 periphery $819 T #
-718 string_attrib-name_attrib-gen-attrib $-1 -1 $-1 $-1 $634 2 1 1 1 1 1 1 1 1 1 1 1 1 1 0 1 1 1 @17 ATTRIB_XACIS_NAME @7 1:17798 #
-719 vertex $-1 353330 -1 $-1 $634 $820 #
-720 intcurve-curve $-1 -1 -1 $-1 reversed { exactcur full nubs 3 open 2 
	-2.7755575615628914e-16 3 0.12063354747668387 3 
	0.016000000000000018 0 -0.0090000000000000011 
	0.01322262981628201 0 -0.0088144743835959546 
	0.010445259632564001 0 -0.0087404442131178688 
	0.0077008813423623292 0 -0.0086149689970946089 
	0 
	null_surface 
	null_surface 
	nullbs 
	nullbs 
	-1 
	-1 
	I I 
	0 
	0 
	0 
	
	-1 
	none F F 1 F 0 } I I #
-721 point $-1 -1 -1 $-1 0.016 0 -0.0090000000000000011 #
-722 coedge $-1 353378 -1 $-1 $794 $644 $639 $723 reversed $717 $-1 #
-723 edge $821 353004 -1 $-1 $725 0 $648 0.00061000000000000052 $639 $822 forward @7 unknown T 0.015965696912363072 0 0.0080000000000000002 0.016 0 0.0086090347265785211 #
-724 string_attrib-name_attrib-gen-attrib $-1 -1 $-1 $-1 $640 2 1 1 1 1 1 1 1 1 1 1 1 1 1 0 1 1 1 @17 ATTRIB_XACIS_NAME @7 1:17831 #
-725 vertex $-1 354222 -1 $-1 $640 $823 #
-726 intcurve-curve $-1 -1 -1 $-1 forward { parcur summary 3 2 0 0.029999999999999999 2.5939771622431454e-05 OPEN 
	spline forward { ref 58 } I I I I 
	null_surface 
	nubs 1 open 2 
	0 1 0.029999999999999999 1 
	1 0 
	1 0.029999999999999999 
	
	nullbs 
	-1 
	-1 
	I I 
	0 
	0 
	0 
	
	-1 
	none F surf1 } I I #
-727 coedge $-1 353131 -1 $-1 $824 $643 $825 $826 forward $514 $827 #
-728 coedge $-1 353101 -1 $-1 $811 $810 $643 $729 forward $812 $-1 #
-729 edge $828 353021 -1 $-1 $829 -0.0051600000000000023 $732 1.972126725632495e-34 $728 $830 forward @7 unknown T 0.0077008813423623066 -1.972126725632495e-34 0.0075135232996919946 0.0077008813423623465 0.0051600000000000023 0.0075135232996920015 #
-730 pcurve $-1 -1 -1 $-1 0 reversed { exppc nubs 1 open 2 
	-0.35986563899037433 1 0.35470563899037527 1 
	0.87495871368468281 0.35986563899037433 
	0.87495871368468281 -0.35470563899037527 
	1.0000000000000001e-05 
	-1 
	spline reversed { ref 0 } I I I I 
	} 0 0 #
-731 string_attrib-name_attrib-gen-attrib $-1 -1 $-1 $-1 $645 2 1 1 1 1 1 1 1 1 1 1 1 1 1 0 1 1 1 @17 ATTRIB_XACIS_NAME @7 1:17891 #
-732 vertex $-1 353299 -1 $-1 $645 $831 #
-733 intcurve-curve $-1 -1 -1 $-1 reversed { exactcur full nubs 3 open 2 
	0.87495871368468159 3 0.99999999999998868 3 
	0.0077008813423622676 0 0.0075135232996919911 
	0.0104676218975732 0 0.0077096972535286232 
	0.013233201184449352 0 0.0078441636607870131 
	0.015999999999999247 0 0.0079999999999999585 
	0 
	null_surface 
	null_surface 
	nullbs 
	nullbs 
	-1 
	-1 
	I I 
	0 
	0 
	0 
	
	-1 
	none F F 1 F 0 } I I #
-734 point $-1 -1 -1 $-1 0.016 0 0.0080000000000000002 #
-735 coedge $-1 353287 -1 $-1 $650 $667 $792 $832 forward $514 $833 #
-736 edge $834 353008 -1 $-1 $835 0.022770000000000002 $739 0.023510000000000003 $696 $836 reversed @7 unknown T 0.015490838134431124 0.022770000000000002 0.0079715434458496048 0.015490838134431174 0.023510000000000003 0.0079715434458496048 #
-737 pcurve $-1 -1 -1 $-1 0 reversed { exppc nubs 1 open 2 
	-0.35986563899037433 1 0.35470563899037527 1 
	0.992329534162816 0.35986563899037433 
	0.992329534162816 -0.35470563899037527 
	1.0000000000000001e-05 
	-1 
	spline reversed { ref 0 } I I I I 
	} 0 0 #
-738 string_attrib-name_attrib-gen-attrib $-1 -1 $-1 $-1 $651 2 1 1 1 1 1 1 1 1 1 1 1 1 1 0 1 1 1 @17 ATTRIB_XACIS_NAME @7 1:17840 #
-739 vertex $-1 353294 -1 $-1 $651 $837 #
-740 intcurve-curve $-1 -1 -1 $-1 forward { exactcur full nubs 3 open 2 
	0.8749587136846817 3 0.99232953416280578 3 
	0.0077008813423622745 0.023509999999999975 0.0075135232996919928 
	0.010297900443688127 0.023509999999999975 0.0076976632633531323 
	0.01289389637925048 0.023509999999999975 0.0078274341831701903 
	0.015490838134430487 0.023509999999999975 0.0079715434458495667 
	0 
	null_surface 
	null_surface 
	nullbs 
	nullbs 
	-1 
	-1 
	I I 
	0 
	0 
	0 
	
	-1 
	none F F 1 F 0 } I I #
-741 coedge $-1 353307 -1 $-1 $667 $653 $669 $765 forward $514 $838 #
-742 coedge $-1 353306 -1 $-1 $780 $779 $653 $743 reversed $662 $-1 #
-743 edge $839 353045 -1 $-1 $751 -0.00075000000999999976 $840 -1.0000010000000528e-05 $653 $841 forward @7 unknown T 0.015490838124431125 0.01352999999 0.007971543435849604 0.015490838144431127 0.014270000010000002 0.0079715434558496057 #
-744 pcurve $-1 -1 -1 $-1 2 $841 0 0 #
-745 coedge $-1 353133 -1 $-1 $654 $824 $842 $843 forward $514 $844 #
-746 coedge $-1 353158 -1 $-1 $774 $773 $654 $747 forward $775 $-1 #
-747 edge $845 353013 -1 $-1 $750 -0.013530000000000002 $846 -0.0059000000000000016 $746 $763 forward @7 unknown T 0.0077008813221407383 0.0059000000000000016 0.0075135232968243986 0.0077008813423623465 0.013530000000000002 0.0075135232996920015 #
-748 pcurve $-1 -1 -1 $-1 0 reversed { ref 73 } 0 0 #
-749 string_attrib-name_attrib-gen-attrib $-1 -1 $-1 $-1 $656 2 1 1 1 1 1 1 1 1 1 1 1 1 1 0 1 1 1 @17 ATTRIB_XACIS_NAME @7 1:17954 #
-750 vertex $-1 353288 -1 $-1 $747 $847 #
-751 vertex $-1 353289 -1 $-1 $743 $848 #
-752 intcurve-curve $-1 -1 -1 $-1 forward { surfintcur full nubs 3 open 2 
	-0.0078183138313266797 3 -0 3 
	0.0077008813423622537 0.013530000000000004 0.0075135232996919894 
	0.010303295789913744 0.013530000000000004 0.0076980458168959291 
	0.012906849725674296 0.013530000000000002 0.0078280863057002843 
	0.015508947319641125 0.013530000000000002 0.0079725485915754148 
	5.0033516662271559e-09 
	plane -0.00029911865763769492 0.01353 -0.00049980443382369752 -1.0058164623697429e-16 -1 4.081702296415982e-16 -0 -4.081702296415982e-16 -1 forward_v I I I I 
	spline reversed { ref 0 } F 0.87495871368468137 F 1 F -2.7755575615628914e-17 F 0.029999999999999971 
	nullbs 
	nubs 3 open 2 
	-0.0078183138313266797 3 -0 3 
	0.87495871368468137 0.013530000000000004 
	0.91416360039207378 0.013530000000000004 
	0.95340113919099767 0.013530000000000002 
	0.99260235354350657 0.013530000000000002 
	
	-1 
	-1 
	I I 
	0 
	0 
	0 
	
	-1 
	none F } I I #
-753 string_attrib-name_attrib-gen-attrib $-1 -1 $-1 $-1 $661 2 1 1 1 1 1 1 1 1 1 1 1 1 1 0 1 1 1 @17 ATTRIB_XACIS_NAME @7 1:17636 #
-754 coedge $-1 353368 -1 $-1 $800 $792 $664 $755 reversed $694 $-1 #
-755 edge $849 353011 -1 $-1 $758 -0.0080506857881408427 $762 0.0080778065086457608 $754 $850 forward @7 unknown T 0.0077008813423623049 0.022769999999999995 -0.0086149689970946089 0.0077008813423623187 0.022770000000000002 0.0075135232996919946 #
-756 pcurve $-1 -1 -1 $-1 0 reversed { ref 66 } 0 0 #
-757 string_attrib-name_attrib-gen-attrib $-1 -1 $-1 $-1 $666 2 1 1 1 1 1 1 1 1 1 1 1 1 1 0 1 1 1 @17 ATTRIB_XACIS_NAME @7 1:17813 #
-758 vertex $-1 353337 -1 $-1 $666 $851 #
-759 straight-curve $-1 -1 -1 $-1 0.0077008813423622771 0 -0.0086149689970946054 0 1 0 F -0.35470563899037527 F 0.35986563899037433 #
-760 pcurve $-1 -1 -1 $-1 0 reversed { ref 73 } 0 0 #
-761 string_attrib-name_attrib-gen-attrib $-1 -1 $-1 $-1 $668 2 1 1 1 1 1 1 1 1 1 1 1 1 1 0 1 1 1 @17 ATTRIB_XACIS_NAME @7 1:17951 #
-762 vertex $-1 353292 -1 $-1 $668 $852 #
-763 straight-curve $-1 -1 -1 $-1 0.0077008813423623465 0 0.0075135232996920015 -0 -1 -0 F -0.35986563899037433 F 0.35470563899037527 #
-764 coedge $-1 353272 -1 $-1 $670 $669 $779 $853 reversed $595 $-1 #
-765 edge $854 353046 -1 $-1 $840 -0.0078086867564806737 $672 -0 $741 $855 forward @7 unknown T 0.0077008763372493818 0.014269994994887137 0.0075135182945791253 0.01549084313954399 0.014270005005112869 0.0079715484509624689 #
-766 edge $856 352998 -1 $-1 $673 -0.0078402275772711527 $782 -1.7452269794535069e-05 $680 $857 forward @7 unknown T 0.0077008340633268708 0.014269952720964589 -0.0089672471647616499 0.015490885413466531 0.014270047279035402 -0.0086149217180592 #
-767 point $-1 -1 -1 $-1 0.0077008813423623075 0.014270000000000001 0.0075135232996919946 #
-768 point $-1 -1 -1 $-1 0.0077008813423623118 0.014269999999999996 -0.0086149689970946089 #
-769 coedge $-1 353345 -1 $-1 $712 $676 $858 $859 forward $486 $860 #
-770 coedge $-1 353342 -1 $-1 $861 $862 $676 $771 reversed $863 $-1 #
-771 edge $864 352988 -1 $-1 $777 -0.12063354747668387 $865 -0.0073718309351560318 $770 $866 reversed @7 unknown T 0.0077008813423623049 0.0058999999999999938 -0.0089671998857262444 0.015490838134431136 0.0059000000000000163 -0.0086149689970946089 #
-772 pcurve $-1 -1 -1 $-1 0 reversed { exppc nubs 1 open 2 
	-1.0779590238399819 1 2.8140297292319647 1 
	-1.0779590238399819 0.0059000000000000163 
	2.8140297292319647 0.0059000000000000163 
	0 
	-1 
	spline reversed { ref 0 } I I I I 
	} 0 0 #
-773 coedge $-1 353142 -1 $-1 $746 $677 $685 $785 forward $775 $-1 #
-774 coedge $-1 353122 -1 $-1 $677 $746 $861 $867 forward $775 $-1 #
-775 loop $-1 353125 -1 $-1 $-1 $773 $693 T 0.0077008813221407383 0.0058999999999999947 -0.0086149689977888591 0.0077008813499545702 0.013530000000000004 0.0075135232996920015 periphery $446 F #
-776 string_attrib-name_attrib-gen-attrib $-1 -1 $-1 $-1 $678 2 1 1 1 1 1 1 1 1 1 1 1 1 1 0 1 1 1 @17 ATTRIB_XACIS_NAME @7 1:17783 #
-777 vertex $-1 353327 -1 $-1 $771 $868 #
-778 pcurve $-1 -1 -1 $-1 2 $857 0 0 #
-779 coedge $-1 353273 -1 $-1 $742 $681 $764 $853 forward $662 $-1 #
-780 coedge $-1 353275 -1 $-1 $681 $742 $684 $784 reversed $662 $-1 #
-781 string_attrib-name_attrib-gen-attrib $-1 -1 $-1 $-1 $682 2 1 1 1 1 1 1 1 1 1 1 1 1 1 0 1 1 1 @17 ATTRIB_XACIS_NAME @7 1:17819 #
-782 vertex $-1 353339 -1 $-1 $682 $869 #
-783 intcurve-curve $-1 -1 -1 $-1 forward { surfintcur full nubs 3 open 2 
	-0.00076000002000001059 3 -0 3 
	0.015490838134431126 0.014280000010000002 -0.0089671998857262444 
	0.015490838134431126 0.014026666669999998 -0.0089671998857262444 
	0.015490838134431126 0.013773333329999995 -0.0089671998857262444 
	0.015490838134431126 0.013519999989999991 -0.0089671998857262444 
	9.9999999999999994e-12 
	plane 0.015490838134431126 0.013529999999999999 -0.00041116423038650734 1 -1.0058164623697422e-16 1.7502376178275731e-16 1.7502376178275728e-16 -3.5004752356551456e-16 -1 forward_v I I I I 
	spline reversed { ref 0 } F -2.9143354396410359e-16 F 0.12063354747668464 F 0 F 0.029999999999999999 
	nullbs 
	nubs 3 open 2 
	-0.00076000002000001059 3 -0 3 
	0.0073718309351561402 0.014280000010000002 
	0.0073718309351561402 0.014026666669999998 
	0.0073718309351561402 0.013773333329999995 
	0.0073718309351561402 0.013519999989999991 
	
	-1 
	-1 
	I I 
	0 
	0 
	0 
	
	-1 
	none F } I I #
-784 edge $870 353048 -1 $-1 $688 -0.008511715553621145 $751 0.008427027777954706 $684 $871 reversed @7 unknown T 0.015490838134431124 0.013529999999999995 -0.0089671998857262462 0.015490838134431128 0.013530000000000002 0.0079715434458496048 #
-785 edge $872 353012 -1 $-1 $689 -0.0080506857888350946 $750 0.0080778065057781623 $773 $873 forward @7 unknown T 0.0077008813221407383 0.013529999999999997 -0.0086149689977888591 0.0077008813499545702 0.013530000000000004 0.0075135232968243986 #
-786 point $-1 -1 -1 $-1 0.015490838134431128 0.013529999999999995 -0.0089671998857262462 #
-787 point $-1 -1 -1 $-1 0.0077008813499545702 0.013529999999999997 -0.0086149689977888591 #
-788 coedge $-1 353264 -1 $-1 $696 $706 $691 $789 forward $619 $-1 #
-789 edge $874 353007 -1 $-1 $710 -0.0085117155536211433 $739 0.008427027777954706 $788 $875 reversed @7 unknown T 0.015490838134431124 0.023509999999999996 -0.0089671998857262444 0.015490838134431128 0.023510000000000003 0.0079715434458496048 #
-790 string_attrib-name_attrib-gen-attrib $-1 -1 $-1 $-1 $693 2 1 1 1 1 1 1 1 1 1 1 1 1 1 0 1 1 1 @17 ATTRIB_XACIS_NAME @7 1:17579 #
-791 face $876 352920 -1 $-1 $877 $863 $4 $-1 $878 reversed single T 0.0077008813423622745 0.0058999999999999938 -0.0089671998857262444 0.015490838134431136 0.0059000000000000163 0.0079715434458496048 T -0.0084713478796733018 0.0084673954519025475 0.0079999999999999689 0.015789956792068831 #
-792 coedge $-1 353286 -1 $-1 $754 $879 $735 $832 reversed $694 $-1 #
-793 coedge $-1 353266 -1 $-1 $706 $696 $879 $880 reversed $619 $-1 #
-794 coedge $-1 353154 -1 $-1 $700 $722 $697 $795 reversed $717 $-1 #
-795 edge $881 353002 -1 $-1 $703 -2.7755575615628914e-16 $725 1 $697 $882 forward @7 unknown T -0.016603821037771572 -4.318456189193764e-05 -0.0096518281561178542 0.016008881474255006 4.318456189193764e-05 0.0086522192884704568 #
-796 pcurve $-1 -1 -1 $-1 1 $882 0 0 #
-797 string_attrib-name_attrib-gen-attrib $-1 -1 $-1 $-1 $701 2 1 1 1 1 1 1 1 1 1 1 1 1 1 0 1 1 1 @17 ATTRIB_XACIS_NAME @7 1:17825 #
-798 straight-curve $-1 -1 -1 $-1 0.015959343202194973 0 -0.0096086435942259168 0.06665048820496218 0 0.99777638397691104 I I #
-799 point $-1 -1 -1 $-1 0.015959343202194973 0 -0.0096086435942259168 #
-800 coedge $-1 353360 -1 $-1 $879 $754 $705 $801 reversed $694 $-1 #
-801 edge $883 352996 -1 $-1 $804 0.0073718309351560318 $758 0.12063354747668387 $800 $884 reversed @7 unknown T 0.0077008813423623049 0.022769999999999995 -0.0089671998857262444 0.015490838134431136 0.022770000000000009 -0.0086149689970946089 #
-802 pcurve $-1 -1 -1 $-1 0 reversed { exppc nubs 1 open 2 
	-2.8140297292319647 1 1.0779590238399819 1 
	2.8140297292319647 0.022770000000000012 
	-1.0779590238399819 0.022770000000000012 
	0 
	-1 
	spline reversed { ref 0 } I I I I 
	} 0 0 #
-803 string_attrib-name_attrib-gen-attrib $-1 -1 $-1 $-1 $707 2 1 1 1 1 1 1 1 1 1 1 1 1 1 0 1 1 1 @17 ATTRIB_XACIS_NAME @7 1:17807 #
-804 vertex $-1 353336 -1 $-1 $801 $885 #
-805 straight-curve $-1 -1 -1 $-1 0.015490838134431091 0 -0.0089671998857262444 0 1 0 F -0.35470563899037527 F 0.35986563899037433 #
-806 point $-1 -1 -1 $-1 0.015490838134431128 0.023509999999999996 -0.0089671998857262444 #
-807 coedge $-1 353346 -1 $-1 $886 $887 $712 $808 reversed $888 $-1 #
-808 edge $889 352990 -1 $-1 $890 0.0073718309351560318 $814 0.12063354747668387 $807 $891 reversed @7 unknown T 0.0077008813423623049 0.0051599999999999945 -0.0089671998857262444 0.015490838134431136 0.0051599999999999979 -0.0086149689970946089 #
-809 pcurve $-1 -1 -1 $-1 0 reversed { exppc nubs 1 open 2 
	-2.8140297292319647 1 1.0779590238399819 1 
	2.8140297292319647 0.0051599999999999979 
	-1.0779590238399819 0.0051599999999999979 
	0 
	-1 
	spline reversed { ref 0 } I I I I 
	} 0 0 #
-810 coedge $-1 353120 -1 $-1 $728 $713 $887 $892 forward $812 $-1 #
-811 coedge $-1 353224 -1 $-1 $713 $728 $716 $816 forward $812 $-1 #
-812 loop $-1 353104 -1 $-1 $-1 $810 $893 T 0.0077008813423622771 -3.6883768518656993e-18 -0.0086149689970946089 0.0077008813423623465 0.0051600000000000023 0.0075135232996920015 unknown #
-813 string_attrib-name_attrib-gen-attrib $-1 -1 $-1 $-1 $714 2 1 1 1 1 1 1 1 1 1 1 1 1 1 0 1 1 1 @17 ATTRIB_XACIS_NAME @7 1:17795 #
-814 vertex $-1 353329 -1 $-1 $714 $894 #
-815 straight-curve $-1 -1 -1 $-1 0.0077008813423622771 0 -0.0086149689970946054 0 1 0 F -0.35470563899037527 F 0.35986563899037433 #
-816 edge $895 353022 -1 $-1 $732 -0.0080778065086457521 $719 0.0080506857881408513 $811 $896 forward @7 unknown T 0.0077008813423623066 -3.6883768518656993e-18 -0.0086149689970946089 0.0077008813423623101 2.8947935526864359e-18 0.0075135232996919954 #
-817 loop $-1 353191 -1 $-1 $897 $898 $818 T -0.016598237315275391 -2.6410095420991931e-18 -0.0073925569746052791 -0.0032991186576376542 2.7755575615628914e-17 0.0062171920467967538 hole $819 T #
-818 face $899 352924 -1 $-1 $900 $717 $4 $-1 $819 reversed single T -0.016603821037771572 -4.318456189193764e-05 -0.0096518281561178542 0.016008881474255006 4.318456189193764e-05 0.0086522192884704568 T -0.0091088391604022285 0.0091088391604022094 -0.016261517818241943 0.01629911865763771 #
-819 plane-surface $-1 -1 -1 $-1 -0.00029911865763769145 0 -0.00049980443382368885 1.0058164623697429e-16 1 -4.081702296415982e-16 0 4.081702296415982e-16 1 forward_v I I I I #
-820 point $-1 -1 -1 $-1 0.0077008813423623101 6.4509341906260863e-35 -0.0086149689970946089 #
-821 string_attrib-name_attrib-gen-attrib $-1 -1 $-1 $-1 $723 2 1 1 1 1 1 1 1 1 1 1 1 1 1 0 1 1 1 @17 ATTRIB_XACIS_NAME @7 1:17834 #
-822 straight-curve $-1 -1 -1 $-1 0.015965696912363072 0 0.0086090347265785211 0.056234569896603866 0 -0.99841758455495166 I I #
-823 point $-1 -1 -1 $-1 0.015965696912363072 0 0.0086090347265785211 #
-824 coedge $-1 353322 -1 $-1 $745 $727 $901 $902 forward $514 $903 #
-825 coedge $-1 353130 -1 $-1 $887 $886 $727 $826 reversed $888 $-1 #
-826 edge $904 353019 -1 $-1 $829 0.8749587136846817 $905 0.99232953416280578 $825 $906 reversed @7 unknown T 0.0077008813423622736 0.0051599999999999979 0.0075135232996919911 0.015490838134431124 0.0051600000000000023 0.0079715434458496048 #
-827 pcurve $-1 -1 -1 $-1 0 reversed { exppc nubs 1 open 2 
	-2.8140297292319647 1 1.0779590238399819 1 
	2.8140297292319647 0.0051599999999999979 
	-1.0779590238399819 0.0051599999999999979 
	0 
	-1 
	spline reversed { ref 0 } I I I I 
	} 0 0 #
-828 string_attrib-name_attrib-gen-attrib $-1 -1 $-1 $-1 $729 2 1 1 1 1 1 1 1 1 1 1 1 1 1 0 1 1 1 @17 ATTRIB_XACIS_NAME @7 1:17885 #
-829 vertex $-1 353300 -1 $-1 $729 $907 #
-830 straight-curve $-1 -1 -1 $-1 0.0077008813423623465 0 0.0075135232996920015 -0 -1 -0 F -0.35986563899037433 F 0.35470563899037527 #
-831 point $-1 -1 -1 $-1 0.0077008813423623066 -1.972126725632495e-34 0.0075135232996919946 #
-832 edge $908 353010 -1 $-1 $762 0.8749587136846817 $835 0.99232953416280578 $792 $909 reversed @7 unknown T 0.0077008813423622736 0.022770000000000002 0.0075135232996919911 0.015490838134431124 0.022770000000000012 0.0079715434458496048 #
-833 pcurve $-1 -1 -1 $-1 0 reversed { exppc nubs 1 open 2 
	-2.8140297292319647 1 1.0779590238399819 1 
	2.8140297292319647 0.022770000000000012 
	-1.0779590238399819 0.022770000000000012 
	0 
	-1 
	spline reversed { ref 0 } I I I I 
	} 0 0 #
-834 string_attrib-name_attrib-gen-attrib $-1 -1 $-1 $-1 $736 2 1 1 1 1 1 1 1 1 1 1 1 1 1 0 1 1 1 @17 ATTRIB_XACIS_NAME @7 1:17846 #
-835 vertex $-1 353293 -1 $-1 $832 $910 #
-836 straight-curve $-1 -1 -1 $-1 0.015490838134431174 0 0.0079715434458496048 -0 -1 -0 F -0.35986563899037433 F 0.35470563899037527 #
-837 point $-1 -1 -1 $-1 0.015490838134431124 0.023510000000000003 0.0079715434458496048 #
-838 pcurve $-1 -1 -1 $-1 2 $855 0 0 #
-839 string_attrib-name_attrib-gen-attrib $-1 -1 $-1 $-1 $743 2 1 1 1 1 1 1 1 1 1 1 1 1 1 0 1 1 1 @17 ATTRIB_XACIS_NAME @7 1:17957 #
-840 vertex $-1 353290 -1 $-1 $743 $911 #
-841 intcurve-curve $-1 -1 -1 $-1 forward { surfintcur full nubs 3 open 2 
	-0.00076000002000001059 3 -0 3 
	0.015490838134431126 0.013519999989999991 0.0079715434458496048 
	0.015490838134431126 0.013773333329999995 0.0079715434458496048 
	0.015490838134431126 0.014026666669999998 0.0079715434458496048 
	0.015490838134431126 0.014280000010000002 0.0079715434458496048 
	9.9999999999999994e-12 
	plane 0.015490838134431126 0.013529999999999999 -0.00041116423038650734 1 -1.0058164623697422e-16 1.7502376178275731e-16 1.7502376178275728e-16 -3.5004752356551456e-16 -1 forward_v I I I I 
	spline reversed { ref 0 } F 0.87495871368468137 F 1 F -2.7755575615628914e-17 F 0.029999999999999971 
	nullbs 
	nubs 3 open 2 
	-0.00076000002000001059 3 -0 3 
	0.99232953416281533 0.013519999989999991 
	0.99232953416281533 0.013773333329999995 
	0.99232953416281533 0.014026666669999998 
	0.99232953416281533 0.014280000010000002 
	
	-1 
	-1 
	I I 
	0 
	0 
	0 
	
	-1 
	none F } I I #
-842 coedge $-1 353132 -1 $-1 $862 $861 $745 $843 reversed $863 $-1 #
-843 edge $912 353015 -1 $-1 $913 -0.99232953416280578 $846 -0.8749587136846817 $842 $914 reversed @7 unknown T 0.0077008813423622745 0.0059000000000000007 0.0075135232996919928 0.015490838134431124 0.0059000000000000163 0.0079715434458496048 #
-844 pcurve $-1 -1 -1 $-1 0 reversed { exppc nubs 1 open 2 
	-1.0779590238399819 1 2.8140297292319647 1 
	-1.0779590238399819 0.0059000000000000163 
	2.8140297292319647 0.0059000000000000163 
	0 
	-1 
	spline reversed { ref 0 } I I I I 
	} 0 0 #
-845 string_attrib-name_attrib-gen-attrib $-1 -1 $-1 $-1 $747 2 1 1 1 1 1 1 1 1 1 1 1 1 1 0 1 1 1 @17 ATTRIB_XACIS_NAME @7 1:17861 #
-846 vertex $-1 353302 -1 $-1 $843 $915 #
-847 point $-1 -1 -1 $-1 0.0077008813221407383 0.013530000000000002 0.0075135232968243986 #
-848 point $-1 -1 -1 $-1 0.015490838134431124 0.013530000000000002 0.0079715434458496048 #
-849 string_attrib-name_attrib-gen-attrib $-1 -1 $-1 $-1 $755 2 1 1 1 1 1 1 1 1 1 1 1 1 1 0 1 1 1 @17 ATTRIB_XACIS_NAME @7 1:17855 #
-850 straight-curve $-1 -1 -1 $-1 0.0077008813423623101 0.022769999999999999 -0.00056428320895376581 4.1054433642275788e-32 4.081702296415982e-16 1 I I #
-851 point $-1 -1 -1 $-1 0.0077008813423623049 0.022769999999999995 -0.0086149689970946089 #
-852 point $-1 -1 -1 $-1 0.0077008813423623187 0.022770000000000002 0.0075135232996919946 #
-853 edge $916 353047 -1 $-1 $782 -0.008511715553621145 $840 0.008427027777954706 $764 $917 reversed @7 unknown T 0.015490838134431124 0.014269999999999994 -0.0089671998857262462 0.015490838134431128 0.014270000000000001 0.0079715434458496048 #
-854 string_attrib-name_attrib-gen-attrib $-1 -1 $-1 $-1 $765 2 1 1 1 1 1 1 1 1 1 1 1 1 1 0 1 1 1 @17 ATTRIB_XACIS_NAME @7 1:17960 #
-855 intcurve-curve $-1 -1 -1 $-1 forward { surfintcur full nubs 3 open 2 
	-0.0078261512869323736 3 -0 3 
	0.015508256824608355 0.014270000000000001 0.0079725102572695047 
	0.012906390245932405 0.014270000000000001 0.007828063361672322 
	0.010303065492581302 0.014270000000000005 0.0076980294878121712 
	0.0077008813423622459 0.014270000000000005 0.0075135232996919894 
	5.0051128640520371e-09 
	plane -0.00029911865763769492 0.01427 -0.00049980443382369785 1.0058164623697429e-16 1 -4.081702296415982e-16 -0 -4.081702296415982e-16 -1 reverse_v I I I I 
	spline reversed { ref 0 } F 0.87495871368468137 F 1 F -2.7755575615628914e-17 F 0.029999999999999971 
	nullbs 
	nubs 3 open 2 
	-0.0078261512869323736 3 -0 3 
	0.9925919510725425 0.014270000000000001 
	0.95339421447736183 0.014270000000000001 
	0.91416013100585214 0.014270000000000005 
	0.87495871368468126 0.014270000000000005 
	
	-1 
	-1 
	I I 
	0 
	0 
	0 
	
	-1 
	none F } I I #
-856 string_attrib-name_attrib-gen-attrib $-1 -1 $-1 $-1 $766 2 1 1 1 1 1 1 1 1 1 1 1 1 1 0 1 1 1 @17 ATTRIB_XACIS_NAME @7 1:17816 #
-857 intcurve-curve $-1 -1 -1 $-1 forward { surfintcur full nubs 3 open 2 
	-0.0078402275772711527 3 -0 3 
	0.0077008813423622754 0.014269999999999996 -0.0086149689970946054 
	0.010281016286410873 0.014269999999999996 -0.0087329348732384047 
	0.012899899344927988 0.014269999999999994 -0.0088058674526864094 
	0.015508256824608354 0.014269999999999994 -0.0089682831700301502 
	4.7279035404611251e-08 
	plane -0.00029911865763769492 0.01427 -0.00049980443382369785 1.0058164623697429e-16 1 -4.081702296415982e-16 -0 -4.081702296415982e-16 -1 reverse_v I I I I 
	spline reversed { ref 0 } F -2.9143354396410359e-16 F 0.12063354747668464 F 0 F 0.029999999999999999 
	nullbs 
	nubs 3 open 2 
	-0.0078402275772711527 3 -0 3 
	0.12063354747668464 0.014269999999999996 
	0.082828891515028313 0.014269999999999996 
	0.044885383512159815 0.014269999999999994 
	0.007119629714488933 0.014269999999999994 
	
	-1 
	-1 
	I I 
	0 
	0 
	0 
	
	-1 
	none F } I I #
-858 coedge $-1 353344 -1 $-1 $918 $919 $769 $859 reversed $920 $-1 #
-859 edge $921 352989 -1 $-1 $865 -0.0058999999999999938 $890 -0.0051599999999999945 $858 $922 reversed @7 unknown T 0.015490838134431091 0.0051599999999999945 -0.0089671998857262444 0.015490838134431128 0.0058999999999999938 -0.0089671998857262444 #
-860 pcurve $-1 -1 -1 $-1 0 reversed { exppc nubs 1 open 2 
	-0.35470563899037527 1 0.35986563899037433 1 
	0.007371830935156698 -0.35470563899037527 
	0.007371830935156698 0.35986563899037433 
	1.0000000000000001e-05 
	-1 
	spline reversed { ref 0 } I I I I 
	} 0 0 #
-861 coedge $-1 353123 -1 $-1 $842 $770 $774 $867 reversed $863 $-1 #
-862 coedge $-1 353276 -1 $-1 $770 $842 $918 $923 reversed $863 $-1 #
-863 loop $-1 353124 -1 $-1 $-1 $842 $791 T 0.0077008813423622745 0.0058999999999999938 -0.0089671998857262444 0.015490838134431136 0.0059000000000000163 0.0079715434458496048 periphery $878 T #
-864 string_attrib-name_attrib-gen-attrib $-1 -1 $-1 $-1 $771 2 1 1 1 1 1 1 1 1 1 1 1 1 1 0 1 1 1 @17 ATTRIB_XACIS_NAME @7 1:17786 #
-865 vertex $-1 353328 -1 $-1 $859 $924 #
-866 intcurve-curve $-1 -1 -1 $-1 forward { exactcur full nubs 3 open 2 
	0.0073718309351560318 3 0.12063354747668387 3 
	0.015490838134431136 0.0059000000000000163 -0.0089671998857262444 
	0.012883306756471435 0.0059000000000000155 -0.0088052344070796325 
	0.010277552612413652 0.0059000000000000155 -0.0087327765112354024 
	0.0077008813423623266 0.0059000000000000155 -0.0086149689970946089 
	0 
	null_surface 
	null_surface 
	nullbs 
	nullbs 
	-1 
	-1 
	I I 
	0 
	0 
	0 
	
	-1 
	none F F 1 F 0 } I I #
-867 edge $925 353014 -1 $-1 $846 -0.0080778065086457573 $777 0.0080506857881408461 $774 $926 forward @7 unknown T 0.0077008813423623049 0.0058999999999999947 -0.0086149689970946089 0.0077008813423623187 0.0059000000000000042 0.0075135232996919946 #
-868 point $-1 -1 -1 $-1 0.0077008813423623049 0.0058999999999999947 -0.0086149689970946089 #
-869 point $-1 -1 -1 $-1 0.015490838134431128 0.014269999999999994 -0.0089671998857262462 #
-870 string_attrib-name_attrib-gen-attrib $-1 -1 $-1 $-1 $784 2 1 1 1 1 1 1 1 1 1 1 1 1 1 0 1 1 1 @17 ATTRIB_XACIS_NAME @7 1:17966 #
-871 straight-curve $-1 -1 -1 $-1 0.015490838134431126 0.013529999999999999 -0.0004554843321051011 1.7502376178275726e-16 -4.081702296415982e-16 -1 F -100.0004554943321 F 99.999544525667886 #
-872 string_attrib-name_attrib-gen-attrib $-1 -1 $-1 $-1 $785 2 1 1 1 1 1 1 1 1 1 1 1 1 1 0 1 1 1 @17 ATTRIB_XACIS_NAME @7 1:17858 #
-873 straight-curve $-1 -1 -1 $-1 0.0077008813423623101 0.01353 -0.00056428320895376396 4.1054433642275788e-32 4.081702296415982e-16 1 I I #
-874 string_attrib-name_attrib-gen-attrib $-1 -1 $-1 $-1 $789 2 1 1 1 1 1 1 1 1 1 1 1 1 1 0 1 1 1 @17 ATTRIB_XACIS_NAME @7 1:17843 #
-875 straight-curve $-1 -1 -1 $-1 0.015490838134431126 0.02351 -0.00045548433210510137 1.7502376178275726e-16 -4.081702296415982e-16 -1 I I #
-876 string_attrib-name_attrib-gen-attrib $-1 -1 $-1 $-1 $791 2 1 1 1 1 1 1 1 1 1 1 1 1 1 0 1 1 1 @17 ATTRIB_XACIS_NAME @7 1:17582 #
-877 face $927 352921 -1 $-1 $928 $920 $4 $-1 $929 forward single T 0.015490838134431091 0.0051599999999999945 -0.0089671998857262444 0.015490838134431174 0.0059000000000000007 0.0079715434458496048 T -0.0083827076762361136 0.0085560356553397374 0 0.00074000000000000021 #
-878 plane-surface $-1 -1 -1 $-1 -0.00029911865763769486 0.005899999999999999 -0.00049980443382369785 -1.0058164623697429e-16 -1 4.081702296415982e-16 -0 -4.081702296415982e-16 -1 forward_v I I I I #
-879 coedge $-1 353267 -1 $-1 $792 $800 $793 $880 forward $694 $-1 #
-880 edge $930 353009 -1 $-1 $804 -0.0085117155536211433 $835 0.008427027777954706 $793 $931 reversed @7 unknown T 0.015490838134431124 0.022769999999999995 -0.0089671998857262444 0.015490838134431128 0.022770000000000002 0.0079715434458496048 #
-881 string_attrib-name_attrib-gen-attrib $-1 -1 $-1 $-1 $795 2 1 1 1 1 1 1 1 1 1 1 1 1 1 0 1 1 1 @17 ATTRIB_XACIS_NAME @7 1:17828 #
-882 intcurve-curve $-1 -1 -1 $-1 forward { parcur summary 3 7 -2.7755575615628914e-16 0.36127635196199465 0.46945142820195473 0.5029950953784319 0.53653876255490895 
	0.63716976408434034 1 4.318456189193764e-05 OPEN 
	spline forward { ref 58 } I I I I 
	null_surface 
	nubs 1 open 2 
	-2.7755575615628914e-16 1 1 1 
	-2.7755575615628914e-16 0 
	1 0 
	
	nullbs 
	-1 
	-1 
	I I 
	0 
	0 
	5 0.36127635196199465 0.46945142820195473 0.5029950953784319 0.53653876255490895 0.63716976408434034 
	
	-1 
	none F surf1 } I I #
-883 string_attrib-name_attrib-gen-attrib $-1 -1 $-1 $-1 $801 2 1 1 1 1 1 1 1 1 1 1 1 1 1 0 1 1 1 @17 ATTRIB_XACIS_NAME @7 1:17810 #
-884 intcurve-curve $-1 -1 -1 $-1 reversed { exactcur full nubs 3 open 2 
	0.0073718309351560318 3 0.12063354747668387 3 
	0.015490838134431136 0.022770000000000009 -0.0089671998857262444 
	0.012883306756471435 0.022770000000000009 -0.0088052344070796325 
	0.010277552612413653 0.022770000000000009 -0.0087327765112354024 
	0.0077008813423623292 0.022770000000000009 -0.0086149689970946089 
	0 
	null_surface 
	null_surface 
	nullbs 
	nullbs 
	-1 
	-1 
	I I 
	0 
	0 
	0 
	
	-1 
	none F F 1 F 0 } I I #
-885 point $-1 -1 -1 $-1 0.015490838134431128 0.022769999999999995 -0.0089671998857262444 #
-886 coedge $-1 353281 -1 $-1 $825 $807 $919 $932 forward $888 $-1 #
-887 coedge $-1 353119 -1 $-1 $807 $825 $810 $892 reversed $888 $-1 #
-888 loop $-1 353121 -1 $-1 $-1 $825 $928 T 0.0077008813423622736 0.0051599999999999945 -0.0089671998857262444 0.015490838134431136 0.0051600000000000023 0.0079715434458496048 unknown #
-889 string_attrib-name_attrib-gen-attrib $-1 -1 $-1 $-1 $808 2 1 1 1 1 1 1 1 1 1 1 1 1 1 0 1 1 1 @17 ATTRIB_XACIS_NAME @7 1:17792 #
-890 vertex $-1 353282 -1 $-1 $808 $933 #
-891 intcurve-curve $-1 -1 -1 $-1 reversed { exactcur full nubs 3 open 2 
	0.0073718309351560318 3 0.12063354747668387 3 
	0.015490838134431136 0.0051599999999999979 -0.0089671998857262444 
	0.012883306756471435 0.0051599999999999979 -0.0088052344070796325 
	0.010277552612413653 0.0051599999999999979 -0.0087327765112354024 
	0.0077008813423623292 0.0051599999999999979 -0.0086149689970946089 
	0 
	null_surface 
	null_surface 
	nullbs 
	nullbs 
	-1 
	-1 
	I I 
	0 
	0 
	0 
	
	-1 
	none F F 1 F 0 } I I #
-892 edge $934 353020 -1 $-1 $814 -0.0080506857881408461 $829 0.0080778065086457573 $887 $935 forward @7 unknown T 0.0077008813423623049 0.0051599999999999945 -0.0086149689970946089 0.0077008813423623187 0.0051600000000000023 0.0075135232996919954 #
-893 face $936 352923 -1 $-1 $818 $812 $4 $-1 $937 forward single T 0.0077008813423622771 -3.6883768518656993e-18 -0.0086149689970946089 0.0077008813423623465 0.0051600000000000023 0.0075135232996920015 T -0.0079862070130107717 0.0081422852837758387 0.024839999999999994 0.030000000000000002 #
-894 point $-1 -1 -1 $-1 0.0077008813423623049 0.0051599999999999953 -0.0086149689970946089 #
-895 string_attrib-name_attrib-gen-attrib $-1 -1 $-1 $-1 $816 2 1 1 1 1 1 1 1 1 1 1 1 1 1 0 1 1 1 @17 ATTRIB_XACIS_NAME @7 1:17888 #
-896 straight-curve $-1 -1 -1 $-1 0.0077008813423623101 -4.0232658494789728e-19 -0.00056428320895375692 -4.1054433642275788e-32 -4.081702296415982e-16 -1 I I #
-897 loop $-1 353203 -1 $-1 $-1 $938 $818 T -0.0027349247824982083 -4.0422098072650727e-18 -0.008585591413770308 0.0070797034278589138 2.7755575615628914e-17 0.0074684089428570313 hole $819 T #
-898 coedge $-1 353268 -1 $-1 $939 $939 $940 $941 reversed $817 $-1 #
-899 string_attrib-name_attrib-gen-attrib $-1 -1 $-1 $-1 $818 2 1 1 1 1 1 1 1 1 1 1 1 1 1 0 1 1 1 @17 ATTRIB_XACIS_NAME @7 1:17594 #
-900 face $942 352925 -1 $-1 $943 $944 $4 $-1 $945 forward single T -0.0032991186576376919 -2.6410095420991931e-18 -0.0073925569746052799 -0.0032991186576376563 0.0051600000000000023 0.0062171920467967573 T -0.0068225131225263559 0.0067872358988756839 0.024839999999999997 0.030000000000000002 #
-901 coedge $-1 353321 -1 $-1 $919 $918 $824 $902 reversed $920 $-1 #
-902 edge $946 353017 -1 $-1 $905 0.0051600000000000014 $913 0.0059000000000000007 $901 $947 reversed @7 unknown T 0.015490838134431124 0.0051600000000000014 0.0079715434458496048 0.015490838134431174 0.0059000000000000007 0.0079715434458496048 #
-903 pcurve $-1 -1 -1 $-1 0 reversed { exppc nubs 1 open 2 
	-0.35986563899037433 1 0.35470563899037527 1 
	0.992329534162816 0.35986563899037433 
	0.992329534162816 -0.35470563899037527 
	1.0000000000000001e-05 
	-1 
	spline reversed { ref 0 } I I I I 
	} 0 0 #
-904 string_attrib-name_attrib-gen-attrib $-1 -1 $-1 $-1 $826 2 1 1 1 1 1 1 1 1 1 1 1 1 1 0 1 1 1 @17 ATTRIB_XACIS_NAME @7 1:17879 #
-905 vertex $-1 353283 -1 $-1 $826 $948 #
-906 intcurve-curve $-1 -1 -1 $-1 reversed { exactcur full nubs 3 open 2 
	0.8749587136846817 3 0.99232953416280578 3 
	0.0077008813423622736 0.0051599999999999979 0.0075135232996919911 
	0.010297900443688128 0.0051599999999999979 0.0076976632633531331 
	0.012893896379250484 0.0051599999999999979 0.007827434183170192 
	0.015490838134430491 0.0051599999999999979 0.0079715434458495684 
	0 
	null_surface 
	null_surface 
	nullbs 
	nullbs 
	-1 
	-1 
	I I 
	0 
	0 
	0 
	
	-1 
	none F F 1 F 0 } I I #
-907 point $-1 -1 -1 $-1 0.0077008813423623187 0.0051600000000000023 0.0075135232996919946 #
-908 string_attrib-name_attrib-gen-attrib $-1 -1 $-1 $-1 $832 2 1 1 1 1 1 1 1 1 1 1 1 1 1 0 1 1 1 @17 ATTRIB_XACIS_NAME @7 1:17852 #
-909 intcurve-curve $-1 -1 -1 $-1 reversed { exactcur full nubs 3 open 2 
	0.8749587136846817 3 0.99232953416280578 3 
	0.0077008813423622736 0.022770000000000012 0.0075135232996919911 
	0.010297900443688128 0.022770000000000012 0.0076976632633531331 
	0.012893896379250484 0.022770000000000012 0.007827434183170192 
	0.015490838134430491 0.022770000000000012 0.0079715434458495684 
	0 
	null_surface 
	null_surface 
	nullbs 
	nullbs 
	-1 
	-1 
	I I 
	0 
	0 
	0 
	
	-1 
	none F F 1 F 0 } I I #
-910 point $-1 -1 -1 $-1 0.015490838134431124 0.022770000000000002 0.0079715434458496048 #
-911 point $-1 -1 -1 $-1 0.015490838134431124 0.014270000000000001 0.0079715434458496048 #
-912 string_attrib-name_attrib-gen-attrib $-1 -1 $-1 $-1 $843 2 1 1 1 1 1 1 1 1 1 1 1 1 1 0 1 1 1 @17 ATTRIB_XACIS_NAME @7 1:17867 #
-913 vertex $-1 353301 -1 $-1 $902 $949 #
-914 intcurve-curve $-1 -1 -1 $-1 forward { exactcur full nubs 3 open 2 
	0.8749587136846817 3 0.99232953416280578 3 
	0.0077008813423622745 0.0059000000000000163 0.0075135232996919928 
	0.010297900443688127 0.0059000000000000163 0.0076976632633531323 
	0.01289389637925048 0.0059000000000000163 0.0078274341831701903 
	0.015490838134430487 0.0059000000000000163 0.0079715434458495667 
	0 
	null_surface 
	null_surface 
	nullbs 
	nullbs 
	-1 
	-1 
	I I 
	0 
	0 
	0 
	
	-1 
	none F F 1 F 0 } I I #
-915 point $-1 -1 -1 $-1 0.0077008813423623187 0.0059000000000000016 0.0075135232996919946 #
-916 string_attrib-name_attrib-gen-attrib $-1 -1 $-1 $-1 $853 2 1 1 1 1 1 1 1 1 1 1 1 1 1 0 1 1 1 @17 ATTRIB_XACIS_NAME @7 1:17963 #
-917 straight-curve $-1 -1 -1 $-1 0.015490838134431126 0.014269999999999998 -0.00045548433210510137 1.7502376178275726e-16 -4.081702296415982e-16 -1 F -100.0004554943321 F 99.999544525667886 #
-918 coedge $-1 353277 -1 $-1 $901 $858 $862 $923 forward $920 $-1 #
-919 coedge $-1 353280 -1 $-1 $858 $901 $886 $932 reversed $920 $-1 #
-920 loop $-1 353185 -1 $-1 $-1 $901 $877 T 0.015490838134431091 0.0051599999999999945 -0.0089671998857262444 0.015490838134431174 0.0059000000000000007 0.0079715434458496048 periphery $929 F #
-921 string_attrib-name_attrib-gen-attrib $-1 -1 $-1 $-1 $859 2 1 1 1 1 1 1 1 1 1 1 1 1 1 0 1 1 1 @17 ATTRIB_XACIS_NAME @7 1:17789 #
-922 straight-curve $-1 -1 -1 $-1 0.015490838134431091 0 -0.0089671998857262444 0 1 0 F -0.35470563899037527 F 0.35986563899037433 #
-923 edge $950 353016 -1 $-1 $865 -0.0085117155536211433 $913 0.008427027777954706 $862 $951 reversed @7 unknown T 0.015490838134431124 0.0058999999999999938 -0.0089671998857262444 0.015490838134431128 0.0059000000000000007 0.0079715434458496048 #
-924 point $-1 -1 -1 $-1 0.015490838134431128 0.0058999999999999938 -0.0089671998857262444 #
-925 string_attrib-name_attrib-gen-attrib $-1 -1 $-1 $-1 $867 2 1 1 1 1 1 1 1 1 1 1 1 1 1 0 1 1 1 @17 ATTRIB_XACIS_NAME @7 1:17864 #
-926 straight-curve $-1 -1 -1 $-1 0.0077008813423623101 0.0059000000000000007 -0.00056428320895376266 -4.1054433642275788e-32 -4.081702296415982e-16 -1 I I #
-927 string_attrib-name_attrib-gen-attrib $-1 -1 $-1 $-1 $877 2 1 1 1 1 1 1 1 1 1 1 1 1 1 0 1 1 1 @17 ATTRIB_XACIS_NAME @7 1:17585 #
-928 face $952 352922 -1 $-1 $893 $888 $4 $-1 $953 forward single T 0.0077008813423622736 0.0051599999999999945 -0.0089671998857262444 0.015490838134431136 0.0051600000000000023 0.0079715434458496048 T -0.0084713478796733018 0.0084673954519025475 0.0079999999999999689 0.015789956792068831 #
-929 plane-surface $-1 -1 -1 $-1 0.015490838134431126 0.0051599999999999979 -0.00041116423038650734 1 -1.0058164623697422e-16 1.7502376178275731e-16 1.7502376178275728e-16 -3.5004752356551456e-16 -1 forward_v I I I I #
-930 string_attrib-name_attrib-gen-attrib $-1 -1 $-1 $-1 $880 2 1 1 1 1 1 1 1 1 1 1 1 1 1 0 1 1 1 @17 ATTRIB_XACIS_NAME @7 1:17849 #
-931 straight-curve $-1 -1 -1 $-1 0.015490838134431126 0.022769999999999999 -0.0004554843321051011 1.7502376178275726e-16 -4.081702296415982e-16 -1 I I #
-932 edge $954 353018 -1 $-1 $890 -0.0085117155536211433 $905 0.008427027777954706 $919 $955 reversed @7 unknown T 0.015490838134431124 0.0051599999999999945 -0.0089671998857262444 0.015490838134431128 0.0051600000000000014 0.0079715434458496048 #
-933 point $-1 -1 -1 $-1 0.015490838134431128 0.0051599999999999945 -0.0089671998857262444 #
-934 string_attrib-name_attrib-gen-attrib $-1 -1 $-1 $-1 $892 2 1 1 1 1 1 1 1 1 1 1 1 1 1 0 1 1 1 @17 ATTRIB_XACIS_NAME @7 1:17882 #
-935 straight-curve $-1 -1 -1 $-1 0.0077008813423623101 0.0051599999999999979 -0.00056428320895376223 4.1054433642275788e-32 4.081702296415982e-16 1 I I #
-936 string_attrib-name_attrib-gen-attrib $-1 -1 $-1 $-1 $893 2 1 1 1 1 1 1 1 1 1 1 1 1 1 0 1 1 1 @17 ATTRIB_XACIS_NAME @7 1:17591 #
-937 plane-surface $-1 -1 -1 $-1 0.0077008813423623118 0.029999999999999999 -0.00062876198408383724 1 -1.0058164623697429e-16 0 0 0 1 forward_v I I I I #
-938 coedge $-1 353227 -1 $-1 $956 $957 $958 $959 reversed $897 $-1 #
-939 coedge $-1 353260 -1 $-1 $898 $898 $960 $961 forward $817 $-1 #
-940 coedge $-1 353269 -1 $-1 $962 $963 $898 $941 forward $944 $-1 #
-941 edge $964 353024 -1 $-1 $965 -0.0068399942198286261 $966 0.0067697548015733964 $898 $967 forward @7 unknown T -0.0032991186576376919 -2.6410095420991931e-18 -0.0073925569746052695 -0.0032991186576376902 2.9140848413309867e-18 0.006217192046796753 #
-942 string_attrib-name_attrib-gen-attrib $-1 -1 $-1 $-1 $900 2 1 1 1 1 1 1 1 1 1 1 1 1 1 0 1 1 1 @17 ATTRIB_XACIS_NAME @7 1:17597 #
-943 face $968 352926 -1 $-1 $969 $970 $4 $-1 $971 reversed single T -0.016598237315275391 -1.6479873021779667e-17 -0.0073925569746052799 -0.0032991186576376542 0.0051600000000000023 0.0062171920467967573 T 0.28576509640698866 0.70942097225739675 -1.6479873021779667e-17 0.0051600000000000005 #
-944 loop $-1 353190 -1 $-1 $-1 $972 $900 T -0.0032991186576376919 -2.6410095420991931e-18 -0.0073925569746052799 -0.0032991186576376563 0.0051600000000000023 0.0062171920467967573 unknown #
-945 plane-surface $-1 -1 -1 $-1 -0.0032991186576376884 0.029999999999999999 -0.00060532107572961076 -1 1.0058164623697429e-16 -4.9111514833599071e-32 0 -4.8827511450638243e-16 -1 forward_v I I I I #
-946 string_attrib-name_attrib-gen-attrib $-1 -1 $-1 $-1 $902 2 1 1 1 1 1 1 1 1 1 1 1 1 1 0 1 1 1 @17 ATTRIB_XACIS_NAME @7 1:17873 #
-947 straight-curve $-1 -1 -1 $-1 0.015490838134431174 0 0.0079715434458496048 -0 -1 -0 F -0.35986563899037433 F 0.35470563899037527 #
-948 point $-1 -1 -1 $-1 0.015490838134431124 0.0051600000000000014 0.0079715434458496048 #
-949 point $-1 -1 -1 $-1 0.015490838134431124 0.0059000000000000007 0.0079715434458496048 #
-950 string_attrib-name_attrib-gen-attrib $-1 -1 $-1 $-1 $923 2 1 1 1 1 1 1 1 1 1 1 1 1 1 0 1 1 1 @17 ATTRIB_XACIS_NAME @7 1:17870 #
-951 straight-curve $-1 -1 -1 $-1 0.015490838134431126 0.0058999999999999973 -0.00045548433210510137 1.7502376178275726e-16 -4.081702296415982e-16 -1 I I #
-952 string_attrib-name_attrib-gen-attrib $-1 -1 $-1 $-1 $928 2 1 1 1 1 1 1 1 1 1 1 1 1 1 0 1 1 1 @17 ATTRIB_XACIS_NAME @7 1:17588 #
-953 plane-surface $-1 -1 -1 $-1 -0.00029911865763769486 0.0051599999999999997 -0.00049980443382369752 -1.0058164623697429e-16 -1 4.081702296415982e-16 -0 -4.081702296415982e-16 -1 forward_v I I I I #
-954 string_attrib-name_attrib-gen-attrib $-1 -1 $-1 $-1 $932 2 1 1 1 1 1 1 1 1 1 1 1 1 1 0 1 1 1 @17 ATTRIB_XACIS_NAME @7 1:17876 #
-955 straight-curve $-1 -1 -1 $-1 0.015490838134431126 0.0051599999999999979 -0.0004554843321051011 1.7502376178275726e-16 -4.081702296415982e-16 -1 I I #
-956 coedge $-1 353382 -1 $-1 $973 $938 $974 $975 forward $897 $-1 #
-957 coedge $-1 353383 -1 $-1 $938 $973 $976 $977 forward $897 $-1 #
-958 coedge $-1 353226 -1 $-1 $978 $979 $938 $959 forward $980 $-1 #
-959 edge $981 353026 -1 $-1 $982 -0.0040428934899733107 $983 0.012011106866654027 $958 $984 reversed @7 unknown T 0.0070797034278588834 -4.0422098072650727e-18 -0.0085855914137703063 0.0070797034278588938 2.5105552049658078e-18 0.0074684089428570313 #
-960 coedge $-1 353261 -1 $-1 $985 $986 $939 $961 reversed $970 $987 #
-961 edge $988 353025 -1 $-1 $965 0.28576509640698866 $966 0.70942097225739653 $939 $989 reversed @7 unknown T -0.016598237315275391 -6.6351665328494306e-35 -0.0073925569746052791 -0.0032991186576376542 2.7755575615628914e-17 0.0062171920467967538 #
-962 coedge $-1 354180 -1 $-1 $972 $940 $986 $990 forward $944 $-1 #
-963 coedge $-1 354182 -1 $-1 $940 $972 $985 $991 forward $944 $-1 #
-964 string_attrib-name_attrib-gen-attrib $-1 -1 $-1 $-1 $941 2 1 1 1 1 1 1 1 1 1 1 1 1 1 0 1 1 1 @17 ATTRIB_XACIS_NAME @7 1:17894 #
-965 vertex $-1 354179 -1 $-1 $991 $992 #
-966 vertex $-1 354178 -1 $-1 $990 $993 #
-967 straight-curve $-1 -1 -1 $-1 -0.0032991186576376915 1.5087246935546144e-19 -0.00055256275477664368 -8.057081191323283e-33 4.081702296415982e-16 1 I I #
-968 string_attrib-name_attrib-gen-attrib $-1 -1 $-1 $-1 $943 2 1 1 1 1 1 1 1 1 1 1 1 1 1 0 1 1 1 @17 ATTRIB_XACIS_NAME @7 1:17600 #
-969 face $994 352927 -1 $-1 $995 $980 $4 $-1 $996 forward single T 0.0070797034278588661 -4.0422098072650727e-18 -0.0085855914137703063 0.0070797034278589008 0.0051600000000000049 0.0074684089428570313 T -0.0080971709269408582 0.0079568294296864812 0.024839999999999994 0.029999999999999999 #
-970 loop $-1 353202 -1 $-1 $-1 $997 $943 T -0.016598237315275391 -6.6351665328494306e-35 -0.0073925569746052799 -0.0032991186576376542 0.0051600000000000023 0.0062171920467967573 periphery $971 T #
-971 spline-surface $-1 -1 -1 $-1 forward { ref 4 } F 0.28576509640698866 F 0.70942097225739675 F -1.6479873021779667e-17 F 0.0051600000000000005 #
-972 coedge $-1 353246 -1 $-1 $963 $962 $998 $999 forward $944 $-1 #
-973 coedge $-1 353271 -1 $-1 $957 $956 $1000 $1001 reversed $897 $-1 #
-974 coedge $-1 353381 -1 $-1 $1002 $1003 $956 $975 reversed $1004 $1005 #
-975 edge $1006 353027 -1 $-1 $982 0.12974365006067734 $1007 0.27703209238311099 $974 $1008 reversed @7 unknown T -0.0027349247824982083 -4.4541497456035144e-35 -0.008585591413770308 0.0070797034278589138 6.9388939039072284e-18 -0.0075124504157892905 #
-976 coedge $-1 353384 -1 $-1 $1009 $1010 $957 $977 reversed $1011 $1012 #
-977 edge $1013 353029 -1 $-1 $1014 0.7178991242374575 $983 0.86560109359357784 $957 $1015 reversed @7 unknown T -0.0027349247824982083 -1.5187896709012523e-34 0.0063176042431978118 0.0070797034278588834 2.7755575615628914e-17 0.0074684089428570313 #
-978 coedge $-1 353098 -1 $-1 $1016 $958 $1010 $1017 forward $980 $-1 #
-979 coedge $-1 354091 -1 $-1 $958 $1016 $1002 $1018 forward $980 $-1 #
-980 loop $-1 353100 -1 $-1 $-1 $1016 $969 T 0.0070797034278588661 -4.0422098072650727e-18 -0.0085855914137703063 0.0070797034278589008 0.0051600000000000049 0.0074684089428570313 unknown #
-981 string_attrib-name_attrib-gen-attrib $-1 -1 $-1 $-1 $959 2 1 1 1 1 1 1 1 1 1 1 1 1 1 0 1 1 1 @17 ATTRIB_XACIS_NAME @7 1:17900 #
-982 vertex $-1 354087 -1 $-1 $1018 $1019 #
-983 vertex $-1 354078 -1 $-1 $977 $1020 #
-984 straight-curve $-1 -1 -1 $-1 0.0070797034278588921 -2.3920210430461442e-18 -0.0045426979237969956 4.8624987345743327e-16 -4.0817022964159825e-16 -1 I I #
-985 coedge $-1 354183 -1 $-1 $997 $960 $963 $991 reversed $970 $1021 #
-986 coedge $-1 354181 -1 $-1 $960 $997 $962 $990 reversed $970 $1022 #
-987 pcurve $-1 -1 -1 $-1 0 forward { exppc nubs 1 open 2 
	-2.8140297292319647 1 1.0779590238399819 1 
	2.8140297292319647 2.7755575615628914e-17 
	-1.0779590238399819 2.7755575615628914e-17 
	0 
	-1 
	spline reversed { ref 4 } I I I I 
	} 0 0 #
-988 string_attrib-name_attrib-gen-attrib $-1 -1 $-1 $-1 $961 2 1 1 1 1 1 1 1 1 1 1 1 1 1 0 1 1 1 @17 ATTRIB_XACIS_NAME @7 1:17897 #
-989 intcurve-curve $-1 -1 -1 $-1 reversed { exactcur full nubs 3 open 7 
	0.28576509640698866 3 0.36127635196199465 1 0.46945142820195473 1 0.5029950953784319 1 0.53653876255490895 1 
	0.63716976408434034 1 0.70942097225739653 3 
	-0.0032991186576376542 2.7755575615628914e-17 -0.0073925569746052791 
	-0.004921742788721652 2.7755575615628914e-17 -0.007034737752962119 
	-0.0087943973243673843 2.7755575615628914e-17 -0.0059026937698957432 
	-0.013103333406330221 2.7755575615628914e-17 -0.0035316237150253798 
	-0.016598237315275391 2.7755575615628914e-17 0.00018503852681811268 
	-0.013337314676454499 2.7755575615628914e-17 0.003590522563381604 
	-0.0087407452930551126 2.7755575615628914e-17 0.0050897000265362983 
	-0.0049019810689088471 2.7755575615628914e-17 0.0059252999996340823 
	-0.0032991186576376941 2.7755575615628914e-17 0.0062171920467967538 
	0 
	null_surface 
	null_surface 
	nullbs 
	nullbs 
	-1 
	-1 
	I I 
	0 
	0 
	5 0.36127635196199465 0.46945142820195473 0.5029950953784319 0.53653876255490895 0.63716976408434034 
	
	-1 
	none F F 1 F 0 } I I #
-990 edge $1023 353032 -1 $-1 $966 -6.6351665328494306e-35 $1024 0.0051600000000000023 $962 $1025 forward @7 unknown T -0.0032991186576376919 -6.6351665328494306e-35 0.006217192046796753 -0.003299118657637691 0.0051600000000000023 0.0062171920467967573 #
-991 edge $1026 353031 -1 $-1 $1027 -0.0051599999999999971 $965 -1.0812967765117923e-34 $963 $1028 forward @7 unknown T -0.003299118657637691 1.0812967765117923e-34 -0.0073925569746052799 -0.0032991186576376563 0.0051599999999999971 -0.0073925569746052695 #
-992 point $-1 -1 -1 $-1 -0.0032991186576376902 1.0812967765117923e-34 -0.0073925569746052695 #
-993 point $-1 -1 -1 $-1 -0.0032991186576376919 -6.6351665328494306e-35 0.006217192046796753 #
-994 string_attrib-name_attrib-gen-attrib $-1 -1 $-1 $-1 $969 2 1 1 1 1 1 1 1 1 1 1 1 1 1 0 1 1 1 @17 ATTRIB_XACIS_NAME @7 1:17603 #
-995 face $1029 352928 -1 $-1 $1030 $1004 $4 $-1 $1031 reversed single T -0.0027349247824982117 -6.940587969801737e-18 -0.008585591413770308 0.0070797034278589138 0.0051599999999999979 -0.0075124504157892888 T 0.12974365006067734 0.27703209238311111 9.9999999999961231e-06 0.0051700000000000001 #
-996 plane-surface $-1 -1 -1 $-1 0.0070797034278588878 0.029999999999999995 -0.00062876198408383811 -1 1.0058164623697433e-16 1.0291156174788994e-16 -1.0291156174788997e-16 -4.116462469915599e-16 -1 forward_v I I I I #
-997 coedge $-1 353245 -1 $-1 $986 $985 $1032 $1033 forward $970 $1034 #
-998 coedge $-1 353247 -1 $-1 $1032 $1032 $972 $999 reversed $1035 $-1 #
-999 edge $1036 353030 -1 $-1 $1024 -0.006769754801573406 $1027 0.0068399942198286243 $972 $1037 forward @7 unknown T -0.003299118657637691 0.0051599999999999953 -0.007392556974605273 -0.003299118657637691 0.0051600000000000023 0.0062171920467967573 #
-1000 coedge $-1 353270 -1 $-1 $1038 $1039 $973 $1001 forward $1040 $-1 #
-1001 edge $1041 353028 -1 $-1 $1014 -0.0068701669979744553 $1007 0.0069598876610126471 $1000 $1042 forward @7 unknown T -0.0027349247824982083 -2.7183202498989701e-18 -0.0075124504157892905 -0.0027349247824982078 2.9266963362156505e-18 0.0063176042431978118 #
-1002 coedge $-1 354090 -1 $-1 $1043 $974 $979 $1018 reversed $1004 $1044 #
-1003 coedge $-1 354088 -1 $-1 $974 $1043 $1038 $1045 reversed $1004 $1046 #
-1004 loop $-1 353199 -1 $-1 $-1 $1043 $995 T -0.0027349247824982117 -4.4541497456035144e-35 -0.008585591413770308 0.0070797034278589138 0.0051599999999999979 -0.0075124504157892888 periphery $1031 T #
-1005 pcurve $-1 -1 -1 $-1 0 forward { exppc nubs 1 open 2 
	-0.27703209238311099 1 -0.12974365006067734 1 
	0.27703209238311099 1.0000000000010001e-05 
	0.12974365006067734 1.0000000000010001e-05 
	1.0000000000000001e-05 
	-1 
	spline reversed { ref 2 } I I I I 
	} 0 0 #
-1006 string_attrib-name_attrib-gen-attrib $-1 -1 $-1 $-1 $975 2 1 1 1 1 1 1 1 1 1 1 1 1 1 0 1 1 1 @17 ATTRIB_XACIS_NAME @7 1:17903 #
-1007 vertex $-1 354086 -1 $-1 $1045 $1047 #
-1008 intcurve-curve $-1 -1 -1 $-1 reversed { exactcur full nubs 3 open 2 
	0.12974365006067734 3 0.27703209238311099 3 
	0.0070797034278589138 6.9388939039072284e-18 -0.008585591413770308 
	0.0037352477776716768 6.9388939039072284e-18 -0.0084217698985615264 
	0.0004436885613511481 6.9388939039072284e-18 -0.0081629136992152594 
	-0.0027349247824982013 6.9388939039072284e-18 -0.0075124504157892914 
	0 
	null_surface 
	null_surface 
	nullbs 
	nullbs 
	-1 
	-1 
	I I 
	0 
	0 
	0 
	
	-1 
	none F F 1 F 0 } I I #
-1009 coedge $-1 354081 -1 $-1 $1048 $976 $1039 $1049 reversed $1011 $1050 #
-1010 coedge $-1 353099 -1 $-1 $976 $1048 $978 $1017 reversed $1011 $1051 #
-1011 loop $-1 353096 -1 $-1 $-1 $1048 $1052 T -0.0027349247824982091 -1.5187896709012523e-34 0.0063176042431978118 0.0070797034278589008 0.0051600000000000023 0.0074684089428570313 periphery $1053 T #
-1012 pcurve $-1 -1 -1 $-1 0 forward { exppc nubs 1 open 2 
	-2.8140297292319647 1 1.0779590238399819 1 
	2.8140297292319647 2.7755575615628914e-17 
	-1.0779590238399819 2.7755575615628914e-17 
	0 
	-1 
	spline reversed { ref 4 } I I I I 
	} 0 0 #
-1013 string_attrib-name_attrib-gen-attrib $-1 -1 $-1 $-1 $977 2 1 1 1 1 1 1 1 1 1 1 1 1 1 0 1 1 1 @17 ATTRIB_XACIS_NAME @7 1:17909 #
-1014 vertex $-1 354079 -1 $-1 $977 $1054 #
-1015 intcurve-curve $-1 -1 -1 $-1 reversed { exactcur full nubs 3 open 2 
	0.7178991242374575 3 0.86560109359357784 3 
	-0.0027349247824982083 2.7755575615628914e-17 0.0063176042431978136 
	0.00054110281572363763 2.7755575615628914e-17 0.0068872639533415101 
	0.0038113375768164641 2.7755575615628914e-17 0.0072252239460199267 
	0.0070797034278588531 2.7755575615628914e-17 0.0074684089428570296 
	0 
	null_surface 
	null_surface 
	nullbs 
	nullbs 
	-1 
	-1 
	I I 
	0 
	0 
	0 
	
	-1 
	none F F 1 F 0 } I I #
-1016 coedge $-1 353105 -1 $-1 $979 $978 $1055 $1056 forward $980 $-1 #
-1017 edge $1057 353036 -1 $-1 $983 -1.5187896709012523e-34 $1058 0.0051600000000000023 $978 $1059 forward @7 unknown T 0.0070797034278588661 -1.5187896709012523e-34 0.0074684089428570313 0.0070797034278589008 0.0051600000000000023 0.0074684089428570313 #
-1018 edge $1060 353035 -1 $-1 $1061 0.012040000000000004 $982 0.0172 $1002 $291 reversed @7 unknown T 0.0070797034278588834 -2.5171037734082667e-35 -0.0085855914137703063 0.0070797034278588938 0.0051599999999999962 -0.0085855914137703063 #
-1019 point $-1 -1 -1 $-1 0.0070797034278588834 -2.5171037734082667e-35 -0.0085855914137703063 #
-1020 point $-1 -1 -1 $-1 0.0070797034278588834 -1.5187896709012523e-34 0.0074684089428570313 #
-1021 pcurve $-1 -1 -1 $-1 0 reversed { exppc nubs 1 open 2 
	-0.17117052232624408 1 0.16879752232624406 1 
	0.28576509640698866 0.17117052232624408 
	0.28576509640698866 -0.16879752232624406 
	1.0000000000000001e-05 
	-1 
	spline reversed { ref 4 } I I I I 
	} 0 0 #
-1022 pcurve $-1 -1 -1 $-1 0 reversed { exppc nubs 1 open 2 
	-0.16879752232624406 1 0.17117052232624408 1 
	0.70942097225739653 -0.16879752232624406 
	0.70942097225739653 0.17117052232624408 
	1.0000000000000001e-05 
	-1 
	spline reversed { ref 4 } I I I I 
	} 0 0 #
-1023 string_attrib-name_attrib-gen-attrib $-1 -1 $-1 $-1 $990 2 1 1 1 1 1 1 1 1 1 1 1 1 1 0 1 1 1 @17 ATTRIB_XACIS_NAME @7 1:17918 #
-1024 vertex $-1 354177 -1 $-1 $1033 $1062 #
-1025 straight-curve $-1 -1 -1 $-1 -0.003299118657637691 0 0.0062171920467967573 0 1 0 F -0.16879752232624406 F 0.17117052232624408 #
-1026 string_attrib-name_attrib-gen-attrib $-1 -1 $-1 $-1 $991 2 1 1 1 1 1 1 1 1 1 1 1 1 1 0 1 1 1 @17 ATTRIB_XACIS_NAME @7 1:17915 #
-1027 vertex $-1 354176 -1 $-1 $1033 $1063 #
-1028 straight-curve $-1 -1 -1 $-1 -0.0032991186576376563 0 -0.0073925569746052799 -0 -1 -0 F -0.17117052232624408 F 0.16879752232624406 #
-1029 string_attrib-name_attrib-gen-attrib $-1 -1 $-1 $-1 $995 2 1 1 1 1 1 1 1 1 1 1 1 1 1 0 1 1 1 @17 ATTRIB_XACIS_NAME @7 1:17606 #
-1030 face $1064 352929 -1 $-1 $1052 $1040 $4 $-1 $1065 forward single T -0.0027349247824982117 -2.7183202498989701e-18 -0.0075124504157892905 -0.0027349247824981909 0.0051600000000000023 0.0063176042431978136 T -0.0069071293400596945 0.0069229253189274122 0.024840000000000001 0.030000000000000002 #
-1031 spline-surface $-1 -1 -1 $-1 forward { ref 2 } F 0.12974365006067734 F 0.27703209238311111 F 9.9999999999961231e-06 F 0.0051700000000000001 #
-1032 coedge $-1 353244 -1 $-1 $998 $998 $997 $1033 reversed $1035 $-1 #
-1033 edge $1066 353033 -1 $-1 $1027 0.28576509640698866 $1024 0.70942097225739653 $1032 $1067 reversed @7 unknown T -0.016598237315275391 0.0051599999999999702 -0.0073925569746052791 -0.0032991186576376542 0.0051600000000000023 0.0062171920467967573 #
-1034 pcurve $-1 -1 -1 $-1 0 reversed { exppc nubs 1 open 2 
	-2.8140297292319647 1 1.0779590238399819 1 
	2.8140297292319647 0.0051599999999999702 
	-1.0779590238399819 0.0051599999999999702 
	0 
	-1 
	spline reversed { ref 4 } I I I I 
	} 0 0 #
-1035 loop $-1 353189 -1 $-1 $-1 $1032 $1068 T -0.016598237315275391 0.0051599999999999702 -0.0073925569746052791 -0.0032991186576376542 0.0051600000000000023 0.0062171920467967573 periphery $1069 F #
-1036 string_attrib-name_attrib-gen-attrib $-1 -1 $-1 $-1 $999 2 1 1 1 1 1 1 1 1 1 1 1 1 1 0 1 1 1 @17 ATTRIB_XACIS_NAME @7 1:17912 #
-1037 straight-curve $-1 -1 -1 $-1 -0.003299118657637691 0.0051599999999999979 -0.00055256275477664899 8.057081191323283e-33 -4.081702296415982e-16 -1 I I #
-1038 coedge $-1 354089 -1 $-1 $1070 $1000 $1003 $1045 forward $1040 $-1 #
-1039 coedge $-1 354080 -1 $-1 $1000 $1070 $1009 $1049 forward $1040 $-1 #
-1040 loop $-1 353198 -1 $-1 $-1 $1070 $1030 T -0.0027349247824982117 -2.7183202498989701e-18 -0.0075124504157892905 -0.0027349247824981909 0.0051600000000000023 0.0063176042431978136 periphery $1065 F #
-1041 string_attrib-name_attrib-gen-attrib $-1 -1 $-1 $-1 $1001 2 1 1 1 1 1 1 1 1 1 1 1 1 1 0 1 1 1 @17 ATTRIB_XACIS_NAME @7 1:17906 #
-1042 straight-curve $-1 -1 -1 $-1 -0.0027349247824982078 1.2249869497628785e-19 -0.00055256275477664368 8.057081191323283e-33 -4.081702296415982e-16 -1 I I #
-1043 coedge $-1 354084 -1 $-1 $1003 $1002 $1071 $1072 forward $1004 $1073 #
-1044 pcurve $-1 -1 -1 $-1 0 forward { exppc nubs 1 open 2 
	-0.0172 1 0.012799999999999992 1 
	0.12974365006067767 9.9999999999961231e-06 
	0.12974365006067767 0.030009999999999995 
	1.0000000000000001e-05 
	-1 
	spline reversed { ref 2 } I I I I 
	} 0 0 #
-1045 edge $1074 353038 -1 $-1 $1007 -0.0172 $1075 -0.012040000000000004 $1003 $288 forward @7 unknown T -0.0027349247824982117 -4.4541497456035144e-35 -0.0075124504157892905 -0.0027349247824982083 0.0051599999999999962 -0.0075124504157892888 #
-1046 pcurve $-1 -1 -1 $-1 0 forward { exppc nubs 1 open 2 
	-0.012799999999999999 1 0.0172 1 
	0.27703209238311111 0.030009999999999995 
	0.27703209238311111 9.9999999999961231e-06 
	1.0000000000000001e-05 
	-1 
	spline reversed { ref 2 } I I I I 
	} 0 0 #
-1047 point $-1 -1 -1 $-1 -0.0027349247824982083 -4.4541497456035144e-35 -0.0075124504157892905 #
-1048 coedge $-1 353095 -1 $-1 $1010 $1009 $1076 $1077 forward $1011 $1078 #
-1049 edge $1079 353040 -1 $-1 $1080 -0.0051600000000000023 $1014 9.2116171111671104e-37 $1039 $1081 forward @7 unknown T -0.0027349247824982078 -9.2116171111671104e-37 0.0063176042431978118 -0.0027349247824981909 0.0051600000000000023 0.0063176042431978136 #
-1050 pcurve $-1 -1 -1 $-1 0 reversed { exppc nubs 1 open 2 
	-0.17117052232624408 1 0.16879752232624406 1 
	0.71789912423745772 0.17117052232624408 
	0.71789912423745772 -0.16879752232624406 
	1.0000000000000001e-05 
	-1 
	spline reversed { ref 4 } I I I I 
	} 0 0 #
-1051 pcurve $-1 -1 -1 $-1 0 reversed { exppc nubs 1 open 2 
	-0.16879752232624406 1 0.17117052232624408 1 
	0.86560109359357806 -0.16879752232624406 
	0.86560109359357806 0.17117052232624408 
	1.0000000000000001e-05 
	-1 
	spline reversed { ref 4 } I I I I 
	} 0 0 #
-1052 face $1082 352930 -1 $-1 $1068 $1011 $4 $-1 $1053 reversed single T -0.0027349247824982091 -1.6479873021779667e-17 0.0063176042431978118 0.0070797034278589008 0.0051600000000000023 0.0074684089428570322 T 0.7178991242374575 0.86560109359357829 -1.6479873021779667e-17 0.0051600000000000005 #
-1053 spline-surface $-1 -1 -1 $-1 forward { ref 4 } F 0.7178991242374575 F 0.86560109359357829 F -1.6479873021779667e-17 F 0.0051600000000000005 #
-1054 point $-1 -1 -1 $-1 -0.0027349247824982078 -9.2116171111671104e-37 0.0063176042431978118 #
-1055 coedge $-1 353106 -1 $-1 $1076 $1071 $1016 $1056 reversed $1083 $-1 #
-1056 edge $1084 353034 -1 $-1 $1058 -0.0080326921518107941 $1061 0.0080213082048165435 $1016 $1085 forward @7 unknown T 0.0070797034278588843 0.0051599999999999962 -0.0085855914137703063 0.0070797034278589008 0.0051600000000000049 0.0074684089428570313 #
-1057 string_attrib-name_attrib-gen-attrib $-1 -1 $-1 $-1 $1017 2 1 1 1 1 1 1 1 1 1 1 1 1 1 0 1 1 1 @17 ATTRIB_XACIS_NAME @7 1:17930 #
-1058 vertex $-1 354077 -1 $-1 $1077 $1086 #
-1059 straight-curve $-1 -1 -1 $-1 0.0070797034278588661 0 0.0074684089428570313 0 1 0 F -0.16879752232624406 F 0.17117052232624408 #
-1060 string_attrib-name_attrib-gen-attrib $-1 -1 $-1 $-1 $1018 2 1 1 1 1 1 1 1 1 1 1 1 1 1 0 1 1 1 @17 ATTRIB_XACIS_NAME @7 1:17927 #
-1061 vertex $-1 354083 -1 $-1 $1018 $1087 #
-1062 point $-1 -1 -1 $-1 -0.003299118657637691 0.0051600000000000023 0.0062171920467967573 #
-1063 point $-1 -1 -1 $-1 -0.003299118657637691 0.0051599999999999971 -0.007392556974605273 #
-1064 string_attrib-name_attrib-gen-attrib $-1 -1 $-1 $-1 $1030 2 1 1 1 1 1 1 1 1 1 1 1 1 1 0 1 1 1 @17 ATTRIB_XACIS_NAME @7 1:17609 #
-1065 plane-surface $-1 -1 -1 $-1 -0.0027349247824982048 0.029999999999999999 -0.00060532107572961076 1 -1.0058164623697429e-16 4.9111514833599071e-32 0 4.8827511450638243e-16 1 forward_v I I I I #
-1066 string_attrib-name_attrib-gen-attrib $-1 -1 $-1 $-1 $1033 2 1 1 1 1 1 1 1 1 1 1 1 1 1 0 1 1 1 @17 ATTRIB_XACIS_NAME @7 1:17921 #
-1067 intcurve-curve $-1 -1 -1 $-1 reversed { exactcur full nubs 3 open 7 
	0.28576509640698866 3 0.36127635196199465 1 0.46945142820195473 1 0.5029950953784319 1 0.53653876255490895 1 
	0.63716976408434034 1 0.70942097225739653 3 
	-0.0032991186576376542 0.0051599999999999702 -0.0073925569746052791 
	-0.004921742788721652 0.0051599999999999702 -0.007034737752962119 
	-0.0087943973243673843 0.0051599999999999702 -0.0059026937698957432 
	-0.013103333406330221 0.0051599999999999702 -0.0035316237150253798 
	-0.016598237315275391 0.0051599999999999702 0.00018503852681811268 
	-0.013337314676454499 0.0051599999999999702 0.003590522563381604 
	-0.0087407452930551126 0.0051599999999999702 0.0050897000265362983 
	-0.0049019810689088471 0.0051599999999999702 0.0059252999996340823 
	-0.0032991186576376941 0.0051599999999999702 0.0062171920467967538 
	0 
	null_surface 
	null_surface 
	nullbs 
	nullbs 
	-1 
	-1 
	I I 
	0 
	0 
	5 0.36127635196199465 0.46945142820195473 0.5029950953784319 0.53653876255490895 0.63716976408434034 
	
	-1 
	none F F 1 F 0 } I I #
-1068 face $1088 352931 -1 $-1 $1089 $1035 $4 $-1 $1069 forward single T -0.016598237315275391 0.0051599999999999702 -0.0073925569746052791 -0.0032991186576376542 0.0051600000000000023 0.0062171920467967573 T -0.0067169964806204543 0.0068927525407815821 -0.016299118657637696 -0.0029999999999999593 #
-1069 plane-surface $-1 -1 -1 $-1 -0.00029911865763769486 0.0051599999999999997 -0.00049980443382369752 -1.0058164623697429e-16 -1 4.081702296415982e-16 -0 -4.081702296415982e-16 -1 forward_v I I I I #
-1070 coedge $-1 353236 -1 $-1 $1039 $1038 $1090 $1091 forward $1040 $-1 #
-1071 coedge $-1 354085 -1 $-1 $1055 $1090 $1043 $1072 reversed $1083 $-1 #
-1072 edge $1092 353037 -1 $-1 $1061 0.12974365006067734 $1075 0.27703209238311099 $1043 $1093 forward @7 unknown T -0.0027349247824982117 0.0051599999999999962 -0.008585591413770308 0.0070797034278589129 0.0051599999999999979 -0.0075124504157892888 #
-1073 pcurve $-1 -1 -1 $-1 0 forward { exppc nubs 1 open 2 
	0.12974365006067734 1 0.27703209238311111 1 
	0.12974365006067734 0.0051700000000000001 
	0.27703209238311111 0.0051700000000000001 
	0 
	-1 
	spline reversed { ref 2 } F 0.12974365006067734 F 0.27703209238311111 F 9.9999999999961231e-06 F 0.01354 
	} 0 0 #
-1074 string_attrib-name_attrib-gen-attrib $-1 -1 $-1 $-1 $1045 2 1 1 1 1 1 1 1 1 1 1 1 1 1 0 1 1 1 @17 ATTRIB_XACIS_NAME @7 1:17936 #
-1075 vertex $-1 354082 -1 $-1 $1045 $1094 #
-1076 coedge $-1 353094 -1 $-1 $1090 $1055 $1048 $1077 reversed $1083 $-1 #
-1077 edge $1095 353041 -1 $-1 $1080 0.7178991242374575 $1058 0.86560109359357817 $1076 $1096 reversed @7 unknown T -0.0027349247824982091 0.0051599999999999702 0.0063176042431978136 0.0070797034278589008 0.0051600000000000023 0.0074684089428570313 #
-1078 pcurve $-1 -1 -1 $-1 0 reversed { exppc nubs 1 open 2 
	-2.8140297292319647 1 1.0779590238399819 1 
	2.8140297292319647 0.0051599999999999702 
	-1.0779590238399819 0.0051599999999999702 
	0 
	-1 
	spline reversed { ref 4 } I I I I 
	} 0 0 #
-1079 string_attrib-name_attrib-gen-attrib $-1 -1 $-1 $-1 $1049 2 1 1 1 1 1 1 1 1 1 1 1 1 1 0 1 1 1 @17 ATTRIB_XACIS_NAME @7 1:17942 #
-1080 vertex $-1 354076 -1 $-1 $1077 $1097 #
-1081 straight-curve $-1 -1 -1 $-1 -0.0027349247824981909 0 0.0063176042431978136 -0 -1 -0 F -0.17117052232624408 F 0.16879752232624406 #
-1082 string_attrib-name_attrib-gen-attrib $-1 -1 $-1 $-1 $1052 2 1 1 1 1 1 1 1 1 1 1 1 1 1 0 1 1 1 @17 ATTRIB_XACIS_NAME @7 1:17612 #
-1083 loop $-1 353097 -1 $-1 $-1 $1076 $1089 T -0.0027349247824982117 0.0051599999999999702 -0.008585591413770308 0.0070797034278589129 0.0051600000000000049 0.0074684089428570313 periphery $1098 F #
-1084 string_attrib-name_attrib-gen-attrib $-1 -1 $-1 $-1 $1056 2 1 1 1 1 1 1 1 1 1 1 1 1 1 0 1 1 1 @17 ATTRIB_XACIS_NAME @7 1:17924 #
-1085 straight-curve $-1 -1 -1 $-1 0.0070797034278588852 0.0051600000000000014 -0.0005642832089537631 -1.0291156174788997e-16 -4.081702296415982e-16 -1 I I #
-1086 point $-1 -1 -1 $-1 0.0070797034278589008 0.0051600000000000023 0.0074684089428570313 #
-1087 point $-1 -1 -1 $-1 0.0070797034278588938 0.0051599999999999962 -0.0085855914137703063 #
-1088 string_attrib-name_attrib-gen-attrib $-1 -1 $-1 $-1 $1068 2 1 1 1 1 1 1 1 1 1 1 1 1 1 0 1 1 1 @17 ATTRIB_XACIS_NAME @7 1:17615 #
-1089 face $1099 352932 -1 $-1 $223 $1083 $4 $-1 $1098 forward single T -0.0027349247824982117 0.0051599999999999702 -0.008585591413770308 0.0070797034278589129 0.0051600000000000049 0.0074684089428570313 T -0.0079682133766807283 0.008085786979946611 -0.0024358061248605143 0.0073788220854966073 #
-1090 coedge $-1 353237 -1 $-1 $1071 $1076 $1070 $1091 reversed $1083 $-1 #
-1091 edge $1100 353039 -1 $-1 $1075 -0.0069598876610126401 $1080 0.0068701669979744622 $1070 $1101 forward @7 unknown T -0.0027349247824982117 0.0051599999999999953 -0.0075124504157892888 -0.0027349247824982048 0.0051600000000000023 0.0063176042431978136 #
-1092 string_attrib-name_attrib-gen-attrib $-1 -1 $-1 $-1 $1072 2 1 1 1 1 1 1 1 1 1 1 1 1 1 0 1 1 1 @17 ATTRIB_XACIS_NAME @7 1:17933 #
-1093 intcurve-curve $-1 -1 -1 $-1 forward { exactcur full nubs 3 open 7 
	-0.5 3 0.36127635196199465 1 0.46945142820195473 1 0.5029950953784319 1 0.53653876255490895 1 
	0.63716976408434034 1 1.5 3 
	0.048185636730217786 0.0051599999999999971 -0.028655160204026586 
	0.032402855044638211 0.0051599999999999971 -0.0007466600497195823 
	0.0067919010316905898 0.0051599999999999971 -0.014479336494540123 
	-0.013103333406330221 0.0051599999999999971 -0.0035316237150253798 
	-0.016598237315275391 0.0051599999999999971 0.00018503852681811268 
	-0.013337314676454499 0.0051599999999999971 0.003590522563381604 
	0.0088634010912183609 0.0051599999999999971 0.010831316722825782 
	0.029979447022184136 0.0051599999999999971 0.0047853919256121633 
	0.049401342093241658 0.0051599999999999971 0.016206191774500986 
	0 
	null_surface 
	null_surface 
	nullbs 
	nullbs 
	-1 
	-1 
	I I 
	0 
	0 
	5 0.36127635196199465 0.46945142820195473 0.5029950953784319 0.53653876255490895 0.63716976408434034 
	
	-1 
	none F F 1 F 0 } F 0.12974365006067734 F 0.27703209238311111 #
-1094 point $-1 -1 -1 $-1 -0.0027349247824982117 0.0051599999999999962 -0.0075124504157892888 #
-1095 string_attrib-name_attrib-gen-attrib $-1 -1 $-1 $-1 $1077 2 1 1 1 1 1 1 1 1 1 1 1 1 1 0 1 1 1 @17 ATTRIB_XACIS_NAME @7 1:17945 #
-1096 intcurve-curve $-1 -1 -1 $-1 reversed { exactcur full nubs 3 open 2 
	0.7178991242374575 3 0.86560109359357817 3 
	-0.0027349247824982091 0.0051599999999999702 0.0063176042431978136 
	0.00054110281572364435 0.0051599999999999702 0.0068872639533415119 
	0.0038113375768164788 0.0051599999999999702 0.0072252239460199293 
	0.0070797034278588748 0.0051599999999999702 0.0074684089428570313 
	0 
	null_surface 
	null_surface 
	nullbs 
	nullbs 
	-1 
	-1 
	I I 
	0 
	0 
	0 
	
	-1 
	none F F 1 F 0 } I I #
-1097 point $-1 -1 -1 $-1 -0.0027349247824982048 0.0051600000000000023 0.0063176042431978136 #
-1098 plane-surface $-1 -1 -1 $-1 -0.00029911865763769486 0.0051599999999999997 -0.00049980443382369752 -1.0058164623697429e-16 -1 4.081702296415982e-16 -0 -4.081702296415982e-16 -1 forward_v I I I I #
-1099 string_attrib-name_attrib-gen-attrib $-1 -1 $-1 $-1 $1089 2 1 1 1 1 1 1 1 1 1 1 1 1 1 0 1 1 1 @17 ATTRIB_XACIS_NAME @7 1:17618 #
-1100 string_attrib-name_attrib-gen-attrib $-1 -1 $-1 $-1 $1091 2 1 1 1 1 1 1 1 1 1 1 1 1 1 0 1 1 1 @17 ATTRIB_XACIS_NAME @7 1:17939 #
-1101 straight-curve $-1 -1 -1 $-1 -0.0027349247824982074 0.0051599999999999979 -0.00055256275477664899 -8.057081191323283e-33 4.081702296415982e-16 1 I I #
End-of-ACIS-data 